Order_ID,Order_Date,Customer_ID,Segment,Region,Ship_Mode,order_revenue
CA-2015-100006,2015-09-07,DK-13375,Consumer,East,Standard Class,37797
CA-2015-100090,2015-07-08,EB-13705,Corporate,West,Standard Class,699192
CA-2015-100293,2015-03-14,NF-18475,Home Office,South,Standard Class,91056
CA-2015-100328,2015-01-28,JC-15340,Consumer,East,Standard Class,3928
CA-2015-100363,2015-04-08,JM-15655,Corporate,West,Standard Class,21376
CA-2015-100391,2015-05-25,BW-11065,Consumer,East,Standard Class,1462
CA-2015-100678,2015-04-18,KM-16720,Consumer,Central,Standard Class,697074
CA-2015-100706,2015-12-16,LE-16810,Consumer,South,Second Class,12944
CA-2015-100762,2015-11-24,NG-18355,Corporate,Central,Standard Class,50862
CA-2015-100860,2015-03-26,CS-12505,Consumer,West,Second Class,1875
CA-2015-100867,2015-10-19,EH-14125,Home Office,West,Standard Class,321552
CA-2015-100881,2015-03-28,DR-12940,Home Office,West,Standard Class,302376
CA-2015-100895,2015-06-02,SV-20785,Consumer,South,Standard Class,60547
CA-2015-100916,2015-10-21,FH-14275,Corporate,South,Standard Class,61363
CA-2015-100972,2015-11-19,DB-13360,Home Office,West,Second Class,16644
CA-2015-101147,2015-12-02,MC-17575,Consumer,Central,First Class,2394
CA-2015-101175,2015-12-09,DM-12955,Corporate,West,Standard Class,100704
CA-2015-101266,2015-08-27,MM-17920,Consumer,South,Second Class,1336
CA-2015-101364,2015-12-22,TW-21025,Home Office,East,Standard Class,296712
CA-2015-101392,2015-12-07,AS-10630,Home Office,West,Standard Class,26936
CA-2015-101427,2015-12-26,AY-10555,Corporate,East,Standard Class,8016
CA-2015-101462,2015-04-20,BP-11230,Consumer,West,Standard Class,5992
CA-2015-101476,2015-09-12,SD-20485,Home Office,East,First Class,6999
CA-2015-101560,2015-11-28,CS-12250,Corporate,South,Second Class,18450
CA-2015-101602,2015-12-15,MC-18100,Consumer,Central,First Class,80396
CA-2015-101770,2015-03-31,KB-16240,Corporate,South,Standard Class,1869
CA-2015-101833,2015-11-17,FG-14260,Home Office,East,Second Class,3444
CA-2015-101931,2015-10-28,TS-21370,Corporate,West,First Class,674298
CA-2015-102008,2015-09-30,RA-19915,Consumer,East,Standard Class,4894
CA-2015-102085,2015-10-04,JD-16015,Consumer,West,Standard Class,2924
CA-2015-102274,2015-11-21,DH-13075,Corporate,South,Standard Class,29931
CA-2015-102295,2015-11-24,EH-13990,Consumer,West,Second Class,120712
CA-2015-102330,2015-12-29,AI-10855,Consumer,West,Standard Class,320856
CA-2015-102645,2015-01-23,IM-15055,Consumer,West,Standard Class,4008
CA-2015-102652,2015-04-06,AY-10555,Corporate,West,Standard Class,19999
CA-2015-102673,2015-11-01,KH-16630,Corporate,South,Standard Class,156716
CA-2015-102869,2015-09-09,LC-17140,Consumer,East,Second Class,233244
CA-2015-102988,2015-04-05,GM-14695,Corporate,South,Second Class,425192
CA-2015-103058,2015-07-23,AG-10270,Consumer,East,First Class,9998
CA-2015-103086,2015-10-17,EB-14170,Consumer,Central,Second Class,5312
CA-2015-103100,2015-12-20,AB-10105,Consumer,Central,First Class,110766
CA-2015-103191,2015-09-22,VG-21805,Corporate,Central,Standard Class,331536
CA-2015-103219,2015-11-09,BF-11215,Home Office,East,Standard Class,5652
CA-2015-103310,2015-05-10,GM-14680,Consumer,West,Standard Class,266316
CA-2015-103317,2015-07-05,DM-13525,Corporate,South,First Class,216149
CA-2015-103331,2015-08-26,KB-16315,Consumer,East,Standard Class,3140
CA-2015-103366,2015-01-15,EH-13990,Consumer,South,First Class,14995
CA-2015-103373,2015-05-18,BS-11755,Consumer,East,Standard Class,779796
CA-2015-103401,2015-11-21,GR-14560,Corporate,West,Standard Class,1296
CA-2015-103429,2015-05-30,LW-16825,Corporate,East,First Class,53639
CA-2015-103492,2015-10-10,CM-12715,Corporate,Central,Standard Class,1477992
CA-2015-103527,2015-09-09,CC-12220,Consumer,Central,Second Class,10896
CA-2015-103590,2015-11-30,JL-15505,Consumer,East,Standard Class,6228
CA-2015-103660,2015-08-25,MW-18220,Consumer,West,Standard Class,1007944
CA-2015-103702,2015-09-12,AF-10885,Consumer,East,Standard Class,63924
CA-2015-103744,2015-02-23,MG-17875,Home Office,Central,Standard Class,11364
CA-2015-103800,2015-01-03,DP-13000,Consumer,Central,Standard Class,16448
CA-2015-103807,2015-12-02,EM-13825,Corporate,South,Standard Class,2119
CA-2015-103849,2015-05-11,PG-18895,Consumer,Central,Standard Class,225016
CA-2015-103940,2015-09-17,BN-11515,Consumer,West,Standard Class,26079
CA-2015-103989,2015-03-19,MC-17605,Corporate,South,First Class,383789
CA-2015-104178,2015-08-25,JM-15265,Corporate,West,Standard Class,9055
CA-2015-104269,2015-03-01,DB-13060,Consumer,West,Second Class,457568
CA-2015-104283,2015-06-27,LM-17065,Consumer,South,Standard Class,34056
CA-2015-104402,2015-06-17,DB-13660,Consumer,East,Standard Class,6597
CA-2015-104472,2015-06-02,CK-12325,Home Office,West,Standard Class,67140
CA-2015-104563,2015-03-07,CM-12715,Corporate,West,Standard Class,922386
CA-2015-104738,2015-12-30,SP-20620,Corporate,Central,Second Class,609614
CA-2015-104773,2015-12-08,TB-21175,Corporate,Central,Standard Class,60416
CA-2015-104780,2015-05-21,BT-11530,Home Office,West,Standard Class,3184
CA-2015-104808,2015-02-04,MH-17440,Corporate,West,Second Class,17248
CA-2015-104829,2015-11-18,JG-15805,Corporate,West,Second Class,2198
CA-2015-104976,2015-12-09,CK-12760,Corporate,West,Standard Class,3468
CA-2015-105165,2015-09-07,SZ-20035,Home Office,Central,First Class,466415
CA-2015-105172,2015-04-04,PK-18910,Home Office,West,Standard Class,189
CA-2015-105249,2015-11-28,DH-13675,Home Office,West,Same Day,412482
CA-2015-105270,2015-11-11,AP-10915,Consumer,West,Standard Class,115696
CA-2015-105340,2015-11-22,EH-14185,Consumer,Central,First Class,6928
CA-2015-105417,2015-01-07,VS-21820,Consumer,Central,Standard Class,77771
CA-2015-105648,2015-03-03,EJ-14155,Consumer,West,Standard Class,626352
CA-2015-105872,2015-05-30,JG-15160,Consumer,East,Standard Class,70368
CA-2015-105893,2015-11-11,PK-19075,Consumer,Central,Standard Class,66588
CA-2015-105984,2015-11-24,MY-18295,Corporate,East,Same Day,716055
CA-2015-106054,2015-01-06,JO-15145,Corporate,South,First Class,1278
CA-2015-106229,2015-06-07,NR-18550,Consumer,Central,Second Class,268935
CA-2015-106264,2015-12-26,CK-12595,Consumer,West,Standard Class,1539
CA-2015-106376,2015-12-05,BS-11590,Corporate,West,Standard Class,1280992
CA-2015-106439,2015-10-31,GG-14650,Corporate,West,Standard Class,257021
CA-2015-106572,2015-09-05,NP-18700,Consumer,East,Standard Class,26432
CA-2015-106719,2015-08-24,RB-19645,Corporate,West,Same Day,8288
CA-2015-106726,2015-12-06,RS-19765,Corporate,West,First Class,126133
CA-2015-106803,2015-12-29,DC-13285,Consumer,Central,Standard Class,3654
CA-2015-106810,2015-05-14,AJ-10795,Corporate,South,Standard Class,31088
CA-2015-106971,2015-09-02,BM-11785,Consumer,Central,Standard Class,475944
CA-2015-107139,2015-07-05,DP-13390,Home Office,West,Standard Class,18096
CA-2015-107153,2015-09-28,GZ-14545,Corporate,East,Standard Class,4626
CA-2015-107181,2015-02-04,DB-13270,Home Office,West,Standard Class,86320
CA-2015-107398,2015-08-25,BS-11590,Corporate,East,Standard Class,30246
CA-2015-107454,2015-11-02,RD-19720,Consumer,East,Standard Class,12420
CA-2015-107524,2015-03-02,KN-16705,Home Office,East,Standard Class,1500
CA-2015-107573,2015-12-12,PB-19150,Consumer,South,Standard Class,23472
CA-2015-107594,2015-07-02,EH-13945,Consumer,East,Standard Class,7956
CA-2015-107706,2015-02-14,ST-20530,Consumer,Central,Second Class,16176
CA-2015-107755,2015-02-07,CK-12760,Corporate,East,Standard Class,11536
CA-2015-107769,2015-10-28,BT-11395,Corporate,Central,Standard Class,25798
CA-2015-107811,2015-04-29,LA-16780,Corporate,South,Standard Class,571576
CA-2015-107818,2015-09-08,MC-17275,Consumer,West,Standard Class,177152
CA-2015-107916,2015-08-24,JP-15460,Corporate,East,First Class,14000
CA-2015-108147,2015-06-08,RD-19480,Consumer,East,Standard Class,174536
CA-2015-108182,2015-02-06,DL-13315,Consumer,Central,Second Class,8952
CA-2015-108189,2015-10-02,ES-14080,Corporate,West,First Class,262660
CA-2015-108273,2015-12-16,EJ-13720,Consumer,Central,Standard Class,92856
CA-2015-108609,2015-10-31,AJ-10780,Corporate,East,Second Class,1421664
CA-2015-108707,2015-10-24,DB-12910,Home Office,South,Standard Class,10368
CA-2015-108861,2015-05-28,MM-17260,Consumer,West,Standard Class,13696
CA-2015-108903,2015-10-03,DO-13435,Consumer,East,Same Day,199920
CA-2015-109043,2015-08-15,CS-12355,Consumer,South,First Class,24360
CA-2015-109127,2015-12-21,JC-15775,Consumer,East,Standard Class,1728
CA-2015-109134,2015-11-05,DE-13255,Home Office,West,Standard Class,2004
CA-2015-109218,2015-06-30,AR-10825,Corporate,West,Second Class,324
CA-2015-109232,2015-01-13,ND-18370,Consumer,South,Second Class,54594
CA-2015-109302,2015-08-12,CS-12175,Corporate,East,Standard Class,19621
CA-2015-109491,2015-02-20,LC-16930,Corporate,Central,Standard Class,8263
CA-2015-109680,2015-10-06,VP-21760,Corporate,Central,First Class,38634
CA-2015-109855,2015-09-01,LH-16900,Consumer,East,Standard Class,24101
CA-2015-109890,2015-07-21,PG-18820,Consumer,Central,Standard Class,3598
CA-2015-109897,2015-08-12,BW-11200,Consumer,West,Standard Class,814880
CA-2015-109904,2015-07-14,BF-10975,Corporate,East,Second Class,1794
CA-2015-109918,2015-09-07,LR-17035,Corporate,West,Second Class,13184
CA-2015-109932,2015-12-09,VP-21760,Corporate,Central,First Class,247784
CA-2015-110030,2015-12-06,LF-17185,Consumer,Central,Second Class,23976
CA-2015-110065,2015-08-05,SP-20650,Corporate,East,Standard Class,15195
CA-2015-110072,2015-10-22,MG-17680,Home Office,East,Standard Class,93888
CA-2015-110100,2015-04-25,LC-16885,Consumer,South,Standard Class,302376
CA-2015-110184,2015-07-12,BF-11170,Home Office,West,Standard Class,280911
CA-2015-110219,2015-05-05,EB-13870,Consumer,Central,First Class,127869
CA-2015-110352,2015-11-23,ED-13885,Home Office,Central,Standard Class,2368
CA-2015-110408,2015-10-18,AS-10225,Corporate,South,Second Class,221680
CA-2015-110527,2015-08-09,ED-13885,Home Office,West,Standard Class,2088
CA-2015-110555,2015-04-11,MM-18055,Consumer,West,Standard Class,136036
CA-2015-110611,2015-10-06,JD-16015,Consumer,East,Standard Class,8392
CA-2015-110639,2015-08-23,RH-19495,Consumer,East,Same Day,7184
CA-2015-110786,2015-12-29,AJ-10795,Corporate,West,Standard Class,1011174
CA-2015-110849,2015-04-18,JL-15835,Consumer,West,Standard Class,291517
CA-2015-111003,2015-06-01,CR-12625,Home Office,East,Standard Class,7440
CA-2015-111059,2015-02-03,TB-21400,Consumer,West,Second Class,21656
CA-2015-111150,2015-12-31,RW-19630,Corporate,Central,Standard Class,7721
CA-2015-111192,2015-07-30,TS-21430,Corporate,West,Standard Class,136784
CA-2015-111451,2015-12-26,KL-16555,Corporate,West,First Class,777458
CA-2015-111500,2015-08-17,DJ-13510,Corporate,South,Standard Class,38201
CA-2015-111773,2015-06-29,JK-15625,Consumer,East,Standard Class,1392
CA-2015-111857,2015-04-23,NM-18445,Home Office,West,Second Class,4891
CA-2015-111871,2015-03-18,EK-13795,Home Office,West,Second Class,119833
CA-2015-111899,2015-05-04,NC-18340,Consumer,Central,First Class,9256
CA-2015-111934,2015-05-05,GD-14590,Corporate,South,First Class,4732
CA-2015-111962,2015-09-29,EB-14170,Consumer,West,Standard Class,90823
CA-2015-112158,2015-12-02,DP-13165,Consumer,East,First Class,105060
CA-2015-112326,2015-01-04,PO-19195,Home Office,Central,Standard Class,284874
CA-2015-112403,2015-03-31,JO-15280,Consumer,East,Same Day,852
CA-2015-112718,2015-12-16,KN-16450,Corporate,South,Standard Class,1167
CA-2015-112837,2015-09-11,LW-17125,Consumer,West,Standard Class,12795
CA-2015-112851,2015-09-17,NR-18550,Consumer,West,Standard Class,18294
CA-2015-113047,2015-10-24,AP-10915,Consumer,South,Same Day,1185
CA-2015-113166,2015-12-24,LF-17185,Consumer,South,First Class,9568
CA-2015-113271,2015-07-09,DS-13030,Home Office,West,Standard Class,135017
CA-2015-113320,2015-12-12,LH-17155,Consumer,West,Second Class,3072
CA-2015-113362,2015-09-14,AJ-10960,Consumer,East,Standard Class,46022
CA-2015-113383,2015-09-10,SF-20065,Consumer,East,First Class,10741
CA-2015-113579,2015-12-13,KD-16345,Consumer,West,Second Class,9024
CA-2015-113768,2015-05-13,AH-10030,Corporate,West,Standard Class,279464
CA-2015-113859,2015-09-13,BC-11125,Home Office,Central,Standard Class,340116
CA-2015-113880,2015-03-01,VF-21715,Home Office,Central,Standard Class,651588
CA-2015-113887,2015-04-05,TH-21550,Home Office,East,First Class,5548
CA-2015-113929,2015-06-16,CK-12205,Consumer,East,Standard Class,40001
CA-2015-113964,2015-09-23,JP-16135,Home Office,East,Standard Class,18464
CA-2015-114125,2015-07-09,GH-14410,Home Office,West,Standard Class,44584
CA-2015-114181,2015-05-10,AF-10885,Consumer,East,Second Class,352197
CA-2015-114251,2015-11-05,MD-17350,Consumer,East,Standard Class,1430430
CA-2015-114314,2015-10-11,DB-13555,Corporate,South,Standard Class,1623
CA-2015-114321,2015-08-20,NC-18535,Corporate,South,Standard Class,141735
CA-2015-114335,2015-09-28,XP-21865,Consumer,South,Standard Class,337088
CA-2015-114433,2015-05-13,NP-18325,Consumer,West,Standard Class,14997
CA-2015-114510,2015-03-14,JF-15295,Consumer,West,Standard Class,106198
CA-2015-114517,2015-12-23,TH-21235,Corporate,East,Standard Class,58968
CA-2015-114643,2015-06-13,FM-14215,Corporate,West,Standard Class,1452
CA-2015-114790,2015-03-11,FM-14215,Corporate,South,Second Class,78263
CA-2015-115056,2015-05-02,AR-10510,Consumer,East,Same Day,26136
CA-2015-115084,2015-10-18,LS-17200,Corporate,South,Standard Class,60534
CA-2015-115133,2015-09-26,DA-13450,Home Office,East,Standard Class,52752
CA-2015-115161,2015-01-31,LC-17050,Consumer,West,First Class,290666
CA-2015-115259,2015-08-25,RC-19960,Consumer,East,Second Class,195008
CA-2015-115336,2015-11-18,AB-10600,Corporate,Central,Standard Class,1448
CA-2015-115357,2015-08-06,RF-19735,Consumer,South,Second Class,6291
CA-2015-115791,2015-01-16,DL-13315,Consumer,East,Second Class,177006
CA-2015-115812,2015-06-09,BH-11710,Consumer,West,Standard Class,3550027
CA-2015-115889,2015-11-02,SH-20395,Consumer,West,Standard Class,82676
CA-2015-115973,2015-11-24,NG-18430,Consumer,East,First Class,2624
CA-2015-115980,2015-07-15,VW-21775,Corporate,Central,Standard Class,951
CA-2015-116190,2015-07-26,SG-20470,Consumer,South,Standard Class,25648
CA-2015-116239,2015-03-04,CL-12565,Consumer,South,Same Day,3549
CA-2015-116246,2015-09-12,LW-17215,Consumer,East,Second Class,3785292
CA-2015-116407,2015-11-15,JF-15190,Consumer,South,Standard Class,362176
CA-2015-116568,2015-12-14,BM-11785,Consumer,South,Standard Class,186304
CA-2015-116666,2015-05-08,KT-16480,Consumer,East,First Class,179997
CA-2015-116673,2015-12-15,JO-15280,Consumer,West,Second Class,616
CA-2015-116757,2015-06-30,MS-17980,Corporate,Central,Standard Class,23904
CA-2015-116785,2015-04-26,MH-17290,Home Office,West,Standard Class,340
CA-2015-116834,2015-10-11,Dp-13240,Home Office,West,Standard Class,6692
CA-2015-116904,2015-09-23,SC-20095,Consumer,Central,Standard Class,950662
CA-2015-116932,2015-07-21,ME-18010,Corporate,West,Standard Class,1075408
CA-2015-117016,2015-03-04,SC-20095,Consumer,South,Standard Class,15552
CA-2015-117317,2015-10-19,JF-15490,Consumer,West,Same Day,1344
CA-2015-117345,2015-08-01,BF-10975,Corporate,South,Standard Class,146268
CA-2015-117429,2015-10-07,MR-17545,Home Office,East,Standard Class,12992
CA-2015-117464,2015-07-22,NP-18325,Consumer,West,Second Class,245641
CA-2015-117478,2015-09-21,LH-16750,Consumer,East,First Class,657
CA-2015-117639,2015-05-21,MW-18235,Corporate,South,Standard Class,333390
CA-2015-117709,2015-05-04,PM-18940,Consumer,Central,Standard Class,468
CA-2015-117765,2015-09-07,RB-19465,Home Office,Central,Standard Class,25687
CA-2015-118192,2015-01-13,MM-17920,Consumer,East,Standard Class,40846
CA-2015-118276,2015-12-29,MG-17890,Home Office,Central,Standard Class,8736
CA-2015-118304,2015-04-29,KH-16360,Consumer,East,Standard Class,1998
CA-2015-118339,2015-03-17,BN-11515,Consumer,Central,Standard Class,20186
CA-2015-118962,2015-08-05,CS-12130,Consumer,West,Standard Class,353334
CA-2015-118976,2015-04-28,MY-18295,Corporate,East,Standard Class,52696
CA-2015-119032,2015-11-27,MS-17770,Consumer,East,Standard Class,376
CA-2015-119144,2015-11-16,JD-16150,Corporate,West,First Class,3174204
CA-2015-119151,2015-11-25,MP-18175,Home Office,East,Second Class,387744
CA-2015-119172,2015-05-11,HD-14785,Home Office,Central,Standard Class,27930
CA-2015-119375,2015-11-17,YC-21895,Corporate,East,Standard Class,311649
CA-2015-119466,2015-12-15,SP-20860,Corporate,Central,Standard Class,8544
CA-2015-119529,2015-11-03,DM-13345,Corporate,East,Second Class,576
CA-2015-119977,2015-10-08,DN-13690,Consumer,East,Second Class,12392
CA-2015-120096,2015-07-04,KE-16420,Corporate,West,First Class,209968
CA-2015-120243,2015-12-27,AT-10435,Home Office,West,Second Class,1156
CA-2015-120278,2015-11-07,MS-17365,Consumer,Central,Standard Class,31748
CA-2015-120411,2015-09-20,SB-20185,Consumer,Central,First Class,50455
CA-2015-120432,2015-08-24,DW-13585,Corporate,South,Second Class,255
CA-2015-120474,2015-12-01,RP-19390,Consumer,Central,First Class,285448
CA-2015-120544,2015-11-23,SS-20140,Corporate,Central,Standard Class,46088
CA-2015-120670,2015-11-02,JK-16120,Home Office,South,Standard Class,79992
CA-2015-120768,2015-12-19,IM-15070,Consumer,South,Second Class,197989
CA-2015-120775,2015-10-03,RD-19930,Consumer,Central,Standard Class,57908
CA-2015-120838,2015-03-23,PO-18865,Consumer,West,Second Class,608056
CA-2015-120852,2015-12-20,WB-21850,Consumer,Central,Standard Class,25976
CA-2015-120887,2015-09-27,TS-21205,Corporate,East,Standard Class,8754
CA-2015-121006,2015-11-10,SC-20020,Consumer,Central,Standard Class,119136
CA-2015-121167,2015-11-28,MO-17500,Consumer,East,Second Class,17248
CA-2015-121286,2015-11-04,ON-18715,Corporate,South,Second Class,14200
CA-2015-121573,2015-11-03,SG-20605,Consumer,East,Standard Class,135148
CA-2015-121629,2015-11-28,BT-11680,Consumer,Central,Standard Class,99885
CA-2015-121664,2015-05-06,HP-14815,Home Office,West,Standard Class,140736
CA-2015-121727,2015-08-19,JK-15625,Consumer,East,Standard Class,1072
CA-2015-121762,2015-02-14,ML-17395,Corporate,West,Standard Class,56055
CA-2015-121769,2015-04-08,JS-15880,Consumer,East,Standard Class,17211
CA-2015-122070,2015-04-22,AH-10030,Corporate,East,Second Class,34696
CA-2015-122217,2015-11-24,HP-14815,Home Office,South,Standard Class,11115
CA-2015-122336,2015-04-13,JD-15895,Corporate,East,Second Class,171773
CA-2015-122567,2015-02-16,MN-17935,Consumer,Central,Standard Class,904
CA-2015-122588,2015-11-25,AR-10540,Consumer,East,Second Class,5296
CA-2015-122679,2015-07-22,AB-10255,Home Office,West,Standard Class,1968
CA-2015-122749,2015-12-03,NG-18430,Consumer,Central,Standard Class,47996
CA-2015-122882,2015-09-07,SB-20290,Corporate,East,Standard Class,179488
CA-2015-122931,2015-09-29,SM-20950,Corporate,East,Standard Class,2308776
CA-2015-123064,2015-06-30,RA-19915,Consumer,Central,First Class,5248
CA-2015-123127,2015-09-08,SP-20620,Corporate,East,Standard Class,1678
CA-2015-123225,2015-07-11,MN-17935,Consumer,Central,First Class,586336
CA-2015-123253,2015-08-22,DE-13255,Home Office,East,Second Class,3912
CA-2015-123260,2015-08-26,FM-14290,Home Office,West,Standard Class,1768
CA-2015-123295,2015-07-18,AH-10120,Home Office,West,Same Day,259136
CA-2015-123316,2015-10-13,SP-20545,Corporate,East,Standard Class,7752
CA-2015-123323,2015-11-07,LH-16900,Consumer,West,Standard Class,123144
CA-2015-123344,2015-09-24,JD-16060,Consumer,West,Standard Class,21196
CA-2015-123400,2015-02-02,EB-13930,Consumer,South,Standard Class,36432
CA-2015-123477,2015-01-18,DW-13195,Corporate,West,Second Class,64864
CA-2015-123498,2015-11-07,TC-20980,Corporate,Central,First Class,100398
CA-2015-123855,2015-06-18,MC-18100,Consumer,West,Standard Class,1398
CA-2015-123925,2015-12-17,RF-19840,Consumer,South,Second Class,4005
CA-2015-124023,2015-04-07,PJ-19015,Consumer,South,First Class,896
CA-2015-124079,2015-12-13,RF-19345,Corporate,West,Standard Class,14010
CA-2015-124247,2015-12-16,SH-20635,Corporate,West,Standard Class,140392
CA-2015-124394,2015-10-17,TB-21520,Consumer,Central,Second Class,121054
CA-2015-124429,2015-05-27,MH-17785,Corporate,West,Same Day,92644
CA-2015-124464,2015-07-14,SS-20515,Home Office,East,Standard Class,3948
CA-2015-124478,2015-08-08,MA-17560,Home Office,Central,Standard Class,261754
CA-2015-124513,2015-09-21,SL-20155,Home Office,East,Standard Class,6603
CA-2015-124618,2015-05-02,CS-11860,Consumer,South,Second Class,479984
CA-2015-124646,2015-06-22,DV-13465,Consumer,Central,First Class,66375
CA-2015-124688,2015-08-27,CC-12610,Corporate,South,First Class,181201
CA-2015-124702,2015-11-18,MH-17785,Corporate,West,Standard Class,21056
CA-2015-124709,2015-07-27,GW-14605,Consumer,West,Second Class,238
CA-2015-124723,2015-08-05,GZ-14470,Consumer,Central,Standard Class,48923
CA-2015-124730,2015-11-26,LS-17245,Consumer,East,Same Day,68463
CA-2015-124737,2015-08-23,AP-10915,Consumer,West,Standard Class,288368
CA-2015-124807,2015-07-12,ME-17725,Consumer,Central,Second Class,38240
CA-2015-124856,2015-09-29,LD-17005,Consumer,East,Second Class,159231
CA-2015-125136,2015-09-28,KD-16495,Corporate,South,Standard Class,106944
CA-2015-125150,2015-05-16,PW-19030,Corporate,West,Standard Class,23288
CA-2015-125171,2015-09-03,AG-10390,Consumer,East,Same Day,144
CA-2015-125514,2015-09-21,BM-11650,Corporate,Central,First Class,6871
CA-2015-125542,2015-12-05,NB-18655,Corporate,East,First Class,521224
CA-2015-125556,2015-11-14,ML-17410,Consumer,East,Second Class,83731
CA-2015-125612,2015-08-03,BK-11260,Consumer,East,Standard Class,7155
CA-2015-125682,2015-11-22,RB-19645,Corporate,South,First Class,996
CA-2015-125731,2015-09-10,CL-12565,Consumer,West,Standard Class,170432
CA-2015-125759,2015-02-08,NM-18445,Home Office,West,First Class,1456
CA-2015-125829,2015-11-04,WB-21850,Consumer,West,Standard Class,1711920
CA-2015-125997,2015-09-20,MW-18220,Consumer,East,First Class,1641952
CA-2015-126032,2015-06-23,BS-11665,Consumer,East,Standard Class,86376
CA-2015-126193,2015-09-07,SS-20410,Consumer,Central,Standard Class,35643
CA-2015-126200,2015-08-25,JE-15715,Consumer,Central,Standard Class,14952
CA-2015-126277,2015-09-13,LH-16900,Consumer,East,Second Class,2502
CA-2015-126333,2015-12-23,ME-18010,Corporate,Central,Standard Class,5184
CA-2015-126361,2015-08-04,VD-21670,Consumer,West,Second Class,208692
CA-2015-126403,2015-09-09,RR-19525,Corporate,East,Second Class,228079
CA-2015-126480,2015-09-20,HG-14965,Corporate,West,Standard Class,856
CA-2015-126522,2015-09-01,LT-16765,Consumer,West,Second Class,5394
CA-2015-126683,2015-09-29,PP-18955,Home Office,West,Second Class,235498
CA-2015-126760,2015-07-26,KM-16720,Consumer,West,Standard Class,1616834
CA-2015-126802,2015-12-29,ZC-21910,Consumer,Central,Standard Class,38976
CA-2015-126907,2015-11-01,SM-20950,Corporate,Central,Standard Class,15696
CA-2015-126963,2015-06-15,PS-18760,Consumer,Central,Same Day,36544
CA-2015-127012,2015-08-11,GM-14680,Consumer,West,Standard Class,7628
CA-2015-127131,2015-11-24,HR-14830,Corporate,West,Standard Class,83034
CA-2015-127159,2015-05-12,HL-15040,Consumer,Central,First Class,3479
CA-2015-127166,2015-05-21,KH-16360,Consumer,Central,Second Class,170492
CA-2015-127187,2015-12-04,CP-12085,Corporate,East,Standard Class,12998
CA-2015-127299,2015-09-19,JL-15835,Consumer,South,Standard Class,2692329
CA-2015-127383,2015-12-31,CM-11815,Corporate,Central,Standard Class,49568
CA-2015-127446,2015-11-25,MC-17590,Corporate,Central,Standard Class,1271355
CA-2015-127488,2015-09-22,MS-17365,Consumer,South,Second Class,4608
CA-2015-127523,2015-05-11,BG-11695,Corporate,East,Standard Class,3591
CA-2015-127558,2015-11-15,SS-20410,Consumer,West,First Class,80304
CA-2015-127586,2015-09-26,CS-12400,Home Office,West,Standard Class,31012
CA-2015-127614,2015-02-11,NF-18385,Consumer,South,Standard Class,150813
CA-2015-127691,2015-07-22,EM-14065,Consumer,East,Standard Class,16594
CA-2015-127859,2015-03-17,QJ-19255,Corporate,East,Second Class,126624
CA-2015-127866,2015-07-20,JD-15895,Corporate,West,First Class,60243
CA-2015-127936,2015-09-02,CL-12565,Consumer,East,First Class,2124
CA-2015-127964,2015-03-03,AP-10720,Home Office,East,Standard Class,16107
CA-2015-128055,2015-03-31,AA-10315,Consumer,West,Standard Class,678866
CA-2015-128062,2015-11-19,AD-10180,Home Office,East,Second Class,588
CA-2015-128146,2015-06-21,DB-13060,Consumer,East,Standard Class,132669
CA-2015-128209,2015-11-17,GT-14710,Consumer,East,Standard Class,2553560
CA-2015-128237,2015-03-25,CA-12265,Consumer,West,Standard Class,9236
CA-2015-128524,2015-11-11,MZ-17515,Corporate,West,First Class,2046095
CA-2015-128538,2015-10-11,AS-10240,Consumer,West,Standard Class,764
CA-2015-128622,2015-11-15,SC-20260,Corporate,West,Second Class,1095
CA-2015-128839,2015-09-08,TT-21070,Consumer,South,Standard Class,21042
CA-2015-128846,2015-04-07,RS-19765,Corporate,South,Standard Class,75292
CA-2015-128888,2015-11-15,PB-19105,Consumer,Central,Standard Class,604656
CA-2015-128986,2015-08-03,GH-14410,Home Office,West,Second Class,93024
CA-2015-129091,2015-11-22,RA-19885,Corporate,South,Standard Class,73470
CA-2015-129147,2015-11-02,LC-17050,Consumer,East,Standard Class,609438
CA-2015-129168,2015-08-17,KB-16585,Corporate,Central,Standard Class,15552
CA-2015-129189,2015-07-21,HM-14860,Corporate,Central,Standard Class,80621
CA-2015-129364,2015-12-08,TB-21250,Consumer,West,Standard Class,101984
CA-2015-129574,2015-05-26,Dp-13240,Home Office,West,First Class,484
CA-2015-129819,2015-12-13,KC-16675,Corporate,South,Second Class,1239
CA-2015-129924,2015-07-12,AC-10420,Corporate,West,Standard Class,706064
CA-2015-129938,2015-12-15,EB-13705,Corporate,East,Second Class,445802
CA-2015-130092,2015-01-11,SV-20365,Consumer,East,First Class,994
CA-2015-130155,2015-05-19,TD-20995,Consumer,South,First Class,342
CA-2015-130274,2015-05-03,JS-15940,Home Office,Central,First Class,2156
CA-2015-130421,2015-03-03,SC-20020,Consumer,Central,Standard Class,176772
CA-2015-130428,2015-03-31,TG-21640,Consumer,South,Same Day,1142165
CA-2015-130449,2015-09-06,VP-21760,Corporate,West,First Class,10036
CA-2015-130575,2015-12-14,CS-11845,Corporate,Central,First Class,9264
CA-2015-130624,2015-06-21,TB-21280,Consumer,East,First Class,64359
CA-2015-130673,2015-05-20,MC-17590,Corporate,Central,Second Class,48180
CA-2015-130729,2015-10-24,AA-10375,Consumer,West,Standard Class,34272
CA-2015-130813,2015-01-06,LS-17230,Consumer,West,Second Class,1944
CA-2015-130869,2015-11-17,CB-12025,Consumer,Central,Standard Class,708
CA-2015-130918,2015-08-22,JP-15520,Consumer,South,Second Class,7632
CA-2015-130960,2015-12-30,KB-16600,Corporate,Central,Standard Class,984
CA-2015-131002,2015-09-07,TB-21400,Consumer,Central,Second Class,104019
CA-2015-131009,2015-03-01,SC-20380,Consumer,Central,Standard Class,231213
CA-2015-131051,2015-12-01,TR-21325,Consumer,West,Standard Class,582
CA-2015-131247,2015-03-30,GA-14725,Consumer,West,Standard Class,205666
CA-2015-131310,2015-07-12,CL-12565,Consumer,West,Standard Class,134400
CA-2015-131387,2015-04-28,AI-10855,Consumer,West,First Class,167996
CA-2015-131450,2015-08-08,LR-16915,Consumer,West,Standard Class,1284960
CA-2015-131527,2015-12-01,TB-21280,Consumer,South,Standard Class,95968
CA-2015-131541,2015-07-28,CK-12205,Consumer,South,Same Day,180264
CA-2015-131800,2015-12-30,AJ-10960,Consumer,East,Standard Class,47742
CA-2015-131905,2015-02-06,ND-18460,Corporate,South,First Class,30671
CA-2015-131926,2015-06-01,DW-13480,Home Office,Central,Second Class,374563
CA-2015-131947,2015-09-17,JA-15970,Consumer,West,Standard Class,231749
CA-2015-132010,2015-10-13,MA-17995,Home Office,South,First Class,7330
CA-2015-132227,2015-11-04,SZ-20035,Home Office,East,Standard Class,52064
CA-2015-132451,2015-09-26,KF-16285,Home Office,West,First Class,587496
CA-2015-132500,2015-09-08,GZ-14470,Consumer,West,Standard Class,4998
CA-2015-132542,2015-10-06,AM-10360,Corporate,Central,Second Class,1536
CA-2015-132612,2015-06-09,FO-14305,Consumer,South,Second Class,14413
CA-2015-132787,2015-09-19,MC-18130,Corporate,West,Standard Class,9252
CA-2015-132801,2015-10-07,JG-15805,Corporate,Central,Standard Class,10744
CA-2015-132864,2015-12-02,KN-16390,Corporate,East,Standard Class,1198
CA-2015-132913,2015-12-24,AS-10090,Consumer,West,First Class,1397
CA-2015-132962,2015-09-13,JM-15535,Consumer,East,First Class,15804
CA-2015-132983,2015-04-28,DS-13180,Corporate,East,Standard Class,15998
CA-2015-133158,2015-08-19,DW-13195,Corporate,West,Second Class,98380
CA-2015-133228,2015-04-04,MS-17710,Consumer,Central,Standard Class,8483
CA-2015-133270,2015-06-06,BM-11785,Consumer,East,First Class,1336
CA-2015-133305,2015-07-11,MH-17455,Consumer,East,Standard Class,6740
CA-2015-133354,2015-02-22,SA-20830,Consumer,West,First Class,1944
CA-2015-133389,2015-06-22,TB-21280,Consumer,West,Same Day,8226
CA-2015-133424,2015-03-30,Dl-13600,Corporate,West,Standard Class,2028
CA-2015-133543,2015-12-22,KM-16660,Consumer,West,Standard Class,1176
CA-2015-133592,2015-12-31,KM-16375,Home Office,East,Standard Class,132720
CA-2015-133634,2015-11-05,SR-20740,Home Office,South,Standard Class,4779
CA-2015-133690,2015-08-03,BS-11755,Consumer,West,First Class,21901
CA-2015-133704,2015-09-20,MA-17995,Home Office,West,Standard Class,24624
CA-2015-133753,2015-06-09,CW-11905,Home Office,Central,Second Class,142344
CA-2015-133809,2015-11-18,MS-17530,Consumer,East,Second Class,21396
CA-2015-133830,2015-12-05,RL-19615,Consumer,West,Standard Class,7573
CA-2015-133851,2015-06-09,CM-12445,Consumer,West,Standard Class,967
CA-2015-134061,2015-04-29,LL-16840,Consumer,East,Standard Class,1746
CA-2015-134103,2015-01-30,MV-18190,Consumer,Central,Standard Class,24050
CA-2015-134215,2015-08-04,ML-17395,Corporate,East,Standard Class,61712
CA-2015-134278,2015-07-06,EP-13915,Consumer,East,First Class,559992
CA-2015-134313,2015-11-01,RA-19915,Consumer,West,Standard Class,2027144
CA-2015-134551,2015-12-20,TS-21505,Consumer,South,Standard Class,112392
CA-2015-134572,2015-04-20,SV-20365,Consumer,Central,Second Class,52084
CA-2015-134621,2015-12-21,DP-13390,Home Office,South,Standard Class,1824
CA-2015-134677,2015-10-06,XP-21865,Consumer,West,Standard Class,909
CA-2015-134726,2015-11-02,SW-20755,Corporate,West,Second Class,56986
CA-2015-135090,2015-11-22,SP-20920,Consumer,West,Standard Class,5382
CA-2015-135405,2015-01-09,MS-17830,Consumer,Central,Standard Class,9656
CA-2015-135608,2015-12-08,JK-15625,Consumer,West,Second Class,64960
CA-2015-135657,2015-06-03,SC-20725,Consumer,West,Second Class,51588
CA-2015-135699,2015-08-29,HH-15010,Corporate,West,Same Day,12328
CA-2015-135755,2015-05-03,NC-18415,Consumer,East,Standard Class,51072
CA-2015-135993,2015-05-28,PJ-18835,Corporate,West,Standard Class,57684
CA-2015-136280,2015-11-29,Co-12640,Consumer,East,Standard Class,504
CA-2015-136336,2015-04-21,DB-13555,Corporate,South,Standard Class,82884
CA-2015-136399,2015-12-16,CC-12100,Home Office,West,First Class,873577
CA-2015-136567,2015-12-20,PS-19045,Home Office,South,First Class,247478
CA-2015-136644,2015-06-16,SC-20575,Consumer,Central,Standard Class,64784
CA-2015-136742,2015-04-06,GP-14740,Corporate,East,Standard Class,4491
CA-2015-136861,2015-09-05,PR-18880,Consumer,South,First Class,31984
CA-2015-137092,2015-10-20,LS-16975,Home Office,Central,Second Class,407414
CA-2015-137274,2015-03-29,MG-18145,Consumer,Central,Standard Class,890841
CA-2015-137351,2015-09-30,DB-13615,Consumer,West,Standard Class,43176
CA-2015-137575,2015-08-06,TB-21625,Consumer,East,Standard Class,19998
CA-2015-137589,2015-11-03,MS-17770,Consumer,East,Standard Class,286344
CA-2015-137911,2015-10-09,BP-11095,Corporate,South,Standard Class,88768
CA-2015-138023,2015-08-15,KH-16510,Consumer,Central,First Class,3096
CA-2015-138072,2015-12-30,GA-14725,Consumer,East,Standard Class,27968
CA-2015-138100,2015-09-15,AA-10315,Consumer,East,Standard Class,2950
CA-2015-138128,2015-12-09,FP-14320,Consumer,East,Standard Class,1110648
CA-2015-138177,2015-09-19,ND-18460,Corporate,West,Standard Class,73915
CA-2015-138198,2015-07-18,JL-15130,Consumer,East,Standard Class,13904
CA-2015-138240,2015-10-09,SJ-20500,Consumer,West,Standard Class,17438
CA-2015-138296,2015-12-05,RC-19825,Consumer,South,Standard Class,2456
CA-2015-138317,2015-06-21,NW-18400,Consumer,East,Standard Class,385261
CA-2015-138359,2015-04-01,KH-16330,Corporate,East,Standard Class,7320
CA-2015-138436,2015-03-26,JD-15895,Corporate,West,Standard Class,663
CA-2015-138450,2015-10-18,EH-13765,Corporate,East,Standard Class,249472
CA-2015-138513,2015-05-23,EH-13990,Consumer,West,Standard Class,1296
CA-2015-138527,2015-09-12,BN-11470,Corporate,South,Standard Class,42268
CA-2015-138681,2015-12-20,CT-11995,Consumer,West,First Class,396936
CA-2015-138709,2015-07-04,MS-17770,Consumer,South,Standard Class,2340
CA-2015-138737,2015-12-07,FP-14320,Consumer,West,First Class,864
CA-2015-138940,2015-04-11,GM-14455,Home Office,Central,Second Class,758352
CA-2015-139017,2015-05-11,RM-19375,Consumer,Central,Standard Class,46864
CA-2015-139192,2015-05-27,LC-16885,Consumer,West,Second Class,1123503
CA-2015-139283,2015-11-23,BT-11440,Consumer,Central,Standard Class,1467
CA-2015-139423,2015-11-01,DG-13300,Corporate,East,Standard Class,7612
CA-2015-139451,2015-10-12,DN-13690,Consumer,West,Standard Class,2288
CA-2015-139542,2015-10-25,EH-14185,Consumer,East,Standard Class,54474
CA-2015-139598,2015-12-26,MG-17695,Consumer,East,Standard Class,361608
CA-2015-139633,2015-12-17,EC-14050,Consumer,East,Standard Class,5484
CA-2015-139857,2015-02-02,CD-12790,Home Office,West,Standard Class,1235
CA-2015-139892,2015-09-08,BM-11140,Consumer,Central,Standard Class,8813660
CA-2015-140004,2015-03-21,CB-12025,Consumer,East,Standard Class,13456
CA-2015-140032,2015-09-08,TS-21340,Consumer,West,Standard Class,8608
CA-2015-140039,2015-09-13,ON-18715,Corporate,West,Standard Class,794
CA-2015-140165,2015-05-13,EH-14005,Home Office,South,First Class,405456
CA-2015-140228,2015-04-28,GB-14530,Corporate,East,Standard Class,211576
CA-2015-140396,2015-11-20,KH-16330,Corporate,East,Standard Class,90756
CA-2015-140403,2015-10-10,TN-21040,Home Office,West,Same Day,123880
CA-2015-140473,2015-05-30,MC-17425,Corporate,Central,Standard Class,719976
CA-2015-140487,2015-06-14,SR-20425,Home Office,Central,Standard Class,21294
CA-2015-140662,2015-11-17,TS-21205,Corporate,West,First Class,107537
CA-2015-140732,2015-11-11,MA-17560,Home Office,West,Second Class,589098
CA-2015-140795,2015-02-01,BD-11500,Consumer,Central,First Class,4689
CA-2015-140816,2015-12-20,TC-21295,Consumer,West,Same Day,447944
CA-2015-140858,2015-06-28,CA-12775,Consumer,East,Standard Class,1337743
CA-2015-140886,2015-09-30,KW-16570,Consumer,South,Standard Class,69216
CA-2015-141005,2015-08-15,CS-12355,Consumer,East,First Class,6294
CA-2015-141110,2015-11-26,LS-17200,Corporate,West,Standard Class,13292
CA-2015-141152,2015-09-16,RF-19345,Corporate,East,First Class,33552
CA-2015-141173,2015-11-18,JC-16105,Corporate,Central,Second Class,6715
CA-2015-141278,2015-06-21,RM-19375,Consumer,East,First Class,214
CA-2015-141299,2015-06-03,RB-19795,Home Office,Central,Second Class,1528
CA-2015-141313,2015-12-28,AJ-10780,Corporate,East,Standard Class,258319
CA-2015-141355,2015-09-25,BF-11005,Home Office,West,Standard Class,14576
CA-2015-141607,2015-12-12,WB-21850,Consumer,West,Standard Class,4331
CA-2015-141649,2015-09-30,DM-12955,Corporate,East,Same Day,795408
CA-2015-141726,2015-07-20,CC-12145,Consumer,West,First Class,25483
CA-2015-141796,2015-06-21,JG-15160,Consumer,East,Same Day,121485
CA-2015-141817,2015-01-05,MB-18085,Consumer,East,Standard Class,19536
CA-2015-141838,2015-03-26,DK-12835,Corporate,West,Second Class,57056
CA-2015-141901,2015-08-09,GM-14500,Consumer,West,Standard Class,598
CA-2015-142048,2015-06-22,JE-15745,Consumer,West,First Class,196752
CA-2015-142314,2015-12-23,SF-20200,Consumer,Central,Standard Class,20724
CA-2015-142510,2015-12-22,NP-18700,Consumer,Central,Standard Class,155152
CA-2015-142587,2015-10-21,TB-21520,Consumer,East,First Class,162751
CA-2015-142727,2015-04-29,HG-14845,Consumer,South,Second Class,6990
CA-2015-142769,2015-09-13,RP-19390,Consumer,West,Same Day,43321
CA-2015-142839,2015-08-16,TS-21610,Consumer,East,Standard Class,853092
CA-2015-142951,2015-10-08,JG-15115,Consumer,South,Same Day,23472
CA-2015-142965,2015-07-20,SW-20245,Consumer,East,Same Day,28720
CA-2015-143168,2015-10-18,IG-15085,Consumer,West,Second Class,7540
CA-2015-143182,2015-10-15,DL-12865,Consumer,South,Standard Class,15384
CA-2015-143210,2015-12-01,AA-10645,Consumer,East,First Class,8285
CA-2015-143336,2015-08-27,ZD-21925,Consumer,West,Second Class,24476
CA-2015-143385,2015-08-31,SJ-20500,Consumer,West,Standard Class,9252
CA-2015-143413,2015-05-24,RP-19390,Consumer,East,Standard Class,11628
CA-2015-143637,2015-03-24,MS-17710,Consumer,West,Second Class,4048
CA-2015-143840,2015-05-22,EH-14185,Consumer,South,Standard Class,18093
CA-2015-143903,2015-07-20,KM-16375,Home Office,Central,Standard Class,1325910
CA-2015-143917,2015-07-25,KL-16645,Consumer,West,Second Class,831929
CA-2015-144029,2015-05-26,MM-18055,Consumer,Central,Standard Class,475788
CA-2015-144071,2015-12-08,DJ-13420,Corporate,West,Standard Class,11932
CA-2015-144281,2015-06-10,HK-14890,Corporate,Central,Second Class,49155
CA-2015-144407,2015-09-09,MS-17365,Consumer,Central,Standard Class,1036
CA-2015-144414,2015-06-17,GH-14425,Consumer,West,Standard Class,3267179
CA-2015-144624,2015-11-19,JM-15865,Consumer,East,Standard Class,454881
CA-2015-144666,2015-11-09,JP-15520,Consumer,West,Second Class,985728
CA-2015-144974,2015-09-26,CM-12715,Corporate,East,Standard Class,63157
CA-2015-145212,2015-09-13,DC-12850,Consumer,East,Standard Class,546
CA-2015-145254,2015-07-23,NC-18535,Corporate,West,Standard Class,907580
CA-2015-145317,2015-03-18,SM-20320,Home Office,South,Standard Class,2473509
CA-2015-145387,2015-10-31,AM-10705,Consumer,East,Second Class,414327
CA-2015-145541,2015-12-14,TB-21400,Consumer,East,Standard Class,699996
CA-2015-145576,2015-09-14,CA-12775,Consumer,South,Second Class,13141
CA-2015-145800,2015-05-30,SS-20410,Consumer,Central,Standard Class,355455
CA-2015-145926,2015-11-17,MP-17470,Home Office,Central,Standard Class,4799
CA-2015-146283,2015-09-08,KT-16465,Consumer,Central,Standard Class,209683
CA-2015-146500,2015-08-30,AT-10735,Consumer,East,Standard Class,9847
CA-2015-146528,2015-07-25,VF-21715,Home Office,West,Second Class,2200
CA-2015-146591,2015-01-19,TS-21340,Consumer,West,First Class,88317
CA-2015-146640,2015-06-30,HA-14905,Consumer,East,Standard Class,334768
CA-2015-146703,2015-10-20,PO-18865,Consumer,Central,Second Class,21196
CA-2015-146731,2015-11-03,AT-10735,Consumer,South,Standard Class,147344
CA-2015-146815,2015-09-08,PP-18955,Home Office,East,Standard Class,173116
CA-2015-146843,2015-11-30,PB-19150,Consumer,West,Standard Class,58216
CA-2015-146864,2015-12-22,BT-11530,Home Office,East,Standard Class,2164
CA-2015-146885,2015-05-30,EB-13840,Corporate,South,Standard Class,1362
CA-2015-146969,2015-09-29,AP-10915,Consumer,West,Standard Class,78416
CA-2015-146990,2015-11-07,BP-11095,Corporate,East,First Class,3610
CA-2015-147235,2015-03-24,CD-11920,Consumer,East,Standard Class,249
CA-2015-147298,2015-04-26,AG-10300,Corporate,West,Standard Class,41316
CA-2015-147543,2015-07-06,BC-11125,Home Office,West,Standard Class,47848
CA-2015-147900,2015-09-23,JK-15640,Home Office,East,Standard Class,288
CA-2015-147914,2015-06-04,MP-17470,Home Office,East,Standard Class,16224
CA-2015-148040,2015-03-22,BF-11275,Corporate,West,Standard Class,388704
CA-2015-148285,2015-10-27,RD-19810,Home Office,South,Standard Class,22320
CA-2015-148369,2015-09-23,TH-21115,Corporate,East,Standard Class,1112
CA-2015-148383,2015-12-27,RP-19390,Consumer,West,Standard Class,946764
CA-2015-148425,2015-11-30,RF-19345,Corporate,South,Standard Class,6642
CA-2015-148488,2015-12-10,SM-20005,Consumer,East,Standard Class,107480
CA-2015-148586,2015-03-25,AZ-10750,Consumer,East,Standard Class,366786
CA-2015-148614,2015-01-20,MV-17485,Consumer,West,Standard Class,2129
CA-2015-148761,2015-05-17,PA-19060,Home Office,Central,Standard Class,9168
CA-2015-148782,2015-11-02,PO-18850,Consumer,Central,Standard Class,88776
CA-2015-148915,2015-11-01,ND-18370,Consumer,West,Standard Class,200368
CA-2015-148950,2015-12-14,JD-16015,Consumer,Central,Standard Class,43016
CA-2015-149020,2015-01-10,AJ-10780,Corporate,South,Standard Class,5483
CA-2015-149055,2015-11-23,PB-19210,Corporate,East,Standard Class,62808
CA-2015-149104,2015-04-05,RD-19900,Consumer,Central,Second Class,71040
CA-2015-149244,2015-11-04,MS-17530,Consumer,West,Standard Class,3534
CA-2015-149524,2015-01-14,BS-11590,Corporate,East,First Class,6196
CA-2015-149538,2015-04-04,KB-16585,Corporate,South,Standard Class,36493
CA-2015-149594,2015-09-15,MF-18250,Corporate,East,Standard Class,103936
CA-2015-149643,2015-11-16,RH-19510,Home Office,Central,Standard Class,27396
CA-2015-149958,2015-03-15,AS-10240,Consumer,South,Standard Class,370782
CA-2015-150203,2015-12-05,JB-15925,Consumer,West,First Class,25026
CA-2015-150245,2015-12-31,PC-18745,Corporate,East,Second Class,1573488
CA-2015-150301,2015-07-08,MH-18025,Consumer,East,First Class,63882
CA-2015-150329,2015-10-10,SD-20485,Home Office,West,Standard Class,46872
CA-2015-150490,2015-08-05,SS-20590,Consumer,West,Standard Class,7812
CA-2015-150518,2015-11-19,MW-18220,Consumer,Central,Standard Class,50313
CA-2015-150581,2015-04-08,NM-18445,Home Office,West,Standard Class,139588
CA-2015-150798,2015-12-01,JK-15730,Consumer,East,Second Class,795376
CA-2015-151001,2015-04-05,JG-15805,Corporate,Central,First Class,101728
CA-2015-151078,2015-11-12,RF-19840,Consumer,Central,Same Day,49632
CA-2015-151162,2015-12-05,EA-14035,Corporate,East,Standard Class,173574
CA-2015-151295,2015-11-12,JA-15970,Consumer,West,Standard Class,630260
CA-2015-151330,2015-10-14,TC-21295,Consumer,East,First Class,171004
CA-2015-151379,2015-12-16,SC-20695,Corporate,Central,Standard Class,1142
CA-2015-151554,2015-11-14,CM-11815,Corporate,Central,First Class,20736
CA-2015-151708,2015-08-08,MB-17305,Consumer,West,Standard Class,217352
CA-2015-151792,2015-09-02,CV-12295,Consumer,Central,Second Class,239976
CA-2015-151897,2015-06-06,VT-21700,Home Office,Central,Standard Class,10024
CA-2015-151946,2015-06-04,BT-11440,Consumer,East,Standard Class,362216
CA-2015-151953,2015-09-20,DB-13555,Corporate,South,Standard Class,2816
CA-2015-151967,2015-10-22,NB-18580,Corporate,South,Standard Class,12992
CA-2015-151995,2015-10-13,ZC-21910,Consumer,West,First Class,154977
CA-2015-152100,2015-05-11,VW-21775,Corporate,Central,Standard Class,121296
CA-2015-152233,2015-10-05,KH-16510,Consumer,West,First Class,9998
CA-2015-152254,2015-06-30,BD-11620,Consumer,South,Same Day,310688
CA-2015-152268,2015-09-02,SC-20095,Consumer,South,Standard Class,179398
CA-2015-152296,2015-08-01,IL-15100,Consumer,West,First Class,19752
CA-2015-152345,2015-12-29,ST-20530,Consumer,West,Second Class,27305
CA-2015-152422,2015-10-05,BD-11635,Consumer,East,Second Class,9192
CA-2015-152443,2015-05-21,FG-14260,Home Office,East,Standard Class,71168
CA-2015-152562,2015-11-01,JO-15145,Corporate,South,Standard Class,7516
CA-2015-152618,2015-03-14,RB-19465,Home Office,Central,First Class,65939
CA-2015-152849,2015-07-05,DW-13195,Corporate,South,Standard Class,4368
CA-2015-152905,2015-02-18,AB-10015,Consumer,Central,Standard Class,12624
CA-2015-153087,2015-12-27,TC-20980,Corporate,South,Standard Class,2890
CA-2015-153150,2015-07-01,Dl-13600,Corporate,West,Second Class,1992
CA-2015-153479,2015-10-04,DF-13135,Consumer,West,Standard Class,97093
CA-2015-153619,2015-11-03,TC-21535,Home Office,West,Same Day,672
CA-2015-153808,2015-04-06,FH-14275,Corporate,West,Second Class,102660
CA-2015-153850,2015-11-24,TH-21100,Consumer,East,Standard Class,1537544
CA-2015-153913,2015-12-16,KB-16585,Corporate,South,Second Class,1015816
CA-2015-153969,2015-09-21,HF-14995,Consumer,West,Standard Class,261114
CA-2015-153976,2015-10-03,BP-11290,Consumer,Central,Second Class,258279
CA-2015-153983,2015-11-29,AH-10210,Consumer,West,Standard Class,57896
CA-2015-154095,2015-12-02,ON-18715,Corporate,East,Standard Class,46304
CA-2015-154158,2015-12-23,CC-12670,Consumer,South,Second Class,544320
CA-2015-154165,2015-02-17,DL-13315,Consumer,Central,Standard Class,54208
CA-2015-154186,2015-12-13,RA-19285,Consumer,Central,Second Class,292
CA-2015-154592,2015-12-07,EH-14005,Home Office,West,First Class,16488
CA-2015-154599,2015-04-12,KN-16450,Corporate,West,Standard Class,1840043
CA-2015-154627,2015-10-29,SA-20830,Consumer,Central,First Class,2735952
CA-2015-154641,2015-08-11,KL-16645,Consumer,East,Standard Class,37534
CA-2015-154669,2015-08-08,TM-21010,Consumer,West,Second Class,42328
CA-2015-154781,2015-11-21,SC-20680,Home Office,West,Standard Class,10157
CA-2015-154837,2015-08-23,RB-19645,Corporate,West,Second Class,49568
CA-2015-154893,2015-12-21,GM-14440,Consumer,West,Standard Class,189792
CA-2015-154963,2015-06-22,AA-10645,Consumer,East,Standard Class,338233
CA-2015-155208,2015-04-16,SP-20650,Corporate,South,Standard Class,39072
CA-2015-155264,2015-10-19,RP-19270,Corporate,West,Second Class,157180
CA-2015-155271,2015-05-04,AA-10480,Consumer,East,Same Day,2746
CA-2015-155390,2015-12-06,BG-11035,Consumer,South,Standard Class,42208
CA-2015-155593,2015-11-03,RP-19390,Consumer,East,Standard Class,1164
CA-2015-155796,2015-11-11,TS-21430,Corporate,East,Second Class,76164
CA-2015-155852,2015-03-03,AJ-10945,Consumer,South,Second Class,19456
CA-2015-155887,2015-05-12,KT-16480,Consumer,East,Standard Class,700056
CA-2015-156006,2015-04-30,TM-21010,Consumer,South,Second Class,4779
CA-2015-156160,2015-09-22,AS-10090,Consumer,East,Standard Class,594560
CA-2015-156244,2015-08-12,DH-13675,Home Office,South,Standard Class,414580
CA-2015-156314,2015-12-24,RP-19390,Consumer,East,First Class,3036
CA-2015-156349,2015-05-26,ML-17395,Corporate,West,Standard Class,576234
CA-2015-156433,2015-09-20,ES-14020,Consumer,West,Standard Class,3168
CA-2015-156545,2015-02-27,JS-16030,Consumer,East,First Class,19456
CA-2015-156587,2015-03-07,AB-10015,Consumer,West,First Class,74800
CA-2015-156594,2015-12-20,MC-17845,Consumer,West,Second Class,504382
CA-2015-156601,2015-09-19,FA-14230,Corporate,West,Standard Class,716
CA-2015-156790,2015-08-08,VG-21790,Consumer,South,Second Class,155456
CA-2015-156993,2015-06-28,RW-19630,Corporate,Central,Standard Class,608
CA-2015-157147,2015-01-13,BD-11605,Consumer,West,Standard Class,466783
CA-2015-157546,2015-07-20,RD-19720,Consumer,West,First Class,91995
CA-2015-157609,2015-03-16,KN-16705,Home Office,South,Second Class,47192
CA-2015-157623,2015-03-14,DK-13225,Corporate,West,Standard Class,1394
CA-2015-157644,2015-12-31,AH-10030,Corporate,East,First Class,3666
CA-2015-157721,2015-09-02,JM-16195,Consumer,East,First Class,7270
CA-2015-157784,2015-07-05,MC-17845,Consumer,South,First Class,51403
CA-2015-157882,2015-10-03,AR-10405,Corporate,West,Second Class,265784
CA-2015-157924,2015-10-11,HA-14920,Consumer,West,First Class,436760
CA-2015-158029,2015-05-26,HF-14995,Consumer,West,Standard Class,225296
CA-2015-158064,2015-04-21,AA-10375,Consumer,West,Standard Class,1652
CA-2015-158225,2015-09-22,SE-20110,Consumer,West,Standard Class,21013
CA-2015-158274,2015-11-19,RM-19675,Home Office,South,Second Class,65420
CA-2015-158281,2015-09-02,AG-10525,Corporate,Central,Standard Class,55971
CA-2015-158337,2015-03-11,KA-16525,Consumer,East,Second Class,10892
CA-2015-158372,2015-11-10,RD-19900,Consumer,West,Standard Class,617363
CA-2015-158442,2015-03-17,AZ-10750,Consumer,Central,Same Day,25184
CA-2015-158470,2015-04-19,AG-10390,Consumer,South,Second Class,12933
CA-2015-158540,2015-11-24,VG-21790,Consumer,West,First Class,15172
CA-2015-158771,2015-05-09,SB-20290,Corporate,South,Same Day,15871
CA-2015-159121,2015-07-26,JO-15145,Corporate,West,Standard Class,11193
CA-2015-159184,2015-09-14,JC-15775,Consumer,South,Standard Class,2140
CA-2015-159310,2015-11-07,SC-20725,Consumer,Central,Standard Class,725332
CA-2015-159338,2015-06-25,NS-18640,Corporate,West,First Class,44784
CA-2015-159478,2015-09-30,MH-17785,Corporate,East,Standard Class,1524
CA-2015-159520,2015-06-06,GT-14635,Corporate,East,Standard Class,1143022
CA-2015-159625,2015-11-23,SM-20005,Consumer,West,Standard Class,23472
CA-2015-159681,2015-12-07,PO-18850,Consumer,South,Standard Class,10552
CA-2015-159709,2015-05-10,AI-10855,Consumer,West,Standard Class,16249
CA-2015-159800,2015-11-28,SG-20470,Consumer,West,First Class,18361
CA-2015-159814,2015-06-24,LP-17080,Consumer,West,Standard Class,4272
CA-2015-159835,2015-11-17,RB-19330,Consumer,East,Standard Class,78241
CA-2015-159849,2015-09-19,JK-15640,Home Office,West,Same Day,567
CA-2015-160066,2015-11-16,AH-10075,Corporate,West,Standard Class,522
CA-2015-160094,2015-04-30,JM-16195,Consumer,South,First Class,18321
CA-2015-160157,2015-12-20,MH-17455,Consumer,East,Standard Class,190848
CA-2015-160262,2015-06-09,TS-21205,Corporate,West,Second Class,10094
CA-2015-160276,2015-04-02,AH-10690,Corporate,South,Standard Class,17768
CA-2015-160738,2015-05-05,KH-16330,Corporate,Central,Standard Class,45248
CA-2015-160766,2015-09-14,DM-13015,Consumer,East,Same Day,792125
CA-2015-160773,2015-07-01,LW-16825,Corporate,South,Standard Class,62776
CA-2015-161032,2015-11-18,MK-17905,Corporate,Central,Standard Class,39294
CA-2015-161249,2015-08-09,RD-19720,Consumer,West,Standard Class,13809
CA-2015-161508,2015-07-12,PV-18985,Home Office,Central,Standard Class,554166
CA-2015-161634,2015-11-14,CC-12220,Consumer,South,Standard Class,324
CA-2015-162089,2015-03-30,MP-17470,Home Office,Central,First Class,412818
CA-2015-162278,2015-10-26,AH-10585,Consumer,West,Second Class,44788
CA-2015-162362,2015-11-14,JL-15505,Consumer,Central,Standard Class,2424
CA-2015-162684,2015-08-01,AS-10630,Home Office,East,Standard Class,568
CA-2015-162775,2015-01-13,CS-12250,Corporate,South,Second Class,128726
CA-2015-162866,2015-12-27,Co-12640,Consumer,Central,Standard Class,62968
CA-2015-162992,2015-12-19,BP-11095,Corporate,West,First Class,220723
CA-2015-163013,2015-11-28,BF-11080,Consumer,South,Standard Class,1467
CA-2015-163034,2015-11-24,DK-12985,Consumer,Central,Standard Class,6462
CA-2015-163223,2015-03-21,KH-16690,Corporate,South,Standard Class,375660
CA-2015-163293,2015-09-08,KC-16255,Corporate,South,First Class,11685
CA-2015-163412,2015-12-20,SM-20950,Corporate,East,Second Class,192186
CA-2015-163419,2015-11-11,TZ-21580,Consumer,West,Second Class,623768
CA-2015-163447,2015-12-27,TB-21190,Home Office,East,Standard Class,767214
CA-2015-163468,2015-11-18,JK-15730,Consumer,Central,First Class,476645
CA-2015-163552,2015-07-11,LA-16780,Corporate,East,Standard Class,119618
CA-2015-163559,2015-09-23,ST-20530,Consumer,East,Second Class,13944
CA-2015-163650,2015-09-23,TT-21220,Consumer,East,First Class,1329
CA-2015-163748,2015-10-14,HG-15025,Consumer,Central,Standard Class,200312
CA-2015-164182,2015-07-14,ST-20530,Consumer,East,Standard Class,111050
CA-2015-164210,2015-11-18,PW-19240,Consumer,West,Second Class,50406
CA-2015-164224,2015-05-18,TT-21070,Consumer,East,Second Class,165168
CA-2015-164259,2015-12-28,SP-20860,Corporate,East,First Class,99136
CA-2015-164315,2015-04-02,RD-19585,Consumer,South,Standard Class,108126
CA-2015-164385,2015-09-26,NB-18580,Corporate,East,Second Class,143952
CA-2015-164469,2015-06-25,GK-14620,Corporate,West,Second Class,107356
CA-2015-164721,2015-11-25,LW-16825,Corporate,West,Second Class,37152
CA-2015-164742,2015-10-13,ML-17395,Corporate,East,Second Class,26492
CA-2015-164749,2015-03-23,BG-11740,Consumer,South,First Class,9912
CA-2015-164861,2015-12-03,MC-17635,Corporate,Central,Second Class,2592
CA-2015-164903,2015-02-20,SR-20740,Home Office,West,Standard Class,1296
CA-2015-164910,2015-11-12,DM-13345,Corporate,South,Second Class,7872
CA-2015-164973,2015-11-04,NM-18445,Home Office,East,Standard Class,567391
CA-2015-165309,2015-11-11,KD-16270,Consumer,Central,Standard Class,618221
CA-2015-165379,2015-07-09,BM-11650,Corporate,Central,Standard Class,24720
CA-2015-165393,2015-12-27,NC-18415,Consumer,Central,First Class,4984
CA-2015-165428,2015-09-01,JL-15130,Consumer,Central,First Class,34752
CA-2015-165477,2015-12-29,RE-19405,Consumer,East,Second Class,4836
CA-2015-165540,2015-02-21,TM-21010,Consumer,Central,Standard Class,885
CA-2015-165568,2015-02-15,BF-11020,Corporate,West,Standard Class,2136
CA-2015-165764,2015-11-03,SH-20395,Consumer,South,Standard Class,1395673
CA-2015-165806,2015-04-07,VM-21685,Home Office,South,Same Day,25929
CA-2015-165974,2015-06-29,DL-12865,Consumer,East,Standard Class,3276
CA-2015-166051,2015-05-31,JK-15625,Consumer,South,Standard Class,77370
CA-2015-166086,2015-05-07,CT-11995,Consumer,East,Standard Class,109135
CA-2015-166191,2015-12-05,DK-13150,Corporate,Central,Second Class,433560
CA-2015-166457,2015-05-05,PF-19120,Consumer,South,Second Class,4054
CA-2015-166471,2015-08-09,MG-17650,Home Office,West,Standard Class,1310336
CA-2015-166590,2015-10-29,NC-18625,Corporate,Central,Standard Class,7786
CA-2015-166716,2015-08-20,CR-12730,Consumer,Central,Second Class,421372
CA-2015-166730,2015-12-30,DD-13570,Consumer,South,First Class,39128
CA-2015-166744,2015-09-20,DN-13690,Consumer,East,Standard Class,58714
CA-2015-166863,2015-06-20,SC-20020,Consumer,Central,Standard Class,2676508
CA-2015-166884,2015-03-11,CK-12205,Consumer,East,Second Class,11296
CA-2015-166891,2015-10-04,CC-12220,Consumer,East,First Class,58941
CA-2015-166954,2015-04-25,BT-11305,Home Office,West,Standard Class,206101
CA-2015-166961,2015-12-27,CD-12790,Home Office,West,Standard Class,44085
CA-2015-166989,2015-11-14,RM-19675,Home Office,East,Standard Class,70400
CA-2015-167164,2015-05-13,AG-10270,Consumer,West,Second Class,555
CA-2015-167199,2015-01-06,ME-17320,Home Office,South,Standard Class,437488
CA-2015-167360,2015-11-24,RB-19435,Consumer,Central,Second Class,11179
CA-2015-167486,2015-11-27,JO-15145,Corporate,East,Standard Class,1999
CA-2015-167724,2015-04-13,BF-11170,Home Office,East,Standard Class,783
CA-2015-167850,2015-08-09,AG-10525,Corporate,South,Standard Class,193936
CA-2015-167927,2015-01-20,XP-21865,Consumer,Central,Standard Class,291133
CA-2015-167997,2015-01-26,CA-11965,Corporate,Central,First Class,15264
CA-2015-168130,2015-09-19,BS-11365,Corporate,East,Same Day,887103
CA-2015-168158,2015-07-19,EM-14140,Home Office,West,Standard Class,6096
CA-2015-168305,2015-11-01,PL-18925,Home Office,West,Standard Class,658
CA-2015-168312,2015-03-01,GW-14605,Consumer,Central,Standard Class,513861
CA-2015-168368,2015-02-11,GA-14725,Consumer,Central,Second Class,48856
CA-2015-168473,2015-12-26,TB-21520,Consumer,East,Standard Class,19188
CA-2015-168494,2015-12-12,NP-18700,Consumer,West,Second Class,6925281
CA-2015-168592,2015-09-08,DP-13390,Home Office,West,Standard Class,7564
CA-2015-168823,2015-09-21,MA-17560,Home Office,East,First Class,32160
CA-2015-168984,2015-11-26,NW-18400,Consumer,West,Standard Class,520796
CA-2015-169019,2015-07-26,LF-17185,Consumer,Central,Standard Class,2648724
CA-2015-169033,2015-03-30,KM-16720,Consumer,East,Standard Class,4965
CA-2015-169061,2015-03-05,AB-10150,Consumer,East,Second Class,115225
CA-2015-169257,2015-06-06,SV-20785,Consumer,South,Standard Class,63381
CA-2015-169446,2015-12-19,SG-20605,Consumer,Central,Standard Class,372120
CA-2015-169460,2015-04-19,NF-18595,Home Office,West,Second Class,7614
CA-2015-169642,2015-07-27,BB-10990,Corporate,West,Second Class,27628
CA-2015-169649,2015-12-09,TS-21205,Corporate,Central,Standard Class,28836
CA-2015-169684,2015-10-20,FH-14365,Corporate,South,First Class,131211
CA-2015-169726,2015-08-09,JH-15985,Consumer,West,Standard Class,2060744
CA-2015-169775,2015-08-29,RA-19945,Consumer,South,Second Class,2275569
CA-2015-169803,2015-04-06,SC-20260,Corporate,West,Standard Class,65694
CA-2015-169852,2015-10-21,SF-20965,Corporate,West,Standard Class,3636
CA-2016-100146,2016-05-14,CB-12535,Corporate,West,Standard Class,5931786
CA-2016-100216,2016-04-13,HJ-14875,Home Office,West,First Class,85920
CA-2016-100454,2016-11-20,BM-11650,Corporate,East,Standard Class,193245
CA-2016-100545,2016-11-22,IM-15070,Consumer,East,Standard Class,1161
CA-2016-100573,2016-09-25,AM-10705,Consumer,West,Standard Class,1748
CA-2016-100657,2016-11-02,SW-20245,Consumer,East,Standard Class,109764
CA-2016-100685,2016-12-19,SM-20950,Corporate,Central,Second Class,12836
CA-2016-100734,2016-09-15,AC-10615,Corporate,East,Standard Class,150760
CA-2016-100769,2016-05-16,TH-21550,Home Office,South,Same Day,255968
CA-2016-100818,2016-05-31,JM-15265,Corporate,Central,Second Class,188112
CA-2016-100888,2016-04-06,MH-17455,Consumer,South,Standard Class,47952
CA-2016-101000,2016-04-09,IG-15085,Consumer,East,Standard Class,37014
CA-2016-101007,2016-02-09,MS-17980,Corporate,Central,Second Class,208
CA-2016-101091,2016-12-05,SW-20245,Consumer,East,Second Class,74048
CA-2016-101126,2016-02-10,NB-18655,Corporate,East,Second Class,7724
CA-2016-101154,2016-09-18,CM-12190,Consumer,West,First Class,44392
CA-2016-101707,2016-08-27,PF-19165,Consumer,West,Standard Class,4744
CA-2016-101868,2016-06-09,MJ-17740,Consumer,South,Standard Class,5220
CA-2016-101889,2016-12-27,DB-13120,Corporate,East,Standard Class,174771
CA-2016-101910,2016-11-27,CD-11920,Consumer,West,Standard Class,28392
CA-2016-101924,2016-09-04,KB-16585,Corporate,West,Standard Class,9762
CA-2016-102016,2016-09-12,TM-21010,Consumer,East,Standard Class,14862
CA-2016-102036,2016-09-21,CS-12130,Consumer,West,Standard Class,19974
CA-2016-102260,2016-09-22,SJ-20125,Home Office,South,Standard Class,751520
CA-2016-102281,2016-10-12,MP-17470,Home Office,East,First Class,1538047
CA-2016-102316,2016-03-01,DH-13075,Corporate,West,Second Class,200736
CA-2016-102491,2016-08-24,KW-16435,Consumer,South,Standard Class,69873
CA-2016-102582,2016-09-15,NW-18400,Consumer,South,Standard Class,191879
CA-2016-102722,2016-04-18,KW-16570,Consumer,South,First Class,1065
CA-2016-102778,2016-11-21,JH-15820,Consumer,South,First Class,18176
CA-2016-102806,2016-05-21,HG-14965,Corporate,East,Standard Class,24588
CA-2016-102848,2016-11-07,KB-16240,Corporate,West,Second Class,19072
CA-2016-102855,2016-04-05,JF-15415,Consumer,West,Same Day,26378
CA-2016-102876,2016-09-07,LR-17035,Corporate,East,Standard Class,806409
CA-2016-103072,2016-09-27,HW-14935,Corporate,Central,Second Class,2756
CA-2016-103093,2016-02-03,FO-14305,Consumer,South,Standard Class,7452
CA-2016-103135,2016-07-24,SS-20515,Home Office,South,Standard Class,52595
CA-2016-103177,2016-05-30,EN-13780,Consumer,East,First Class,52914
CA-2016-103205,2016-12-08,JJ-15760,Home Office,Central,Second Class,11996
CA-2016-103716,2016-04-30,KB-16585,Corporate,West,Standard Class,3663
CA-2016-103723,2016-12-01,BT-11305,Home Office,West,Standard Class,139
CA-2016-103793,2016-03-26,BV-11245,Corporate,South,Standard Class,74352
CA-2016-103835,2016-09-24,SC-20440,Corporate,West,Standard Class,117303
CA-2016-103870,2016-12-27,SP-20860,Corporate,South,Standard Class,284440
CA-2016-103933,2016-09-25,DR-12880,Corporate,East,First Class,89991
CA-2016-103954,2016-08-09,HR-14770,Home Office,Central,Second Class,6874
CA-2016-103961,2016-11-05,NG-18430,Consumer,Central,Standard Class,19824
CA-2016-104038,2016-02-06,LO-17170,Corporate,South,First Class,14972
CA-2016-104052,2016-03-01,TP-21565,Corporate,Central,First Class,9584
CA-2016-104059,2016-06-13,FC-14245,Home Office,East,Second Class,3424
CA-2016-104115,2016-06-12,JH-15910,Consumer,South,Standard Class,55984
CA-2016-104129,2016-02-27,ES-14080,Corporate,East,Standard Class,59990
CA-2016-104241,2016-01-04,AG-10495,Corporate,South,Standard Class,19222
CA-2016-104346,2016-12-11,IM-15070,Consumer,West,Standard Class,288075
CA-2016-104486,2016-05-01,PO-18850,Consumer,West,Standard Class,19414
CA-2016-104493,2016-10-02,EB-13705,Corporate,West,Standard Class,57504
CA-2016-104514,2016-01-02,CB-12535,Corporate,East,Second Class,11540
CA-2016-104626,2016-09-01,DR-12940,Home Office,East,Standard Class,128532
CA-2016-104871,2016-03-30,DR-12940,Home Office,Central,Standard Class,366744
CA-2016-104941,2016-06-13,DH-13075,Corporate,South,Standard Class,94713
CA-2016-105102,2016-09-15,BM-11575,Corporate,East,Second Class,127552
CA-2016-105158,2016-09-05,SP-20860,Corporate,Central,Standard Class,4300
CA-2016-105221,2016-11-01,VM-21685,Home Office,East,First Class,6704
CA-2016-105312,2016-11-06,MT-17815,Consumer,West,First Class,5109
CA-2016-105347,2016-11-24,DP-13000,Consumer,West,Standard Class,37038
CA-2016-105361,2016-03-29,CM-12115,Consumer,East,Standard Class,1764
CA-2016-105571,2016-11-07,CP-12340,Corporate,South,Standard Class,1361631
CA-2016-105599,2016-09-07,MC-17275,Consumer,East,Same Day,28810
CA-2016-105613,2016-10-18,KN-16705,Home Office,Central,Standard Class,100860
CA-2016-105627,2016-03-08,DK-12895,Consumer,Central,Standard Class,253188
CA-2016-105634,2016-11-08,HA-14905,Consumer,East,Standard Class,1165
CA-2016-105690,2016-11-21,CA-11965,Corporate,Central,Second Class,2913016
CA-2016-105725,2016-02-18,GT-14755,Consumer,West,Standard Class,41650
CA-2016-105844,2016-10-25,JF-15415,Consumer,West,Second Class,7936
CA-2016-105970,2016-03-02,PA-19060,Home Office,Central,Standard Class,11204
CA-2016-106187,2016-06-23,RF-19345,Corporate,South,Standard Class,19415
CA-2016-106208,2016-12-10,JW-16075,Consumer,Central,Standard Class,53088
CA-2016-106215,2016-04-16,BN-11470,Corporate,East,Standard Class,12576
CA-2016-106257,2016-04-13,EB-14110,Consumer,West,Second Class,289560
CA-2016-106320,2016-09-25,EB-13870,Consumer,West,Standard Class,104463
CA-2016-106362,2016-12-11,LC-16885,Consumer,East,Standard Class,10332
CA-2016-106565,2016-03-20,BW-11110,Corporate,Central,First Class,5184
CA-2016-106978,2016-09-28,ZC-21910,Consumer,West,Standard Class,17156
CA-2016-107020,2016-07-10,MV-18190,Consumer,West,Standard Class,3992
CA-2016-107083,2016-11-21,BB-11545,Corporate,Central,Standard Class,32426
CA-2016-107468,2016-12-18,MK-17905,Corporate,West,Standard Class,6848
CA-2016-107678,2016-04-21,JK-16090,Consumer,South,Standard Class,87392
CA-2016-107685,2016-11-30,JM-15865,Consumer,West,Second Class,10688
CA-2016-107741,2016-03-08,FC-14335,Corporate,West,First Class,3408
CA-2016-107902,2016-08-28,SM-20950,Corporate,East,Standard Class,47036
CA-2016-107937,2016-05-03,JB-16045,Home Office,West,Standard Class,66588
CA-2016-108119,2016-11-01,MS-17530,Consumer,South,Standard Class,30196
CA-2016-108259,2016-11-08,NS-18640,Corporate,South,Standard Class,76599
CA-2016-108532,2016-08-29,CC-12100,Home Office,Central,Standard Class,24650
CA-2016-108588,2016-01-05,BG-11695,Corporate,East,Standard Class,20868
CA-2016-108665,2016-07-06,KM-16225,Corporate,East,Standard Class,89638
CA-2016-108672,2016-09-10,FA-14230,Corporate,West,Standard Class,10668
CA-2016-109001,2016-03-05,KN-16390,Corporate,East,Standard Class,479026
CA-2016-109113,2016-12-19,EK-13795,Home Office,Central,Standard Class,25488
CA-2016-109169,2016-04-20,OT-18730,Consumer,Central,Standard Class,18096
CA-2016-109190,2016-10-23,CC-12685,Consumer,Central,Standard Class,541320
CA-2016-109197,2016-12-31,JO-15280,Consumer,West,Standard Class,487984
CA-2016-109337,2016-11-21,DL-13330,Consumer,Central,Second Class,43260
CA-2016-109386,2016-11-08,RH-19600,Consumer,South,Second Class,52224
CA-2016-109470,2016-12-31,KC-16255,Corporate,South,Second Class,19949
CA-2016-109512,2016-03-05,LF-17185,Consumer,East,Same Day,392175
CA-2016-109575,2016-09-18,KH-16630,Corporate,East,Standard Class,250382
CA-2016-109603,2016-01-26,EM-13825,Corporate,West,Standard Class,18272
CA-2016-109638,2016-12-15,JH-15985,Consumer,West,Standard Class,151695
CA-2016-109708,2016-05-25,CY-12745,Corporate,South,Second Class,46704
CA-2016-109736,2016-10-10,DJ-13420,Corporate,West,First Class,4536
CA-2016-109862,2016-10-25,HK-14890,Corporate,East,Standard Class,18810
CA-2016-109939,2016-05-08,AA-10375,Consumer,West,Standard Class,5248
CA-2016-110016,2016-11-29,BT-11395,Corporate,Central,Standard Class,112683
CA-2016-110093,2016-12-03,AB-10255,Home Office,East,Standard Class,53232
CA-2016-110247,2016-12-04,RH-19555,Consumer,South,Standard Class,8226
CA-2016-110289,2016-10-29,NB-18655,Corporate,West,Standard Class,21418
CA-2016-110324,2016-12-01,MA-17560,Home Office,Central,Standard Class,4162
CA-2016-110345,2016-03-09,TG-21310,Consumer,South,Second Class,4608
CA-2016-110457,2016-03-02,DK-13090,Consumer,West,Standard Class,78753
CA-2016-110548,2016-05-04,AH-10690,Corporate,Central,Standard Class,946344
CA-2016-110632,2016-03-17,HR-14830,Corporate,East,Second Class,4884
CA-2016-110667,2016-04-04,NF-18595,Home Office,East,Standard Class,93632
CA-2016-110744,2016-09-07,HA-14920,Consumer,West,Standard Class,67193
CA-2016-110765,2016-10-16,MP-17965,Corporate,East,Second Class,82497
CA-2016-110814,2016-12-05,BD-11635,Consumer,East,Second Class,169238
CA-2016-110863,2016-11-17,AA-10645,Consumer,Central,Standard Class,77995
CA-2016-110870,2016-12-12,KD-16270,Consumer,West,First Class,32570
CA-2016-110877,2016-10-23,JE-15715,Consumer,Central,First Class,186672
CA-2016-110891,2016-11-20,PO-19195,Home Office,East,Standard Class,344372
CA-2016-110947,2016-06-09,AG-10765,Home Office,South,Standard Class,1131
CA-2016-111017,2016-07-31,SC-20695,Corporate,Central,Standard Class,5259
CA-2016-111038,2016-12-01,LC-16960,Home Office,West,Standard Class,2676672
CA-2016-111073,2016-12-26,MC-18100,Consumer,East,Standard Class,51588
CA-2016-111094,2016-07-09,CB-12535,Corporate,East,Standard Class,12952
CA-2016-111164,2016-04-11,SE-20110,Consumer,East,Standard Class,14779
CA-2016-111199,2016-11-13,JK-15730,Consumer,South,Standard Class,115296
CA-2016-111206,2016-07-18,RF-19735,Consumer,West,Standard Class,51996
CA-2016-111234,2016-02-18,AB-10600,Corporate,West,Standard Class,924
CA-2016-111297,2016-08-17,SC-20440,Corporate,East,Standard Class,522
CA-2016-111325,2016-02-27,BT-11395,Corporate,East,First Class,20451
CA-2016-111339,2016-05-29,VP-21760,Corporate,East,First Class,359430
CA-2016-111395,2016-11-23,VB-21745,Corporate,Central,Standard Class,84520
CA-2016-111458,2016-09-26,PF-19165,Consumer,East,Standard Class,50
CA-2016-111507,2016-02-06,VW-21775,Corporate,West,Standard Class,528
CA-2016-111514,2016-08-31,SC-20260,Corporate,West,First Class,1810182
CA-2016-111612,2016-11-28,EB-14110,Consumer,East,Standard Class,10120
CA-2016-111703,2016-07-02,KB-16315,Consumer,South,Standard Class,27504
CA-2016-111780,2016-12-25,RA-19285,Consumer,West,Second Class,121916
CA-2016-111829,2016-03-19,FH-14365,Corporate,West,First Class,441854
CA-2016-111864,2016-06-19,PP-18955,Home Office,East,Same Day,5904
CA-2016-111948,2016-11-11,AG-10495,Corporate,Central,Same Day,165690
CA-2016-111990,2016-11-08,DB-13660,Consumer,Central,Standard Class,10476
CA-2016-112014,2016-08-13,ON-18715,Corporate,West,Standard Class,508
CA-2016-112053,2016-10-11,SH-20395,Consumer,East,Second Class,3195
CA-2016-112116,2016-03-16,JE-15475,Consumer,West,Second Class,17196
CA-2016-112130,2016-05-03,SV-20785,Consumer,East,Standard Class,1040170
CA-2016-112144,2016-06-28,CY-12745,Corporate,West,Standard Class,68080
CA-2016-112214,2016-08-05,AH-10690,Corporate,Central,Standard Class,38630
CA-2016-112305,2016-11-20,KB-16405,Home Office,West,Standard Class,15516
CA-2016-112319,2016-08-31,AR-10510,Consumer,West,Standard Class,5832
CA-2016-112375,2016-12-21,RD-19720,Consumer,South,Standard Class,32400
CA-2016-112452,2016-04-04,NC-18340,Consumer,Central,Same Day,707029
CA-2016-112522,2016-10-10,DP-13165,Consumer,Central,Standard Class,8016
CA-2016-112557,2016-04-25,JL-15850,Consumer,East,First Class,20643
CA-2016-112571,2016-09-22,DL-12925,Consumer,West,Same Day,2046
CA-2016-112711,2016-07-12,FM-14380,Consumer,Central,Standard Class,307168
CA-2016-112767,2016-08-02,DK-12985,Consumer,West,Standard Class,2775
CA-2016-112823,2016-12-10,RA-19945,Consumer,East,Standard Class,25488
CA-2016-113040,2016-08-27,CC-12100,Home Office,West,Standard Class,5104
CA-2016-113110,2016-03-19,BK-11260,Consumer,West,Standard Class,26380
CA-2016-113131,2016-09-24,MB-17305,Consumer,East,Same Day,68020
CA-2016-113145,2016-11-01,VD-21670,Consumer,East,Standard Class,198633
CA-2016-113152,2016-12-25,JK-15625,Consumer,East,Standard Class,458007
CA-2016-113173,2016-11-15,DK-13225,Corporate,Central,Second Class,262508
CA-2016-113215,2016-09-03,CP-12085,Corporate,West,Standard Class,238152
CA-2016-113222,2016-11-09,AG-10765,Home Office,Central,Same Day,1074
CA-2016-113404,2016-07-16,EM-13810,Corporate,West,Same Day,2048856
CA-2016-113523,2016-09-04,SC-20440,Corporate,East,Standard Class,7656
CA-2016-113628,2016-11-12,AH-10690,Corporate,South,Standard Class,310396
CA-2016-113740,2016-08-24,SC-20380,Consumer,East,Second Class,1491
CA-2016-113901,2016-10-19,NH-18610,Corporate,Central,Standard Class,18823
CA-2016-113971,2016-05-08,CB-12535,Corporate,East,Standard Class,8352
CA-2016-114048,2016-12-14,EH-13945,Consumer,West,Standard Class,2922
CA-2016-114069,2016-07-13,ND-18370,Consumer,East,Second Class,205908
CA-2016-114237,2016-03-13,MC-17275,Consumer,West,First Class,14196
CA-2016-114300,2016-10-13,AF-10885,Consumer,South,Standard Class,37166
CA-2016-114468,2016-08-23,TD-20995,Consumer,Central,Same Day,31336
CA-2016-114503,2016-11-13,AA-10375,Consumer,South,Standard Class,8496
CA-2016-114811,2016-11-08,KD-16495,Corporate,East,Same Day,687097
CA-2016-114923,2016-02-08,LH-17020,Consumer,East,Standard Class,107982
CA-2016-115091,2016-10-05,JJ-15760,Home Office,South,Standard Class,3346
CA-2016-115168,2016-06-05,BB-11545,Corporate,Central,Standard Class,1056
CA-2016-115392,2016-10-01,RM-19675,Home Office,East,Second Class,33443
CA-2016-115399,2016-12-19,AG-10900,Consumer,East,First Class,6912
CA-2016-115420,2016-04-25,LS-16945,Corporate,West,Standard Class,2134
CA-2016-115511,2016-11-21,NW-18400,Consumer,West,Standard Class,80244
CA-2016-115567,2016-09-13,ZC-21910,Consumer,Central,Standard Class,35158
CA-2016-115693,2016-12-10,FC-14245,Home Office,West,Standard Class,563
CA-2016-115742,2016-04-18,DP-13000,Consumer,Central,Standard Class,20955
CA-2016-115798,2016-11-13,KL-16645,Consumer,East,Standard Class,81020
CA-2016-115847,2016-09-19,TC-21535,Home Office,South,Second Class,6196
CA-2016-115924,2016-09-14,BE-11455,Home Office,Central,Second Class,259
CA-2016-115938,2016-06-26,SA-20830,Consumer,South,Standard Class,53536
CA-2016-115945,2016-06-25,AB-10165,Consumer,West,Standard Class,121271
CA-2016-116092,2016-02-15,JM-16195,Consumer,West,Second Class,62748
CA-2016-116260,2016-07-06,BF-10975,Corporate,East,Standard Class,1112
CA-2016-116484,2016-11-20,JK-15205,Consumer,East,Standard Class,205376
CA-2016-116512,2016-04-09,MC-18100,Consumer,East,Standard Class,1794
CA-2016-116638,2016-01-28,JH-15985,Consumer,South,Second Class,4297644
CA-2016-116687,2016-05-02,NC-18625,Corporate,Central,Standard Class,167232
CA-2016-116750,2016-07-05,BF-10975,Corporate,South,Second Class,5651
CA-2016-116841,2016-04-14,TP-21130,Consumer,West,Standard Class,35208
CA-2016-116876,2016-02-14,TT-21070,Consumer,East,Standard Class,89023
CA-2016-117086,2016-11-08,QJ-19255,Corporate,East,Standard Class,44049
CA-2016-117415,2016-12-27,SN-20710,Home Office,Central,Standard Class,6020546
CA-2016-117611,2016-11-08,MZ-17335,Home Office,West,Second Class,37202
CA-2016-117772,2016-09-10,MC-17575,Consumer,West,Second Class,35388
CA-2016-117800,2016-09-21,TH-21550,Home Office,East,Standard Class,60193
CA-2016-117828,2016-12-23,BD-11500,Consumer,South,First Class,19432
CA-2016-117884,2016-03-22,DC-13285,Consumer,South,Same Day,598352
CA-2016-117898,2016-12-05,TB-21250,Consumer,Central,Standard Class,12224
CA-2016-117961,2016-11-26,GP-14740,Corporate,East,Standard Class,9721
CA-2016-118227,2016-04-24,DB-13270,Home Office,East,Standard Class,2599
CA-2016-118423,2016-03-24,DP-13390,Home Office,Central,First Class,359058
CA-2016-118444,2016-11-05,VD-21670,Consumer,South,Standard Class,387136
CA-2016-118738,2016-10-24,AG-10495,Corporate,Central,Standard Class,373281
CA-2016-118843,2016-09-13,JH-15910,Consumer,South,Standard Class,19986
CA-2016-118871,2016-12-04,HM-14860,Corporate,West,Second Class,137860
CA-2016-118948,2016-05-28,NK-18490,Home Office,West,Standard Class,663
CA-2016-118955,2016-06-16,LS-17230,Consumer,Central,Standard Class,253340
CA-2016-119102,2016-05-23,KH-16690,Corporate,East,Standard Class,5145
CA-2016-119214,2016-01-23,CW-11905,Home Office,West,Standard Class,4366
CA-2016-119291,2016-05-14,JO-15550,Home Office,East,First Class,527868
CA-2016-119480,2016-01-09,CC-12685,Consumer,South,Standard Class,36407
CA-2016-119508,2016-12-04,TZ-21580,Consumer,West,Standard Class,2677
CA-2016-119550,2016-12-26,RB-19705,Home Office,Central,Standard Class,275058
CA-2016-119592,2016-12-14,MM-18280,Corporate,South,Second Class,376
CA-2016-119627,2016-08-17,SC-20725,Consumer,West,Standard Class,52096
CA-2016-119634,2016-08-11,BW-11065,Consumer,South,Standard Class,46152
CA-2016-119690,2016-06-25,MV-17485,Consumer,Central,First Class,128928
CA-2016-119697,2016-12-28,EM-13960,Consumer,East,Second Class,54384
CA-2016-119879,2016-11-21,SS-20410,Consumer,East,Standard Class,1263801
CA-2016-119907,2016-12-01,LC-17140,Consumer,West,Standard Class,55424
CA-2016-119942,2016-04-05,TT-21070,Consumer,East,First Class,23904
CA-2016-120103,2016-12-24,MS-17365,Consumer,West,Standard Class,225928
CA-2016-120320,2016-03-05,MV-18190,Consumer,Central,Standard Class,3192
CA-2016-120341,2016-09-26,SF-20200,Consumer,East,Second Class,166998
CA-2016-120362,2016-09-14,CA-12265,Consumer,West,Standard Class,91275
CA-2016-120397,2016-07-02,RB-19435,Consumer,Central,Same Day,32784
CA-2016-120439,2016-06-14,AD-10180,Home Office,East,Standard Class,51072
CA-2016-120446,2016-11-16,JG-15805,Corporate,West,First Class,189
CA-2016-120516,2016-08-13,CK-12595,Consumer,South,Standard Class,564
CA-2016-120551,2016-04-13,SS-20590,Consumer,Central,Standard Class,1743
CA-2016-120621,2016-03-21,JW-16075,Consumer,South,Standard Class,404507
CA-2016-120677,2016-05-31,BD-11320,Consumer,Central,Standard Class,256784
CA-2016-120782,2016-04-28,SD-20485,Home Office,Central,First Class,568029
CA-2016-120810,2016-07-23,TH-21550,Home Office,East,Standard Class,19776
CA-2016-120845,2016-09-25,ML-17395,Corporate,South,Standard Class,13117
CA-2016-120880,2016-05-29,JL-15850,Consumer,West,Standard Class,71157
CA-2016-120901,2016-12-31,BG-11035,Consumer,Central,Standard Class,162064
CA-2016-120915,2016-09-28,JJ-15445,Consumer,East,Second Class,60150
CA-2016-121041,2016-11-03,CS-12250,Corporate,Central,Standard Class,6608
CA-2016-121097,2016-01-03,SF-20965,Corporate,Central,Standard Class,10368
CA-2016-121132,2016-07-17,VB-21745,Corporate,Central,Standard Class,20696
CA-2016-121188,2016-08-28,CB-12025,Consumer,West,Standard Class,517511
CA-2016-121272,2016-03-29,DO-13435,Consumer,West,Standard Class,7328
CA-2016-121391,2016-10-04,AA-10315,Consumer,West,First Class,2696
CA-2016-121405,2016-03-30,FC-14335,Corporate,Central,Standard Class,20448
CA-2016-121552,2016-03-22,FW-14395,Corporate,South,Standard Class,1956
CA-2016-121608,2016-09-03,JB-15400,Corporate,East,First Class,23811
CA-2016-121650,2016-12-10,KD-16495,Corporate,Central,Standard Class,99692
CA-2016-121699,2016-08-10,BD-11320,Consumer,Central,Standard Class,6475
CA-2016-121720,2016-06-11,JE-15610,Corporate,South,First Class,2076402
CA-2016-121776,2016-02-16,RD-19585,Consumer,West,Standard Class,12455
CA-2016-121783,2016-11-10,PO-19180,Home Office,Central,Standard Class,216512
CA-2016-121797,2016-01-30,CC-12145,Consumer,West,Standard Class,1942712
CA-2016-121965,2016-06-19,LH-17155,Consumer,West,Standard Class,20573
CA-2016-122168,2016-08-21,HG-14965,Corporate,South,Standard Class,5328
CA-2016-122210,2016-11-30,WB-21850,Consumer,East,Standard Class,173067
CA-2016-122259,2016-10-31,HP-14815,Home Office,Central,Standard Class,7012
CA-2016-122266,2016-04-26,SA-20830,Consumer,South,Standard Class,1917779
CA-2016-122287,2016-06-18,SN-20560,Home Office,West,Standard Class,33180
CA-2016-122371,2016-09-26,BS-11800,Home Office,West,Standard Class,18863
CA-2016-122406,2016-08-02,BE-11455,Home Office,East,Second Class,44065
CA-2016-122623,2016-09-07,CC-12145,Consumer,Central,Standard Class,47516
CA-2016-122756,2016-12-03,DK-13225,Corporate,East,Standard Class,48530
CA-2016-122826,2016-06-23,RD-19480,Consumer,West,Second Class,201568
CA-2016-123092,2016-12-03,JG-15115,Consumer,South,Standard Class,202477
CA-2016-123113,2016-11-23,AT-10735,Consumer,East,Second Class,264306
CA-2016-123141,2016-11-14,GZ-14470,Consumer,West,Standard Class,318736
CA-2016-123155,2016-03-09,NS-18640,Corporate,Central,First Class,47340
CA-2016-123232,2016-12-14,DJ-13630,Consumer,West,Second Class,319968
CA-2016-123330,2016-06-21,EP-13915,Consumer,South,Standard Class,107976
CA-2016-123456,2016-07-09,KN-16450,Corporate,Central,Standard Class,48632
CA-2016-123505,2016-11-22,AR-10540,Consumer,East,Standard Class,1494
CA-2016-123568,2016-11-08,SC-20095,Consumer,West,Standard Class,25635
CA-2016-123673,2016-10-30,CH-12070,Home Office,Central,Second Class,2999
CA-2016-123939,2016-08-24,MS-17710,Consumer,East,Second Class,469398
CA-2016-124044,2016-07-23,MS-17830,Consumer,East,Second Class,10512
CA-2016-124058,2016-11-20,LC-16885,Consumer,West,Standard Class,129960
CA-2016-124107,2016-10-09,BM-11650,Corporate,Central,Second Class,100110
CA-2016-124268,2016-07-04,AD-10180,Home Office,East,Standard Class,1548
CA-2016-124450,2016-04-27,GT-14710,Consumer,East,Standard Class,267019
CA-2016-124499,2016-10-09,FM-14380,Consumer,Central,Standard Class,65988
CA-2016-124541,2016-04-06,TT-21220,Consumer,Central,Standard Class,85221
CA-2016-124653,2016-12-24,DB-13120,Corporate,East,First Class,16731
CA-2016-124800,2016-09-26,RW-19540,Corporate,West,Standard Class,806511
CA-2016-124891,2016-07-31,RH-19495,Consumer,East,Same Day,1323691
CA-2016-124919,2016-05-31,SP-20650,Corporate,West,First Class,24478
CA-2016-124933,2016-12-26,DF-13135,Consumer,East,Second Class,21264
CA-2016-124975,2016-06-22,MG-17875,Home Office,Central,First Class,796425
CA-2016-125066,2016-12-14,KD-16495,Corporate,South,Standard Class,1179
CA-2016-125178,2016-10-03,MZ-17515,Corporate,East,Standard Class,15008
CA-2016-125185,2016-03-05,AH-10195,Corporate,East,Second Class,132940
CA-2016-125234,2016-11-27,SN-20710,Home Office,West,Standard Class,22179
CA-2016-125395,2016-06-26,LA-16780,Corporate,Central,Second Class,419
CA-2016-125416,2016-11-02,KC-16540,Consumer,West,Same Day,44793
CA-2016-125423,2016-12-13,MC-17575,Consumer,West,Second Class,996
CA-2016-125563,2016-04-11,PR-18880,Consumer,South,Standard Class,61264
CA-2016-125696,2016-10-02,NP-18685,Home Office,South,Standard Class,738
CA-2016-125710,2016-10-08,BT-11680,Consumer,Central,Standard Class,344
CA-2016-125934,2016-09-11,SN-20560,Home Office,East,Standard Class,21085
CA-2016-125976,2016-09-27,JK-15205,Consumer,South,Standard Class,188737
CA-2016-126137,2016-10-03,BS-11755,Consumer,West,Standard Class,120666
CA-2016-126186,2016-09-11,GB-14530,Corporate,West,First Class,2464
CA-2016-126347,2016-12-14,AJ-10945,Consumer,West,Second Class,50
CA-2016-126445,2016-08-27,RA-19945,Consumer,West,Standard Class,48465
CA-2016-126466,2016-11-09,JO-15550,Home Office,West,Standard Class,248
CA-2016-126557,2016-07-12,RL-19615,Consumer,Central,Second Class,1604783
CA-2016-126669,2016-11-07,DO-13645,Consumer,Central,Standard Class,7664
CA-2016-126697,2016-09-21,SV-20815,Corporate,Central,First Class,952784
CA-2016-126725,2016-11-17,BS-11665,Consumer,West,Standard Class,731092
CA-2016-126739,2016-11-01,JH-16180,Consumer,East,Second Class,327564
CA-2016-126970,2016-09-20,TP-21130,Consumer,Central,Standard Class,2808
CA-2016-127019,2016-12-21,ER-13855,Corporate,West,Standard Class,60984
CA-2016-127110,2016-06-25,CH-12070,Home Office,East,Standard Class,109360
CA-2016-127173,2016-09-26,GM-14500,Consumer,East,Standard Class,145493
CA-2016-127327,2016-02-03,PW-19030,Corporate,East,Standard Class,90882
CA-2016-127418,2016-06-13,JJ-15445,Consumer,West,First Class,36624
CA-2016-127453,2016-12-19,JK-15370,Consumer,East,First Class,526736
CA-2016-127481,2016-12-12,JD-15895,Corporate,West,Second Class,10112
CA-2016-127502,2016-12-10,MT-17815,Consumer,West,Standard Class,576
CA-2016-127509,2016-11-09,AS-10090,Consumer,Central,Standard Class,108516
CA-2016-127593,2016-09-21,DH-13675,Home Office,East,Same Day,853
CA-2016-127607,2016-03-20,JK-15730,Consumer,Central,Standard Class,21376
CA-2016-127754,2016-07-26,CK-12760,Corporate,West,Standard Class,266352
CA-2016-127824,2016-10-18,JC-15775,Consumer,West,Standard Class,252389
CA-2016-128013,2016-08-09,MF-18250,Corporate,East,Standard Class,15414
CA-2016-128027,2016-09-14,CM-12385,Consumer,South,Second Class,26949
CA-2016-128083,2016-03-12,EB-13750,Corporate,South,Standard Class,18184
CA-2016-128125,2016-03-31,EB-13705,Corporate,Central,Standard Class,100614
CA-2016-128139,2016-07-03,BD-11725,Consumer,South,Standard Class,36591
CA-2016-128167,2016-06-22,KL-16645,Consumer,West,Second Class,496
CA-2016-128356,2016-10-02,RP-19390,Consumer,West,Standard Class,10944
CA-2016-128608,2016-01-12,CS-12490,Corporate,East,Standard Class,282316
CA-2016-128860,2016-06-29,SC-20725,Consumer,East,Standard Class,20104
CA-2016-128958,2016-01-24,CR-12820,Home Office,South,Standard Class,1312
CA-2016-128993,2016-09-12,CC-12670,Consumer,West,Second Class,2198
CA-2016-129042,2016-12-12,EM-13960,Consumer,East,Standard Class,822
CA-2016-129098,2016-10-09,DK-13090,Consumer,South,Standard Class,3084
CA-2016-129112,2016-11-29,AW-10840,Consumer,Central,First Class,10932
CA-2016-129217,2016-05-10,DP-13390,Home Office,Central,Same Day,43881
CA-2016-129322,2016-08-08,DB-13405,Consumer,East,Second Class,60144
CA-2016-129392,2016-07-08,DM-13015,Consumer,Central,Same Day,2112
CA-2016-129476,2016-10-15,PA-19060,Home Office,Central,Standard Class,33996
CA-2016-129525,2016-11-15,VP-21760,Corporate,East,Standard Class,16692
CA-2016-129532,2016-12-08,YS-21880,Corporate,West,Standard Class,22432
CA-2016-129546,2016-09-28,RP-19855,Corporate,West,Standard Class,141910
CA-2016-129700,2016-05-04,LA-16780,Corporate,Central,First Class,22288
CA-2016-129770,2016-02-21,JE-15715,Consumer,West,Second Class,4912
CA-2016-129854,2016-08-22,RB-19705,Home Office,East,Standard Class,1652
CA-2016-129896,2016-06-15,PF-19120,Consumer,West,Standard Class,496896
CA-2016-129917,2016-10-02,HM-14980,Consumer,West,First Class,115772
CA-2016-130022,2016-08-10,JK-16120,Home Office,Central,Standard Class,3768
CA-2016-130113,2016-12-27,AH-10030,Corporate,West,Standard Class,70047
CA-2016-130183,2016-11-13,PO-18850,Consumer,Central,Standard Class,6139992
CA-2016-130204,2016-09-03,DB-13120,Corporate,West,Standard Class,16268
CA-2016-130218,2016-03-23,SG-20470,Consumer,South,First Class,5948
CA-2016-130253,2016-12-14,PP-18955,Home Office,West,Standard Class,1524
CA-2016-130365,2016-04-25,ZC-21910,Consumer,Central,Standard Class,349082
CA-2016-130456,2016-08-21,DS-13180,Corporate,West,Standard Class,594496
CA-2016-130554,2016-04-07,FM-14290,Home Office,East,First Class,11736
CA-2016-130610,2016-07-05,VP-21730,Home Office,Central,Standard Class,19
CA-2016-130659,2016-12-04,MS-17365,Consumer,East,Second Class,565943
CA-2016-130736,2016-12-07,JF-15490,Consumer,West,First Class,657
CA-2016-130785,2016-09-05,AG-10900,Consumer,West,Standard Class,733283
CA-2016-130792,2016-04-28,RA-19915,Consumer,Central,Standard Class,44660
CA-2016-130848,2016-10-25,DG-13300,Corporate,West,Same Day,582336
CA-2016-130876,2016-05-12,AZ-10750,Consumer,East,Second Class,3663
CA-2016-130883,2016-09-26,TB-21520,Consumer,West,Standard Class,47678
CA-2016-130890,2016-11-02,JO-15280,Consumer,West,Standard Class,103884
CA-2016-130974,2016-11-27,MA-17560,Home Office,East,Second Class,504612
CA-2016-130995,2016-11-01,QJ-19255,Corporate,East,Standard Class,495
CA-2016-131072,2016-11-05,KL-16645,Consumer,West,Same Day,98352
CA-2016-131128,2016-10-19,TB-21520,Consumer,East,First Class,3444
CA-2016-131338,2016-08-09,NP-18325,Consumer,East,First Class,1743663
CA-2016-131352,2016-10-08,GH-14485,Corporate,Central,Standard Class,7278
CA-2016-131422,2016-11-05,GB-14530,Corporate,South,Standard Class,207
CA-2016-131457,2016-10-31,MZ-17515,Corporate,West,Standard Class,1428
CA-2016-131534,2016-03-28,AB-10165,Consumer,West,Standard Class,16958
CA-2016-131597,2016-09-14,SP-20620,Corporate,West,Standard Class,170136
CA-2016-131758,2016-05-28,KB-16315,Consumer,East,Standard Class,6087
CA-2016-131779,2016-06-12,LE-16810,Consumer,East,Standard Class,299
CA-2016-131856,2016-05-12,JG-15160,Consumer,Central,Standard Class,769024
CA-2016-131884,2016-12-06,DK-13375,Consumer,East,Same Day,156656
CA-2016-132080,2016-08-22,DP-13105,Corporate,East,First Class,50112
CA-2016-132101,2016-03-19,JO-15550,Home Office,West,Standard Class,453576
CA-2016-132136,2016-03-08,FO-14305,Consumer,Central,Standard Class,8568
CA-2016-132276,2016-02-23,LC-16960,Home Office,East,Standard Class,13584
CA-2016-132318,2016-10-30,TT-21220,Consumer,South,First Class,18291
CA-2016-132374,2016-02-22,PS-19045,Home Office,Central,Second Class,7936
CA-2016-132465,2016-09-11,DM-13525,Corporate,East,Second Class,101123
CA-2016-132486,2016-10-23,JF-15355,Consumer,West,Second Class,1291210
CA-2016-132507,2016-07-30,CC-12610,Corporate,Central,Second Class,61792
CA-2016-132570,2016-10-31,KT-16480,Consumer,East,Second Class,8274
CA-2016-132626,2016-07-09,BT-11680,Consumer,East,Standard Class,111960
CA-2016-132633,2016-02-03,KH-16630,Corporate,West,Second Class,12144
CA-2016-132815,2016-09-19,RW-19540,Corporate,West,Second Class,2296
CA-2016-132906,2016-09-10,CC-12145,Consumer,West,Standard Class,5152
CA-2016-132941,2016-05-25,MM-18280,Corporate,Central,First Class,262720
CA-2016-132948,2016-03-27,MV-17485,Consumer,West,Standard Class,837
CA-2016-133025,2016-09-17,MO-17800,Home Office,West,Second Class,324
CA-2016-133242,2016-06-18,KH-16510,Consumer,South,Standard Class,101533
CA-2016-133396,2016-08-13,GK-14620,Corporate,South,First Class,6468
CA-2016-133445,2016-10-05,JF-15490,Consumer,West,Standard Class,357462
CA-2016-133452,2016-04-13,ZC-21910,Consumer,West,Standard Class,730828
CA-2016-133494,2016-03-01,RP-19390,Consumer,East,Standard Class,3552
CA-2016-133536,2016-03-28,JH-15820,Consumer,East,Second Class,2292
CA-2016-133585,2016-03-01,CM-12715,Corporate,Central,First Class,12335312
CA-2016-133627,2016-05-31,SC-20050,Home Office,East,Standard Class,222
CA-2016-133837,2016-04-13,TH-21100,Consumer,West,Standard Class,10744
CA-2016-133977,2016-09-06,AT-10435,Home Office,South,Second Class,3444
CA-2016-134075,2016-12-12,HA-14905,Consumer,West,Standard Class,37703
CA-2016-134082,2016-12-11,JK-15640,Home Office,West,Standard Class,110528
CA-2016-134117,2016-12-17,PG-18895,Consumer,West,Second Class,165929
CA-2016-134201,2016-04-10,EH-14125,Home Office,East,Standard Class,15671
CA-2016-134257,2016-03-16,MS-17710,Consumer,South,Second Class,49893
CA-2016-134719,2016-10-10,JD-15790,Consumer,South,Standard Class,1801632
CA-2016-134747,2016-10-12,DL-12925,Consumer,Central,Second Class,41224
CA-2016-134782,2016-12-27,MD-17350,Consumer,South,Standard Class,10542
CA-2016-134859,2016-10-04,JK-16120,Home Office,East,Standard Class,85680
CA-2016-134894,2016-12-07,DK-12985,Consumer,South,Standard Class,43686
CA-2016-134922,2016-11-07,KB-16240,Corporate,East,Standard Class,244
CA-2016-134943,2016-12-05,SU-20665,Home Office,Central,First Class,1528
CA-2016-134992,2016-09-22,MG-17875,Home Office,South,Second Class,5122
CA-2016-135020,2016-05-28,MS-17770,Consumer,East,Standard Class,68772
CA-2016-135174,2016-04-30,BP-11230,Consumer,East,Second Class,102297
CA-2016-135251,2016-08-06,RP-19270,Corporate,Central,Standard Class,3752871
CA-2016-135272,2016-12-07,MS-17830,Consumer,West,Standard Class,7992
CA-2016-135314,2016-07-09,MC-17575,Consumer,East,Second Class,269982
CA-2016-135363,2016-03-28,CK-12205,Consumer,East,Standard Class,20784
CA-2016-135391,2016-02-09,FA-14230,Corporate,Central,Second Class,80880
CA-2016-135489,2016-09-19,GW-14605,Consumer,East,Second Class,27986
CA-2016-135510,2016-09-05,TW-21025,Home Office,South,Standard Class,6796
CA-2016-135538,2016-12-24,HR-14830,Corporate,West,Standard Class,88384
CA-2016-135545,2016-11-24,KM-16720,Consumer,West,Standard Class,49871
CA-2016-135580,2016-12-30,CL-12565,Consumer,West,Standard Class,325134
CA-2016-135622,2016-12-08,TT-21460,Home Office,Central,Second Class,377896
CA-2016-135685,2016-11-16,MP-18175,Home Office,Central,Second Class,223302
CA-2016-135727,2016-05-11,PS-18970,Home Office,West,Second Class,191968
CA-2016-135853,2016-12-11,CA-12775,Consumer,Central,First Class,30145
CA-2016-136105,2016-06-12,SZ-20035,Home Office,Central,Standard Class,2456
CA-2016-136147,2016-11-13,FM-14380,Consumer,South,Standard Class,132300
CA-2016-136196,2016-11-28,TP-21415,Consumer,East,Standard Class,32259
CA-2016-136224,2016-05-31,ML-18265,Consumer,South,Same Day,10272
CA-2016-136378,2016-04-02,CS-11845,Corporate,Central,Standard Class,9156
CA-2016-136420,2016-11-20,CS-12250,Corporate,West,First Class,94708
CA-2016-136469,2016-07-11,TS-21370,Corporate,East,First Class,222658
CA-2016-136658,2016-09-10,BO-11425,Consumer,East,Standard Class,608
CA-2016-136700,2016-12-06,DB-13120,Corporate,West,Second Class,896
CA-2016-136728,2016-09-13,AG-10900,Consumer,Central,Second Class,177896
CA-2016-136735,2016-07-26,HA-14920,Consumer,West,Standard Class,16786
CA-2016-136798,2016-05-08,DL-12925,Consumer,Central,Standard Class,54591
CA-2016-136805,2016-05-23,NM-18445,Home Office,Central,Second Class,16038
CA-2016-137064,2016-02-06,TS-21655,Consumer,Central,Standard Class,692214
CA-2016-137071,2016-12-20,ED-13885,Home Office,Central,First Class,1008
CA-2016-137106,2016-03-31,SC-20260,Corporate,South,Standard Class,7996
CA-2016-137113,2016-12-01,TW-21025,Home Office,West,Second Class,235665
CA-2016-137225,2016-12-15,JK-15640,Home Office,East,Standard Class,328
CA-2016-137281,2016-06-13,BF-10975,Corporate,South,Standard Class,648
CA-2016-137302,2016-04-26,BW-11110,Corporate,West,Standard Class,432216
CA-2016-137512,2016-05-07,AG-10675,Consumer,Central,Standard Class,259942
CA-2016-137526,2016-01-13,PB-19150,Consumer,West,Standard Class,117269
CA-2016-137603,2016-09-19,MH-17290,Home Office,West,Standard Class,84
CA-2016-137708,2016-11-22,NG-18430,Consumer,West,Second Class,7585
CA-2016-137750,2016-06-25,JF-15565,Consumer,West,Standard Class,20485
CA-2016-137897,2016-11-14,PJ-18835,Corporate,East,Standard Class,1012
CA-2016-137925,2016-11-30,JL-15235,Consumer,East,Standard Class,683774
CA-2016-137946,2016-09-01,DB-13615,Consumer,West,Second Class,979104
CA-2016-137974,2016-04-16,LL-16840,Consumer,South,First Class,229890
CA-2016-138002,2016-09-06,BT-11305,Home Office,West,Standard Class,25278
CA-2016-138009,2016-11-29,SF-20965,Corporate,Central,Standard Class,154247
CA-2016-138219,2016-03-23,BP-11095,Corporate,West,Standard Class,3336
CA-2016-138331,2016-08-07,JK-15625,Consumer,East,Standard Class,1068
CA-2016-138457,2016-09-13,AM-10705,Consumer,South,Standard Class,13092
CA-2016-138485,2016-02-27,NP-18670,Consumer,West,Second Class,53892
CA-2016-138492,2016-05-15,FC-14335,Corporate,East,Standard Class,51968
CA-2016-138534,2016-07-17,JM-15535,Consumer,West,Second Class,195466
CA-2016-138625,2016-11-02,EG-13900,Consumer,South,First Class,19772
CA-2016-138674,2016-11-14,KB-16585,Corporate,West,First Class,252016
CA-2016-138898,2016-05-25,JH-16180,Consumer,West,Standard Class,845728
CA-2016-138954,2016-11-15,MH-17785,Corporate,East,First Class,53943
CA-2016-139094,2016-11-22,MO-17800,Home Office,Central,Standard Class,206962
CA-2016-139164,2016-06-23,CS-12355,Consumer,West,Standard Class,362103
CA-2016-139248,2016-07-25,RD-19930,Consumer,West,Standard Class,62396
CA-2016-139290,2016-10-26,MY-17380,Corporate,West,Standard Class,576
CA-2016-139374,2016-09-10,AR-10345,Corporate,Central,Standard Class,179886
CA-2016-139584,2016-08-24,EM-13810,Corporate,East,Standard Class,284390
CA-2016-139731,2016-10-15,JE-15745,Consumer,Central,Same Day,271731
CA-2016-139738,2016-09-25,DK-12895,Consumer,Central,Standard Class,128744
CA-2016-139780,2016-12-31,AH-10690,Corporate,Central,Second Class,1164
CA-2016-139850,2016-06-12,GB-14575,Consumer,East,Standard Class,64032
CA-2016-139962,2016-12-13,Dp-13240,Home Office,East,Standard Class,5732
CA-2016-140025,2016-04-07,PF-19120,Consumer,Central,Standard Class,847200
CA-2016-140144,2016-06-20,SC-20770,Corporate,West,Second Class,151740
CA-2016-140221,2016-03-05,MS-17365,Consumer,Central,Second Class,94438
CA-2016-140375,2016-10-02,SG-20470,Consumer,East,Second Class,2682
CA-2016-140410,2016-11-03,CM-12655,Home Office,West,Standard Class,1222271
CA-2016-140557,2016-09-07,TN-21040,Home Office,East,Standard Class,55993
CA-2016-140718,2016-07-02,FA-14230,Corporate,South,First Class,35692
CA-2016-140830,2016-11-30,PS-18970,Home Office,South,Second Class,8936
CA-2016-140921,2016-02-03,AA-10375,Consumer,Central,First Class,15281
CA-2016-140984,2016-09-14,CC-12685,Consumer,East,Standard Class,891192
CA-2016-141012,2016-06-09,TG-21640,Consumer,West,Second Class,175912
CA-2016-141040,2016-10-09,TB-21250,Consumer,East,Second Class,65588
CA-2016-141145,2016-09-17,DB-13405,Consumer,South,Standard Class,87168
CA-2016-141243,2016-01-03,AH-10465,Consumer,Central,Second Class,13535016
CA-2016-141250,2016-01-19,PM-18940,Consumer,Central,Standard Class,301742
CA-2016-141327,2016-11-30,LR-16915,Consumer,South,First Class,440144
CA-2016-141565,2016-09-20,BG-11035,Consumer,South,Standard Class,1664132
CA-2016-141740,2016-11-01,JF-15490,Consumer,East,Standard Class,205164
CA-2016-141754,2016-12-20,EM-14200,Home Office,South,Standard Class,11696
CA-2016-141768,2016-05-25,NP-18685,Home Office,West,Second Class,1473
CA-2016-141810,2016-11-02,BB-10990,Corporate,Central,Standard Class,374076
CA-2016-141936,2016-08-07,PN-18775,Home Office,West,Standard Class,19152
CA-2016-142027,2016-04-09,JK-15370,Consumer,West,Standard Class,369912
CA-2016-142041,2016-06-07,EM-13810,Corporate,West,Second Class,752
CA-2016-142055,2016-05-08,AB-10255,Home Office,East,First Class,3794
CA-2016-142139,2016-08-31,SD-20485,Home Office,Central,Standard Class,2096
CA-2016-142202,2016-09-18,JR-16210,Corporate,South,Second Class,71712
CA-2016-142237,2016-07-11,CK-12595,Consumer,East,First Class,373992
CA-2016-142377,2016-12-04,MS-17980,Corporate,Central,Standard Class,8596
CA-2016-142419,2016-07-11,SC-20380,Consumer,West,Second Class,101349
CA-2016-142433,2016-04-20,ES-14020,Consumer,Central,Standard Class,117456
CA-2016-142454,2016-08-15,RE-19450,Consumer,West,Standard Class,17449
CA-2016-142475,2016-12-03,BS-11380,Corporate,East,Standard Class,590352
CA-2016-142601,2016-04-18,DE-13255,Home Office,West,Second Class,100913
CA-2016-142692,2016-10-23,AG-10495,Corporate,West,Standard Class,3592
CA-2016-142734,2016-04-16,DM-13345,Corporate,East,Standard Class,127764
CA-2016-142755,2016-09-04,CS-12355,Consumer,South,Standard Class,66758
CA-2016-142930,2016-11-28,EB-14170,Consumer,Central,Standard Class,33552
CA-2016-142937,2016-12-05,SF-20065,Consumer,Central,First Class,4504
CA-2016-142944,2016-03-06,JL-15850,Consumer,West,Standard Class,1163510
CA-2016-142993,2016-10-12,KA-16525,Consumer,West,Standard Class,8375
CA-2016-143077,2016-09-17,SF-20965,Corporate,Central,Standard Class,28524
CA-2016-143105,2016-12-10,MA-17560,Home Office,East,Same Day,823309
CA-2016-143119,2016-09-24,MC-17275,Consumer,South,Standard Class,5175
CA-2016-143147,2016-05-26,PS-18760,Consumer,Central,Second Class,156133
CA-2016-143238,2016-09-06,LO-17170,Corporate,West,First Class,4632
CA-2016-143364,2016-07-14,TG-21310,Consumer,West,Second Class,463188
CA-2016-143490,2016-12-06,NP-18325,Consumer,West,Standard Class,231199
CA-2016-143532,2016-03-19,DC-12850,Consumer,South,Standard Class,14496
CA-2016-143602,2016-04-25,JS-15595,Corporate,West,Second Class,13944
CA-2016-143616,2016-09-27,SS-20140,Corporate,West,Second Class,992
CA-2016-143882,2016-06-26,DB-13360,Home Office,East,Standard Class,43056
CA-2016-143980,2016-12-25,JK-15640,Home Office,East,Standard Class,41496
CA-2016-144043,2016-05-10,AB-10165,Consumer,West,Standard Class,46688
CA-2016-144099,2016-11-29,PO-19195,Home Office,West,Same Day,4304
CA-2016-144190,2016-06-09,NC-18415,Consumer,Central,Standard Class,1296
CA-2016-144253,2016-05-04,AS-10225,Corporate,East,Second Class,268
CA-2016-144267,2016-08-21,NZ-18565,Home Office,West,First Class,552822
CA-2016-144274,2016-11-23,PW-19240,Consumer,East,Second Class,38095
CA-2016-144288,2016-12-25,MB-17305,Consumer,South,Standard Class,19584
CA-2016-144302,2016-06-19,ME-17320,Home Office,Central,Standard Class,5792
CA-2016-144386,2016-11-05,GT-14635,Corporate,East,Standard Class,25344
CA-2016-144519,2016-11-13,AW-10930,Home Office,West,Standard Class,40394
CA-2016-144652,2016-11-20,SN-20560,Home Office,West,Standard Class,1946
CA-2016-144722,2016-03-16,MF-18250,Corporate,West,Standard Class,4313
CA-2016-144806,2016-12-06,GH-14425,Consumer,West,Standard Class,739784
CA-2016-144890,2016-12-25,SM-20320,Home Office,West,Standard Class,996
CA-2016-145065,2016-12-12,DK-13375,Consumer,West,First Class,25234
CA-2016-145184,2016-11-27,JD-16150,Corporate,East,First Class,18894
CA-2016-145324,2016-11-15,DH-13675,Home Office,South,Standard Class,3996
CA-2016-145352,2016-03-16,CM-12385,Consumer,South,Standard Class,641277
CA-2016-145394,2016-11-16,MC-17605,Corporate,Central,Standard Class,295968
CA-2016-145401,2016-01-30,JP-15520,Consumer,Central,Standard Class,14304
CA-2016-145457,2016-03-24,CP-12085,Corporate,West,Second Class,469
CA-2016-145485,2016-11-05,JM-16195,Consumer,West,Same Day,628
CA-2016-145758,2016-10-30,BF-11020,Corporate,East,Same Day,10358
CA-2016-145814,2016-11-19,KD-16345,Consumer,East,Standard Class,92160
CA-2016-145821,2016-05-01,JB-15400,Corporate,West,Standard Class,88752
CA-2016-145828,2016-10-05,MB-17305,Consumer,East,First Class,5304
CA-2016-145835,2016-05-13,BF-11170,Home Office,Central,Second Class,222400
CA-2016-145849,2016-09-15,CT-11995,Consumer,Central,Second Class,21518
CA-2016-146038,2016-02-09,SJ-20215,Consumer,West,Standard Class,20392
CA-2016-146087,2016-07-06,PP-18955,Home Office,East,Standard Class,30196
CA-2016-146255,2016-03-07,EM-14140,Home Office,East,First Class,80754
CA-2016-146262,2016-01-02,VW-21775,Corporate,East,Standard Class,201367
CA-2016-146290,2016-05-04,SV-20815,Corporate,Central,Standard Class,12593
CA-2016-146465,2016-11-20,PB-18805,Home Office,West,Standard Class,24192
CA-2016-146486,2016-11-09,DV-13465,Consumer,East,Second Class,117072
CA-2016-146563,2016-08-24,CB-12025,Consumer,Central,Standard Class,1993349
CA-2016-146675,2016-04-16,SB-20185,Consumer,Central,Standard Class,1444324
CA-2016-146696,2016-12-14,RD-19480,Consumer,West,Standard Class,8096
CA-2016-146829,2016-03-10,TS-21340,Consumer,Central,Same Day,1112
CA-2016-146948,2016-07-16,MG-17890,Home Office,East,Standard Class,29975
CA-2016-147011,2016-06-18,HR-14830,Corporate,South,Standard Class,13632
CA-2016-147102,2016-09-19,NH-18610,Corporate,South,Standard Class,6636
CA-2016-147501,2016-08-02,Co-12640,Consumer,West,Standard Class,11952
CA-2016-147529,2016-02-07,DK-12835,Corporate,South,Standard Class,32411
CA-2016-147690,2016-11-10,SC-20020,Consumer,East,Standard Class,577584
CA-2016-147788,2016-05-31,TM-21010,Consumer,West,Standard Class,145492
CA-2016-147816,2016-09-24,CM-11935,Consumer,West,Second Class,3512
CA-2016-147830,2016-12-15,NF-18385,Consumer,East,First Class,2367382
CA-2016-147851,2016-12-03,MP-17470,Home Office,East,Standard Class,10752
CA-2016-147879,2016-05-07,CC-12220,Consumer,South,Standard Class,4568
CA-2016-148180,2016-07-26,BP-11095,Corporate,West,Standard Class,33272
CA-2016-148250,2016-12-13,RP-19270,Corporate,West,Standard Class,14744
CA-2016-148376,2016-12-27,AG-10900,Consumer,West,Standard Class,12852
CA-2016-148432,2016-11-07,MC-18130,Corporate,East,Second Class,2691
CA-2016-148495,2016-08-13,SF-20065,Consumer,West,Same Day,3156
CA-2016-148628,2016-12-06,KM-16375,Home Office,West,Standard Class,3275
CA-2016-148635,2016-07-25,MH-18025,Consumer,West,Second Class,570855
CA-2016-148705,2016-03-12,EB-14170,Consumer,South,Standard Class,504
CA-2016-148712,2016-04-17,JM-15535,Consumer,East,Standard Class,64363
CA-2016-148859,2016-12-28,FH-14350,Consumer,Central,Standard Class,24816
CA-2016-148873,2016-10-01,EM-13960,Consumer,Central,Standard Class,111760
CA-2016-148964,2016-05-26,RD-19900,Consumer,West,Standard Class,2024
CA-2016-149083,2016-09-25,SH-19975,Corporate,West,Standard Class,323260
CA-2016-149097,2016-10-20,SV-20785,Consumer,West,Standard Class,372252
CA-2016-149300,2016-11-22,BH-11710,Consumer,South,First Class,32985
CA-2016-149342,2016-04-20,TS-21160,Corporate,South,Standard Class,89631
CA-2016-149384,2016-07-10,EH-13945,Consumer,West,Same Day,3366
CA-2016-149517,2016-09-19,FC-14245,Home Office,West,Standard Class,6084
CA-2016-149566,2016-12-05,GB-14530,Corporate,West,Standard Class,165
CA-2016-149587,2016-01-31,KB-16315,Consumer,Central,Second Class,9926
CA-2016-149601,2016-05-28,TB-21625,Consumer,East,Standard Class,9379
CA-2016-149636,2016-01-06,SP-20620,Corporate,West,Standard Class,2234
CA-2016-149650,2016-10-24,RD-19660,Home Office,West,First Class,454272
CA-2016-149678,2016-04-13,AW-10840,Consumer,West,Second Class,1288
CA-2016-149713,2016-09-18,TG-21640,Consumer,West,Second Class,18137
CA-2016-149734,2016-09-03,JC-16105,Corporate,South,Standard Class,200984
CA-2016-149748,2016-05-31,EM-13825,Corporate,East,Second Class,9794
CA-2016-149811,2016-01-04,CS-12250,Corporate,Central,Standard Class,3633
CA-2016-149846,2016-05-22,SB-20185,Consumer,West,Standard Class,1084365
CA-2016-149909,2016-11-13,RA-19915,Consumer,Central,Standard Class,21082
CA-2016-149972,2016-09-21,CD-12790,Home Office,West,First Class,601615
CA-2016-149993,2016-03-19,GA-14725,Consumer,West,First Class,109
CA-2016-150196,2016-07-02,SR-20740,Home Office,East,First Class,1944
CA-2016-150308,2016-12-15,RR-19525,Corporate,South,Standard Class,246168
CA-2016-150413,2016-10-19,CS-11860,Consumer,Central,Second Class,172
CA-2016-150441,2016-08-13,RA-19285,Consumer,Central,Second Class,1136
CA-2016-150511,2016-09-18,AB-10060,Home Office,West,Standard Class,1854
CA-2016-150560,2016-12-11,SW-20455,Consumer,South,First Class,19662
CA-2016-150714,2016-10-26,KH-16690,Corporate,West,Standard Class,385001
CA-2016-150749,2016-03-29,AS-10240,Consumer,South,Second Class,556
CA-2016-150770,2016-05-03,LC-16870,Consumer,West,First Class,146942
CA-2016-150791,2016-09-06,CC-12430,Home Office,East,Standard Class,271764
CA-2016-150875,2016-11-16,HK-14890,Corporate,West,Standard Class,374418
CA-2016-151043,2016-11-14,MG-17680,Home Office,East,Standard Class,47984
CA-2016-151253,2016-04-22,AZ-10750,Consumer,West,Standard Class,95190
CA-2016-151470,2016-09-20,AM-10705,Consumer,West,Standard Class,45584
CA-2016-151547,2016-01-17,AH-10465,Consumer,South,Standard Class,8896
CA-2016-151589,2016-12-27,RE-19450,Consumer,Central,First Class,21963
CA-2016-151624,2016-09-08,VW-21775,Corporate,South,Standard Class,2136
CA-2016-151680,2016-11-19,TC-21475,Home Office,West,Second Class,14196
CA-2016-151722,2016-10-05,IL-15100,Consumer,East,Standard Class,288
CA-2016-151785,2016-03-05,JJ-15445,Consumer,Central,Standard Class,7104
CA-2016-151841,2016-04-27,TC-21475,Home Office,West,Standard Class,4940
CA-2016-151869,2016-09-25,CS-11950,Consumer,East,Same Day,104586
CA-2016-152513,2016-07-04,JP-16135,Home Office,West,Second Class,22848
CA-2016-152527,2016-10-17,CM-12190,Consumer,West,Same Day,7788
CA-2016-152611,2016-02-20,KA-16525,Consumer,East,Second Class,28679
CA-2016-152681,2016-01-17,SC-20260,Corporate,East,Standard Class,668
CA-2016-152891,2016-10-25,TB-21625,Consumer,West,Standard Class,259221
CA-2016-153038,2016-12-18,RB-19645,Corporate,South,Standard Class,76400
CA-2016-153073,2016-11-13,HA-14905,Consumer,Central,Same Day,17496
CA-2016-153108,2016-03-05,SF-20200,Consumer,Central,Standard Class,8461
CA-2016-153220,2016-11-12,YC-21895,Corporate,West,First Class,157
CA-2016-153325,2016-03-01,ST-20530,Consumer,South,Second Class,5872
CA-2016-153381,2016-09-24,DE-13255,Home Office,Central,Standard Class,15605
CA-2016-153388,2016-08-01,PC-19000,Home Office,West,Standard Class,1005648
CA-2016-153416,2016-11-24,TS-21340,Consumer,West,Standard Class,141990
CA-2016-153423,2016-06-22,SW-20455,Consumer,East,Standard Class,1217568
CA-2016-153535,2016-05-20,SG-20470,Consumer,South,Standard Class,169544
CA-2016-153549,2016-03-29,SL-20155,Home Office,South,Second Class,116692
CA-2016-153612,2016-12-22,BT-11305,Home Office,Central,Standard Class,1712
CA-2016-153626,2016-07-09,EB-13870,Consumer,South,Standard Class,516
CA-2016-153717,2016-12-25,DL-13495,Corporate,Central,Standard Class,25558
CA-2016-153738,2016-09-20,AG-10270,Consumer,East,First Class,3768
CA-2016-153752,2016-12-06,RO-19780,Consumer,South,Second Class,17394
CA-2016-153794,2016-09-11,SB-20290,Corporate,West,Standard Class,26586
CA-2016-153878,2016-04-25,TS-21655,Consumer,Central,Standard Class,8499
CA-2016-153906,2016-03-16,MS-17980,Corporate,East,Standard Class,859
CA-2016-154144,2016-12-20,MH-17785,Corporate,East,Standard Class,5548
CA-2016-154200,2016-06-18,BG-11740,Consumer,West,Standard Class,5198
CA-2016-154284,2016-12-21,SZ-20035,Home Office,Central,Second Class,235457
CA-2016-154291,2016-07-25,YS-21880,Corporate,South,Standard Class,45704
CA-2016-154326,2016-02-15,RP-19855,Corporate,Central,Standard Class,97490
CA-2016-154340,2016-11-29,EK-13795,Home Office,West,First Class,563
CA-2016-154620,2016-12-12,LT-17110,Consumer,West,Standard Class,348928
CA-2016-154746,2016-11-14,PJ-18835,Corporate,South,First Class,86007
CA-2016-154795,2016-12-20,GZ-14470,Consumer,West,Standard Class,15160
CA-2016-154823,2016-08-21,KN-16390,Corporate,East,Standard Class,637270
CA-2016-154886,2016-11-08,SW-20455,Consumer,West,Standard Class,1199
CA-2016-154900,2016-02-25,SS-20875,Consumer,East,Standard Class,2587
CA-2016-154921,2016-05-23,EA-14035,Corporate,South,Standard Class,18669
CA-2016-154956,2016-07-04,IM-15070,Consumer,Central,Standard Class,109996
CA-2016-154970,2016-01-05,SR-20740,Home Office,West,Standard Class,61584
CA-2016-155040,2016-11-10,AH-10210,Consumer,West,Standard Class,799
CA-2016-155054,2016-06-13,PS-19045,Home Office,East,Standard Class,10608
CA-2016-155068,2016-10-23,RA-19285,Consumer,South,Same Day,78456
CA-2016-155124,2016-03-15,KS-16300,Corporate,West,Standard Class,16776
CA-2016-155145,2016-12-27,KN-16450,Corporate,West,Second Class,792
CA-2016-155306,2016-04-17,GA-14515,Consumer,West,Standard Class,257250
CA-2016-155334,2016-07-30,HA-14920,Consumer,West,First Class,22613
CA-2016-155453,2016-08-09,RA-19885,Corporate,South,Standard Class,4608
CA-2016-155586,2016-12-12,XP-21865,Consumer,West,Second Class,5417
CA-2016-155600,2016-12-04,RO-19780,Consumer,South,Second Class,1601754
CA-2016-155635,2016-05-09,ME-17725,Consumer,South,Standard Class,4881
CA-2016-155761,2016-12-11,SC-20800,Consumer,Central,Same Day,206328
CA-2016-156013,2016-09-20,TC-20980,Corporate,East,Standard Class,25062
CA-2016-156104,2016-12-06,NP-18685,Home Office,Central,Second Class,99998
CA-2016-156118,2016-12-08,HG-14965,Corporate,West,Standard Class,15696
CA-2016-156146,2016-10-26,AG-10495,Corporate,West,Second Class,112456
CA-2016-156153,2016-05-31,CW-11905,Home Office,East,Second Class,756
CA-2016-156328,2016-11-30,RM-19375,Consumer,South,Standard Class,17748
CA-2016-156335,2016-09-25,PO-19195,Home Office,East,Second Class,18340
CA-2016-156377,2016-12-31,TB-21625,Consumer,Central,Standard Class,5132
CA-2016-156440,2016-12-05,MH-17620,Corporate,West,Standard Class,4446
CA-2016-156482,2016-02-06,IL-15100,Consumer,East,Standard Class,155842
CA-2016-156510,2016-09-25,EH-13990,Consumer,East,Standard Class,5711
CA-2016-156524,2016-11-20,DL-12865,Consumer,East,Standard Class,1965
CA-2016-156566,2016-10-01,EM-13960,Consumer,West,First Class,5728
CA-2016-156608,2016-10-24,MT-18070,Home Office,Central,Standard Class,3592
CA-2016-156734,2016-06-18,BV-11245,Corporate,South,First Class,670001
CA-2016-156755,2016-01-12,YS-21880,Corporate,East,Standard Class,46518
CA-2016-156853,2016-12-03,HP-14815,Home Office,East,Second Class,18466
CA-2016-156923,2016-02-16,SP-20860,Corporate,East,Standard Class,3588
CA-2016-157028,2016-11-28,MA-17995,Home Office,West,Standard Class,828
CA-2016-157035,2016-12-09,KB-16600,Corporate,Central,First Class,3402
CA-2016-157084,2016-12-19,JG-15160,Consumer,West,Standard Class,194181
CA-2016-157133,2016-11-28,LC-16885,Consumer,Central,Standard Class,15196
CA-2016-157287,2016-12-22,HR-14830,Corporate,East,First Class,456193
CA-2016-157322,2016-07-02,RH-19600,Consumer,Central,Standard Class,1237896
CA-2016-157343,2016-06-07,HD-14785,Home Office,East,Standard Class,28920
CA-2016-157434,2016-04-29,JK-15640,Home Office,East,Second Class,7968
CA-2016-157770,2016-12-13,RD-19585,Consumer,West,First Class,523177
CA-2016-157805,2016-08-31,RH-19510,Home Office,West,Standard Class,55596
CA-2016-157812,2016-03-22,DB-13210,Consumer,Central,Standard Class,162072
CA-2016-157959,2016-02-03,RW-19540,Corporate,West,First Class,13692
CA-2016-158148,2016-12-20,JM-15865,Consumer,South,Standard Class,3627
CA-2016-158323,2016-11-30,AB-10600,Corporate,South,First Class,17088
CA-2016-158351,2016-06-20,BC-11125,Home Office,East,Second Class,319984
CA-2016-158421,2016-09-21,GB-14575,Consumer,South,Standard Class,361882
CA-2016-158456,2016-12-24,KT-16465,Consumer,West,Standard Class,24528
CA-2016-158491,2016-06-04,BP-11155,Consumer,West,Second Class,110995
CA-2016-158554,2016-11-09,CM-12190,Consumer,East,Same Day,11352
CA-2016-158659,2016-11-10,SC-20695,Corporate,Central,Second Class,7143
CA-2016-158701,2016-01-05,JL-15175,Home Office,West,Standard Class,14352
CA-2016-158792,2016-12-26,BD-11605,Consumer,East,Standard Class,222
CA-2016-158918,2016-12-20,AI-10855,Consumer,West,Second Class,1712
CA-2016-158939,2016-11-26,EA-14035,Corporate,Central,Standard Class,59999
CA-2016-159380,2016-05-12,CS-12505,Consumer,West,Standard Class,3852
CA-2016-159590,2016-07-18,KC-16255,Corporate,East,First Class,576
CA-2016-159779,2016-09-25,SB-20185,Consumer,East,Standard Class,6862
CA-2016-159786,2016-10-12,RK-19300,Consumer,East,Second Class,20967
CA-2016-159863,2016-09-04,DS-13180,Corporate,Central,Second Class,134376
CA-2016-160059,2016-11-27,TB-21190,Home Office,South,Standard Class,624
CA-2016-160171,2016-10-19,RM-19675,Home Office,West,Standard Class,16677
CA-2016-160213,2016-03-08,AR-10825,Corporate,East,Standard Class,1944
CA-2016-160227,2016-11-02,ED-13885,Home Office,East,First Class,2621322
CA-2016-160472,2016-07-20,RK-19300,Consumer,Central,Second Class,33923
CA-2016-160696,2016-09-06,CK-12760,Corporate,South,Standard Class,724
CA-2016-160787,2016-09-25,BM-11785,Consumer,East,Same Day,2946
CA-2016-160794,2016-08-06,MS-17980,Corporate,Central,First Class,27216
CA-2016-160864,2016-05-03,NF-18595,Home Office,West,First Class,13848
CA-2016-161214,2016-10-05,SF-20965,Corporate,East,Second Class,7755
CA-2016-161242,2016-06-01,CG-12040,Home Office,West,Standard Class,1176
CA-2016-161263,2016-04-16,TS-21160,Corporate,East,Standard Class,189281
CA-2016-161445,2016-09-07,CC-12610,Corporate,South,Second Class,140736
CA-2016-161452,2016-04-05,CA-11965,Corporate,West,Standard Class,892224
CA-2016-161627,2016-07-06,SJ-20215,Consumer,West,Standard Class,170352
CA-2016-161711,2016-11-28,MC-17425,Corporate,East,Standard Class,13040
CA-2016-161718,2016-12-04,SO-20335,Consumer,East,Standard Class,405045
CA-2016-161767,2016-11-20,GK-14620,Corporate,Central,Standard Class,479988
CA-2016-161795,2016-12-21,AH-10075,Corporate,East,Second Class,3008
CA-2016-161830,2016-09-24,ME-17725,Consumer,West,Second Class,18548
CA-2016-161998,2016-05-01,DB-13120,Corporate,South,Standard Class,277632
CA-2016-162047,2016-11-03,FH-14365,Corporate,East,First Class,144882
CA-2016-162166,2016-09-08,NM-18520,Consumer,West,First Class,4452
CA-2016-162369,2016-08-15,TT-21265,Corporate,West,Standard Class,3231
CA-2016-162376,2016-11-22,HD-14785,Home Office,East,Second Class,7706
CA-2016-162537,2016-10-28,RD-19585,Consumer,South,Standard Class,8282
CA-2016-162544,2016-12-16,SG-20080,Consumer,West,First Class,498
CA-2016-162607,2016-05-12,RO-19780,Consumer,West,Standard Class,14592
CA-2016-162621,2016-09-05,CA-12055,Home Office,Central,Standard Class,8986
CA-2016-162761,2016-10-09,SC-20575,Consumer,South,Standard Class,50462
CA-2016-162782,2016-02-21,PW-19240,Consumer,East,Standard Class,254198
CA-2016-162887,2016-11-07,SV-20785,Consumer,East,Second Class,7152
CA-2016-162950,2016-06-28,DW-13585,Corporate,East,Second Class,63846
CA-2016-162964,2016-11-12,MF-18250,Corporate,Central,Standard Class,304224
CA-2016-163055,2016-08-09,DS-13180,Corporate,Central,Standard Class,64465
CA-2016-163090,2016-11-17,GH-14665,Consumer,Central,Second Class,4092
CA-2016-163104,2016-03-19,MC-18130,Corporate,West,Standard Class,1196
CA-2016-163181,2016-11-07,AB-10105,Consumer,Central,Standard Class,303289
CA-2016-163237,2016-08-07,EM-14095,Corporate,South,Second Class,52003
CA-2016-163440,2016-03-22,RD-19900,Consumer,West,First Class,15984
CA-2016-163587,2016-03-14,EP-13915,Consumer,East,Standard Class,68846
CA-2016-163734,2016-06-19,KM-16375,Home Office,Central,Standard Class,22892
CA-2016-163762,2016-11-27,JE-15475,Consumer,East,Standard Class,2979
CA-2016-163895,2016-08-07,NS-18640,Corporate,West,Standard Class,3304
CA-2016-163923,2016-05-30,BD-11560,Home Office,South,Standard Class,15196
CA-2016-163965,2016-11-20,SS-20875,Consumer,South,Standard Class,299107
CA-2016-164007,2016-06-08,MG-17695,Consumer,Central,Standard Class,145504
CA-2016-164084,2016-09-07,AG-10525,Corporate,East,Standard Class,495112
CA-2016-164336,2016-07-05,MW-18220,Consumer,East,Standard Class,39324
CA-2016-164427,2016-07-31,AR-10405,Corporate,South,Standard Class,2397
CA-2016-164441,2016-11-08,AC-10450,Consumer,East,Standard Class,54066
CA-2016-164497,2016-11-28,AJ-10945,Consumer,West,First Class,4528
CA-2016-164539,2016-11-16,PO-19180,Home Office,East,Standard Class,52325
CA-2016-164567,2016-06-15,GK-14620,Corporate,West,Standard Class,225576
CA-2016-164623,2016-10-20,MS-17770,Consumer,East,First Class,2456
CA-2016-164777,2016-01-27,SC-20305,Consumer,West,First Class,280392
CA-2016-164833,2016-06-04,LL-16840,Consumer,West,Same Day,1664
CA-2016-164882,2016-10-31,SG-20080,Consumer,West,Same Day,1286133
CA-2016-165050,2016-12-07,AH-10210,Consumer,East,First Class,86218
CA-2016-165057,2016-09-11,SC-20725,Consumer,West,Standard Class,18999
CA-2016-165085,2016-12-27,BT-11485,Home Office,East,Standard Class,35885
CA-2016-165162,2016-05-14,HG-15025,Consumer,West,Standard Class,111792
CA-2016-165414,2016-12-21,LS-17245,Consumer,South,First Class,47976
CA-2016-165554,2016-05-18,AJ-10780,Corporate,West,Standard Class,1086
CA-2016-165624,2016-08-23,FH-14350,Consumer,South,Standard Class,94875
CA-2016-165799,2016-06-29,SG-20470,Consumer,East,First Class,117882
CA-2016-165813,2016-03-20,BM-11785,Consumer,West,Second Class,29304
CA-2016-166135,2016-10-01,SC-20440,Corporate,West,Standard Class,139424
CA-2016-166219,2016-08-28,BP-11185,Corporate,Central,Standard Class,213477
CA-2016-166338,2016-12-06,MP-18175,Home Office,East,First Class,14832
CA-2016-166464,2016-09-12,PG-18895,Consumer,East,Standard Class,480110
CA-2016-166492,2016-04-07,RP-19390,Consumer,East,First Class,4850
CA-2016-166583,2016-06-26,VD-21670,Consumer,Central,Standard Class,97188
CA-2016-166604,2016-05-15,AH-10690,Corporate,South,Second Class,1794
CA-2016-166800,2016-11-19,AG-10300,Corporate,West,Standard Class,3108
CA-2016-166947,2016-06-05,EB-13750,Corporate,East,Standard Class,1522638
CA-2016-166975,2016-11-26,SH-20635,Corporate,South,Standard Class,692472
CA-2016-167010,2016-04-05,VT-21700,Home Office,East,Standard Class,1305786
CA-2016-167255,2016-09-27,RH-19510,Home Office,West,Second Class,17529
CA-2016-167269,2016-06-16,PB-19150,Consumer,East,Standard Class,6208
CA-2016-167374,2016-03-26,GM-14500,Consumer,East,Second Class,56808
CA-2016-167479,2016-03-14,AI-10855,Consumer,West,Standard Class,1944
CA-2016-167696,2016-09-16,BD-11500,Consumer,South,Standard Class,3112
CA-2016-167745,2016-09-18,GB-14530,Corporate,West,Standard Class,1581
CA-2016-168004,2016-10-04,DJ-13420,Corporate,South,Second Class,39294
CA-2016-168186,2016-09-10,AB-10150,Consumer,Central,Standard Class,1494
CA-2016-168207,2016-11-02,LT-17110,Consumer,West,Standard Class,651635
CA-2016-168277,2016-05-29,KB-16315,Consumer,Central,Standard Class,1239
CA-2016-168459,2016-11-22,MC-17275,Consumer,South,Standard Class,58050
CA-2016-168480,2016-09-21,DM-12955,Corporate,Central,Standard Class,22031
CA-2016-168529,2016-10-08,MB-17305,Consumer,West,Standard Class,1459
CA-2016-168564,2016-08-08,TT-21220,Consumer,West,Same Day,152120
CA-2016-168634,2016-12-06,AF-10870,Consumer,West,Standard Class,778
CA-2016-168746,2016-01-27,SV-20365,Consumer,East,Second Class,629499
CA-2016-168760,2016-09-22,MM-18280,Corporate,West,Second Class,6144
CA-2016-168767,2016-04-10,DM-12955,Corporate,West,Standard Class,12832
CA-2016-168809,2016-08-25,MC-18100,Consumer,Central,Same Day,24690
CA-2016-169201,2016-09-28,HG-14965,Corporate,West,First Class,8682
CA-2016-169278,2016-05-21,ME-18010,Corporate,West,Standard Class,26976
CA-2016-169299,2016-08-24,DO-13435,Consumer,West,First Class,7152
CA-2016-169397,2016-12-24,JB-15925,Consumer,East,First Class,627924
CA-2016-169537,2016-09-03,JH-15820,Consumer,Central,Second Class,75
CA-2016-169572,2016-09-06,AG-10525,Corporate,South,Standard Class,4662
CA-2016-169656,2016-08-13,EJ-13720,Consumer,East,First Class,422856
CA-2016-169677,2016-01-13,KS-16300,Corporate,South,Second Class,982
CA-2016-169733,2016-10-22,GM-14500,Consumer,South,Second Class,9952
CA-2016-169740,2016-02-20,LM-17065,Consumer,South,Standard Class,2999
CA-2016-169796,2016-11-09,Dp-13240,Home Office,East,Standard Class,25013
CA-2017-100041,2017-11-20,BF-10975,Corporate,Central,Standard Class,32854
CA-2017-100083,2017-11-24,CD-11980,Consumer,West,Standard Class,24784
CA-2017-100153,2017-12-13,KH-16630,Corporate,Central,Standard Class,6388
CA-2017-100202,2017-12-31,BD-11620,Consumer,West,Standard Class,302376
CA-2017-100244,2017-09-20,GM-14695,Corporate,West,Standard Class,292355
CA-2017-100300,2017-06-24,MJ-17740,Consumer,West,Second Class,79397
CA-2017-100307,2017-12-15,TC-21475,Home Office,South,Standard Class,1944
CA-2017-100468,2017-11-24,AT-10435,Home Office,West,Standard Class,4346
CA-2017-100510,2017-05-12,HM-14860,Corporate,East,Standard Class,64198
CA-2017-100671,2017-11-01,CS-12490,Corporate,Central,First Class,111672
CA-2017-100790,2017-06-26,JG-15805,Corporate,East,Standard Class,70572
CA-2017-100944,2017-09-24,EH-13765,Corporate,West,Standard Class,59373
CA-2017-100965,2017-07-07,RM-19375,Consumer,West,Standard Class,21565
CA-2017-100993,2017-02-05,AZ-10750,Consumer,West,Standard Class,737823
CA-2017-101161,2017-10-13,BW-11110,Corporate,East,Standard Class,22603
CA-2017-101168,2017-12-25,SS-20140,Corporate,East,Standard Class,2112
CA-2017-101189,2017-02-04,JB-15400,Corporate,West,Standard Class,9302
CA-2017-101329,2017-04-22,MM-17920,Consumer,East,Standard Class,3501
CA-2017-101336,2017-11-13,CK-12760,Corporate,East,Standard Class,27981
CA-2017-101343,2017-07-17,RA-19885,Corporate,West,Standard Class,7788
CA-2017-101378,2017-07-14,RH-19600,Consumer,South,Same Day,29
CA-2017-101385,2017-09-25,JW-16075,Consumer,West,Standard Class,1656
CA-2017-101448,2017-02-27,EB-13930,Consumer,Central,Second Class,5682
CA-2017-101469,2017-07-02,KH-16360,Consumer,South,Standard Class,77
CA-2017-101525,2017-05-01,CM-12235,Consumer,South,Second Class,14052
CA-2017-101546,2017-12-18,GK-14620,Corporate,East,Standard Class,179398
CA-2017-101623,2017-02-28,RR-19525,Corporate,East,Standard Class,3648
CA-2017-101630,2017-02-19,CK-12760,Corporate,East,Second Class,3438
CA-2017-101651,2017-12-24,SC-20305,Consumer,West,Standard Class,8372
CA-2017-101672,2017-10-03,DB-12910,Home Office,West,Standard Class,926390
CA-2017-101693,2017-06-25,LC-17140,Consumer,Central,Second Class,117958
CA-2017-101742,2017-09-23,CR-12580,Home Office,East,Second Class,10528
CA-2017-101791,2017-05-27,BS-11665,Consumer,Central,Standard Class,1328128
CA-2017-101938,2017-01-07,DW-13480,Home Office,West,Standard Class,3458
CA-2017-101966,2017-07-14,BM-11785,Consumer,Central,Second Class,419944
CA-2017-101980,2017-08-19,RP-19390,Consumer,East,First Class,426004
CA-2017-101987,2017-06-24,HL-15040,Consumer,Central,Standard Class,44091
CA-2017-102092,2017-12-09,PM-18940,Consumer,South,First Class,105686
CA-2017-102127,2017-06-26,VP-21760,Corporate,East,Standard Class,19867
CA-2017-102134,2017-03-14,SP-20545,Corporate,Central,Standard Class,1674
CA-2017-102162,2017-09-11,JF-15565,Consumer,South,Standard Class,161101
CA-2017-102456,2017-02-27,DL-12865,Consumer,East,First Class,17088
CA-2017-102498,2017-07-24,JG-15160,Consumer,South,First Class,732
CA-2017-102561,2017-07-18,NK-18490,Home Office,East,Standard Class,58168
CA-2017-102596,2017-12-27,RD-19810,Home Office,East,First Class,17184
CA-2017-102792,2017-12-13,JC-15340,Consumer,West,Standard Class,984
CA-2017-102813,2017-07-02,EA-14035,Corporate,Central,First Class,94315
CA-2017-102932,2017-09-19,SD-20485,Home Office,East,Second Class,5337
CA-2017-102981,2017-09-06,MO-17500,Consumer,East,Second Class,725538
CA-2017-103037,2017-07-25,KH-16630,Corporate,Central,Standard Class,15712
CA-2017-103107,2017-07-04,RB-19465,Home Office,West,Same Day,89978
CA-2017-103128,2017-11-11,SC-20845,Consumer,Central,Standard Class,14112
CA-2017-103163,2017-06-07,FM-14290,Home Office,West,Standard Class,5257
CA-2017-103359,2017-12-22,LC-16885,Consumer,East,Standard Class,25584
CA-2017-103464,2017-11-18,PG-18820,Consumer,West,Standard Class,595
CA-2017-103709,2017-09-08,LP-17095,Consumer,West,Standard Class,31086
CA-2017-103730,2017-06-12,SC-20725,Consumer,East,First Class,48750
CA-2017-103891,2017-07-12,KH-16690,Corporate,West,Standard Class,9576
CA-2017-103919,2017-10-03,TP-21565,Corporate,Central,Standard Class,3808
CA-2017-103947,2017-04-01,BB-10990,Corporate,West,Standard Class,33300
CA-2017-103982,2017-03-03,AA-10315,Consumer,Central,Standard Class,4368524
CA-2017-104150,2017-08-03,AG-10330,Consumer,Central,Second Class,24882
CA-2017-104157,2017-07-25,MT-17815,Consumer,South,Standard Class,244452
CA-2017-104276,2017-11-27,HF-14995,Consumer,South,Standard Class,342699
CA-2017-104311,2017-05-02,AS-10090,Consumer,Central,Standard Class,32112
CA-2017-104633,2017-06-12,EA-14035,Corporate,West,Standard Class,19884
CA-2017-104689,2017-12-01,FH-14365,Corporate,West,Standard Class,2304
CA-2017-104969,2017-04-08,EH-14125,Home Office,East,Standard Class,129976
CA-2017-104983,2017-07-03,FM-14215,Corporate,East,Same Day,12392
CA-2017-105018,2017-11-28,SK-19990,Consumer,East,Standard Class,716
CA-2017-105081,2017-12-25,JE-15715,Consumer,West,Standard Class,873077
CA-2017-105207,2017-01-03,BO-11350,Corporate,Central,Standard Class,160473
CA-2017-105256,2017-05-20,JK-15730,Consumer,South,Same Day,136396
CA-2017-105263,2017-08-06,LM-17065,Consumer,East,Standard Class,3834
CA-2017-105277,2017-12-04,LM-17065,Consumer,East,Standard Class,15528
CA-2017-105284,2017-11-24,MG-17650,Home Office,East,Standard Class,4416
CA-2017-105291,2017-10-30,SP-20920,Consumer,West,Standard Class,362
CA-2017-105354,2017-12-02,PW-19030,Corporate,Central,Standard Class,11584
CA-2017-105459,2017-08-12,NP-18700,Consumer,East,Second Class,368250
CA-2017-105473,2017-04-16,BM-11785,Consumer,West,Second Class,288
CA-2017-105494,2017-11-10,PC-18745,Corporate,West,First Class,85590
CA-2017-105585,2017-08-26,RF-19735,Consumer,West,First Class,2572
CA-2017-105662,2017-05-05,RB-19465,Home Office,South,Standard Class,110996
CA-2017-105732,2017-09-13,AG-10270,Consumer,Central,Standard Class,197234
CA-2017-105746,2017-12-30,BD-11605,Consumer,East,First Class,170786
CA-2017-105753,2017-10-20,LC-16960,Home Office,South,Standard Class,611
CA-2017-105760,2017-06-19,KC-16255,Corporate,West,First Class,1712
CA-2017-105781,2017-02-16,JF-15565,Consumer,East,Standard Class,335643
CA-2017-105816,2017-12-11,JM-15265,Corporate,East,Standard Class,104521
CA-2017-105900,2017-09-17,BS-11590,Corporate,Central,Standard Class,334
CA-2017-105963,2017-11-15,SC-20770,Corporate,West,Standard Class,9939
CA-2017-106075,2017-09-18,HM-14980,Consumer,East,Standard Class,4616
CA-2017-106243,2017-09-30,GM-14680,Consumer,East,Standard Class,52392
CA-2017-106278,2017-09-02,BM-11140,Consumer,West,Second Class,222570
CA-2017-106306,2017-03-08,PG-18820,Consumer,West,Same Day,9702
CA-2017-106341,2017-10-20,LF-17185,Consumer,East,First Class,7152
CA-2017-106383,2017-03-19,BT-11440,Consumer,West,Second Class,72294
CA-2017-106397,2017-07-07,MJ-17740,Consumer,West,Standard Class,5894
CA-2017-106460,2017-02-19,GT-14710,Consumer,West,Second Class,7088
CA-2017-106530,2017-05-08,CL-12565,Consumer,East,Same Day,1087736
CA-2017-106558,2017-01-17,DL-13495,Corporate,South,Standard Class,316
CA-2017-106621,2017-09-29,DM-12955,Corporate,West,Second Class,10496
CA-2017-106656,2017-09-23,DV-13045,Corporate,West,First Class,597
CA-2017-106894,2017-02-07,CA-12265,Consumer,South,Same Day,883
CA-2017-106915,2017-11-26,GA-14515,Consumer,Central,Standard Class,17856
CA-2017-106950,2017-09-02,JE-15715,Consumer,South,Standard Class,927331
CA-2017-107104,2017-11-26,MS-17365,Consumer,West,Standard Class,3476415
CA-2017-107146,2017-06-17,LC-16885,Consumer,West,First Class,749488
CA-2017-107202,2017-05-21,LC-16930,Corporate,West,Standard Class,23964
CA-2017-107216,2017-06-14,PV-18985,Home Office,West,First Class,5370
CA-2017-107328,2017-08-08,CA-12055,Home Office,West,Standard Class,563340
CA-2017-107475,2017-06-07,RS-19870,Home Office,East,Standard Class,9648
CA-2017-107615,2017-03-22,RB-19645,Corporate,West,First Class,5858
CA-2017-107783,2017-07-28,OT-18730,Consumer,East,First Class,1388457
CA-2017-107790,2017-11-20,EH-13990,Consumer,Central,Standard Class,151192
CA-2017-108056,2017-09-29,ES-14080,Corporate,West,Standard Class,8592
CA-2017-108105,2017-02-16,GW-14605,Consumer,South,Standard Class,31866
CA-2017-108196,2017-11-25,CS-12505,Consumer,East,Standard Class,5016549
CA-2017-108210,2017-05-30,AT-10735,Consumer,Central,Same Day,30392
CA-2017-108224,2017-05-14,TH-21235,Corporate,West,Same Day,185528
CA-2017-108350,2017-06-06,SC-20230,Corporate,East,Second Class,10552
CA-2017-108364,2017-12-19,BP-11050,Corporate,Central,Standard Class,18
CA-2017-108434,2017-12-05,JG-15160,Consumer,East,Second Class,46518
CA-2017-108567,2017-05-20,DB-13210,Consumer,South,Standard Class,2694
CA-2017-108581,2017-06-20,EA-14035,Corporate,Central,Standard Class,106336
CA-2017-108616,2017-09-29,JK-15730,Consumer,South,Standard Class,29883
CA-2017-108630,2017-11-18,BE-11410,Consumer,West,Same Day,6112
CA-2017-108644,2017-09-30,SJ-20215,Consumer,Central,First Class,1964
CA-2017-108735,2017-04-17,JM-15535,Consumer,West,Standard Class,257499
CA-2017-108868,2017-09-08,KB-16585,Corporate,Central,Standard Class,76364
CA-2017-108875,2017-09-24,CL-12700,Home Office,West,Standard Class,513200
CA-2017-108882,2017-01-09,LA-16780,Corporate,West,Standard Class,412923
CA-2017-108959,2017-03-10,MH-17785,Corporate,West,Second Class,104696
CA-2017-108987,2017-09-08,AG-10675,Consumer,Central,Second Class,24187328
CA-2017-109057,2017-04-22,TT-21460,Home Office,Central,Standard Class,23952
CA-2017-109176,2017-05-09,JW-16075,Consumer,East,Standard Class,17280
CA-2017-109344,2017-02-08,CH-12070,Home Office,South,Second Class,1127976
CA-2017-109365,2017-11-03,XP-21865,Consumer,West,Standard Class,103765
CA-2017-109400,2017-05-02,NR-18550,Consumer,Central,Standard Class,366744
CA-2017-109407,2017-01-24,HG-14965,Corporate,South,Second Class,3136
CA-2017-109652,2017-04-10,QJ-19255,Corporate,Central,Standard Class,13568
CA-2017-109666,2017-04-19,KM-16720,Consumer,East,Standard Class,58363
CA-2017-109722,2017-12-05,TP-21130,Consumer,South,Second Class,128480
CA-2017-109743,2017-09-22,SH-19975,Corporate,South,Standard Class,104712
CA-2017-109806,2017-09-17,JS-15685,Corporate,West,Standard Class,74433
CA-2017-109820,2017-11-20,AG-10390,Consumer,East,First Class,32751
CA-2017-109827,2017-12-25,LW-16825,Corporate,West,Standard Class,115930
CA-2017-109869,2017-04-22,TN-21040,Home Office,West,Standard Class,421752
CA-2017-109911,2017-05-12,VG-21805,Corporate,South,Standard Class,1096
CA-2017-109925,2017-11-06,IM-15070,Consumer,West,Second Class,8484
CA-2017-109953,2017-07-14,RB-19360,Consumer,West,Standard Class,125846
CA-2017-110009,2017-09-08,TR-21325,Consumer,West,Standard Class,7400
CA-2017-110023,2017-09-09,TS-21610,Consumer,East,First Class,14624
CA-2017-110044,2017-06-28,RF-19735,Consumer,Central,Second Class,359976
CA-2017-110086,2017-09-18,BD-11320,Consumer,West,Standard Class,239984
CA-2017-110254,2017-08-04,ML-17755,Home Office,South,Standard Class,5999
CA-2017-110366,2017-09-05,JD-15895,Corporate,East,Second Class,828
CA-2017-110492,2017-02-12,JS-15880,Consumer,South,First Class,136604
CA-2017-110499,2017-04-07,YC-21895,Corporate,West,First Class,1199976
CA-2017-110730,2017-09-23,CM-11815,Corporate,West,Second Class,1368
CA-2017-110772,2017-11-20,NZ-18565,Home Office,East,Second Class,302273
CA-2017-110898,2017-03-06,LC-16870,Consumer,Central,Standard Class,34564
CA-2017-110975,2017-12-25,DB-12970,Corporate,East,Standard Class,1179822
CA-2017-110982,2017-06-05,CK-12205,Consumer,West,First Class,27376
CA-2017-111010,2017-01-22,PG-18895,Consumer,East,Standard Class,756
CA-2017-111115,2017-07-25,LB-16735,Consumer,West,Second Class,2148
CA-2017-111143,2017-11-19,TT-21265,Corporate,Central,First Class,5496
CA-2017-111213,2017-04-01,FP-14320,Consumer,East,Standard Class,1327468
CA-2017-111283,2017-02-28,LC-16870,Consumer,East,Standard Class,111104
CA-2017-111318,2017-07-23,IL-15100,Consumer,Central,First Class,115136
CA-2017-111409,2017-09-18,PO-18850,Consumer,South,Standard Class,3
CA-2017-111416,2017-09-17,LW-17215,Consumer,East,Standard Class,2324
CA-2017-111493,2017-10-21,CM-12160,Consumer,East,First Class,9816
CA-2017-111605,2017-12-27,JW-15955,Consumer,South,Standard Class,261
CA-2017-111682,2017-06-17,TB-21055,Consumer,East,First Class,59623
CA-2017-111696,2017-05-08,TB-21625,Consumer,West,First Class,1794
CA-2017-111794,2017-10-01,HG-15025,Consumer,Central,Same Day,107864
CA-2017-111913,2017-08-04,LC-16930,Corporate,West,Second Class,335120
CA-2017-111941,2017-12-25,BD-11620,Consumer,East,Second Class,33568
CA-2017-111976,2017-03-08,BD-11620,Consumer,East,Standard Class,114560
CA-2017-112025,2017-07-30,LS-16975,Home Office,Central,Standard Class,9264
CA-2017-112060,2017-12-04,KT-16465,Consumer,West,Standard Class,10485
CA-2017-112102,2017-04-12,BD-11605,Consumer,South,Standard Class,39130
CA-2017-112109,2017-07-08,JE-15715,Consumer,West,Standard Class,128480
CA-2017-112123,2017-03-03,BH-11710,Consumer,East,Standard Class,109425
CA-2017-112256,2017-07-23,CK-12205,Consumer,Central,Standard Class,45320
CA-2017-112277,2017-09-10,SC-20695,Corporate,South,Standard Class,51968
CA-2017-112340,2017-10-21,NM-18520,Consumer,West,Standard Class,2292
CA-2017-112382,2017-05-09,MB-18085,Consumer,Central,Standard Class,19136
CA-2017-112389,2017-10-29,JM-15655,Corporate,East,Standard Class,5241
CA-2017-112578,2017-12-29,FO-14305,Consumer,West,Standard Class,4199
CA-2017-112585,2017-07-30,RW-19630,Corporate,West,First Class,71564
CA-2017-112669,2017-04-14,KT-16465,Consumer,West,Same Day,976512
CA-2017-112676,2017-05-05,PJ-18835,Corporate,South,First Class,14352
CA-2017-112697,2017-12-18,AH-10195,Corporate,South,Second Class,544734
CA-2017-112739,2017-09-02,RD-19810,Home Office,Central,Second Class,24564
CA-2017-112893,2017-09-09,AT-10735,Consumer,West,Second Class,5536
CA-2017-112942,2017-02-13,RD-19810,Home Office,West,Standard Class,14682
CA-2017-113061,2017-04-22,EL-13735,Home Office,Central,Standard Class,8662
CA-2017-113082,2017-09-12,MC-17590,Corporate,East,Standard Class,4048
CA-2017-113096,2017-09-02,SZ-20035,Home Office,West,First Class,4653
CA-2017-113117,2017-08-16,JP-15520,Consumer,West,Standard Class,324
CA-2017-113138,2017-11-19,NP-18685,Home Office,East,Standard Class,19440
CA-2017-113236,2017-05-26,CP-12085,Corporate,South,Second Class,189496
CA-2017-113243,2017-06-10,OT-18730,Consumer,West,Standard Class,134099
CA-2017-113292,2017-03-18,DB-13060,Consumer,South,Second Class,8718
CA-2017-113341,2017-11-25,MH-17455,Consumer,West,Standard Class,194352
CA-2017-113390,2017-10-11,EP-13915,Consumer,Central,Standard Class,8116
CA-2017-113425,2017-11-21,JK-16120,Home Office,East,Same Day,113568
CA-2017-113516,2017-09-08,VM-21685,Home Office,West,Second Class,100160
CA-2017-113551,2017-08-18,NF-18385,Consumer,Central,First Class,10452
CA-2017-113600,2017-12-15,SH-20395,Consumer,East,Second Class,2214
CA-2017-113607,2017-10-14,PW-19030,Corporate,East,Standard Class,120389
CA-2017-113621,2017-12-01,JE-15745,Consumer,East,Standard Class,19722
CA-2017-113656,2017-01-23,CB-12415,Consumer,West,Standard Class,5999
CA-2017-113726,2017-11-24,SC-20680,Home Office,West,Standard Class,8226
CA-2017-113733,2017-12-08,LH-16900,Consumer,South,Standard Class,319352
CA-2017-113747,2017-05-28,VD-21670,Consumer,South,Standard Class,18588
CA-2017-113803,2017-03-24,VG-21805,Corporate,Central,First Class,2248
CA-2017-113817,2017-11-07,MJ-17740,Consumer,West,Standard Class,2768
CA-2017-113831,2017-05-30,AH-10690,Corporate,South,Standard Class,43173
CA-2017-113845,2017-11-20,FA-14230,Corporate,South,Standard Class,538308
CA-2017-113978,2017-09-25,TS-21505,Consumer,East,Standard Class,642016
CA-2017-114104,2017-11-20,NP-18670,Consumer,Central,Standard Class,95955
CA-2017-114209,2017-05-21,AS-10285,Corporate,Central,Standard Class,84620
CA-2017-114307,2017-07-22,MF-17665,Corporate,East,Standard Class,11748
CA-2017-114482,2017-11-21,DM-13345,Corporate,Central,Second Class,44540
CA-2017-114489,2017-12-05,JE-16165,Corporate,Central,Standard Class,265781
CA-2017-114538,2017-12-26,RC-19825,Consumer,West,First Class,11328
CA-2017-114601,2017-08-26,AA-10480,Consumer,Central,Standard Class,115798
CA-2017-114713,2017-07-07,SC-20695,Corporate,South,Standard Class,45584
CA-2017-114727,2017-07-18,LS-16945,Corporate,West,Standard Class,2027604
CA-2017-114748,2017-10-09,MZ-17335,Home Office,West,Standard Class,170976
CA-2017-114860,2017-12-22,DN-13690,Consumer,West,Standard Class,88468
CA-2017-114867,2017-12-23,FM-14290,Home Office,East,Standard Class,157965
CA-2017-114895,2017-11-21,MV-18190,Consumer,East,Standard Class,1296
CA-2017-114944,2017-01-30,HE-14800,Corporate,Central,Standard Class,156512
CA-2017-114951,2017-06-26,DN-13690,Consumer,West,Standard Class,2214
CA-2017-114972,2017-11-03,PF-19225,Consumer,West,First Class,344798
CA-2017-115224,2017-12-08,DB-13615,Consumer,West,Second Class,38643
CA-2017-115378,2017-11-18,AJ-10945,Consumer,Central,Second Class,30196
CA-2017-115476,2017-03-17,VM-21835,Consumer,East,Same Day,16252
CA-2017-115483,2017-07-14,JS-15880,Consumer,Central,Second Class,21984
CA-2017-115504,2017-03-12,MC-18130,Corporate,South,Standard Class,1296
CA-2017-115525,2017-07-25,RR-19525,Corporate,East,Standard Class,24388
CA-2017-115574,2017-12-23,BP-11185,Corporate,Central,First Class,141372
CA-2017-115588,2017-11-10,AF-10885,Consumer,East,Second Class,40448
CA-2017-115756,2017-09-05,PK-19075,Consumer,Central,Second Class,63446
CA-2017-115917,2017-05-20,RB-19465,Home Office,West,Standard Class,25916
CA-2017-116232,2017-09-22,AC-10450,Consumer,South,Standard Class,9162
CA-2017-116337,2017-11-07,MC-17845,Consumer,Central,Standard Class,318534
CA-2017-116344,2017-07-29,JO-15145,Corporate,East,Standard Class,84784
CA-2017-116379,2017-11-07,LD-17005,Consumer,West,Standard Class,57584
CA-2017-116526,2017-09-01,JA-15970,Consumer,Central,Standard Class,43205
CA-2017-116540,2017-09-02,SS-20590,Consumer,Central,Same Day,1007
CA-2017-116547,2017-01-10,KB-16585,Corporate,West,Standard Class,14990
CA-2017-116561,2017-09-11,EB-14110,Consumer,West,Standard Class,73166
CA-2017-116596,2017-10-27,BW-11200,Consumer,East,Standard Class,444787
CA-2017-116603,2017-07-17,AT-10735,Consumer,East,Standard Class,4596
CA-2017-116722,2017-11-11,LP-17080,Consumer,West,Standard Class,486852
CA-2017-116736,2017-01-17,CC-12430,Home Office,East,Standard Class,72455
CA-2017-116764,2017-08-27,EM-13825,Corporate,South,Standard Class,9216
CA-2017-116799,2017-03-03,JG-15310,Corporate,Central,First Class,99127
CA-2017-116911,2017-09-15,JD-16150,Corporate,West,Standard Class,133255
CA-2017-116918,2017-10-01,JK-15205,Consumer,South,Second Class,36364
CA-2017-116974,2017-10-09,MP-17965,Corporate,East,Standard Class,23976
CA-2017-117121,2017-12-17,AB-10105,Consumer,Central,Standard Class,989274
CA-2017-117226,2017-12-30,KD-16495,Corporate,Central,First Class,6924
CA-2017-117282,2017-07-14,DR-12880,Corporate,East,Standard Class,1416
CA-2017-117408,2017-08-31,TP-21130,Consumer,Central,Standard Class,23968
CA-2017-117590,2017-12-08,GH-14485,Corporate,Central,First Class,1116636
CA-2017-117604,2017-09-04,JP-15520,Consumer,South,Standard Class,2395
CA-2017-117625,2017-05-10,GM-14500,Consumer,Central,Standard Class,7072
CA-2017-117660,2017-12-30,BM-11785,Consumer,East,Standard Class,19616
CA-2017-117681,2017-04-09,HF-14995,Consumer,West,Standard Class,556665
CA-2017-117849,2017-04-15,JK-16120,Home Office,West,Second Class,1437
CA-2017-117912,2017-02-04,TB-21520,Consumer,West,Standard Class,14368
CA-2017-117919,2017-08-27,TB-21355,Corporate,Central,Second Class,9408
CA-2017-118052,2017-05-06,BE-11455,Home Office,East,Standard Class,111496
CA-2017-118073,2017-08-12,CS-12490,Corporate,South,Standard Class,5622925
CA-2017-118101,2017-06-26,SN-20560,Home Office,Central,Same Day,54797
CA-2017-118129,2017-12-19,CL-12565,Consumer,East,Second Class,30392
CA-2017-118178,2017-03-19,CC-12610,Corporate,South,Standard Class,31086
CA-2017-118255,2017-03-11,ON-18715,Corporate,Central,First Class,6344
CA-2017-118311,2017-10-24,ED-13885,Home Office,West,Standard Class,450
CA-2017-118332,2017-12-16,PK-19075,Consumer,West,Standard Class,56392
CA-2017-118500,2017-11-17,HJ-14875,Home Office,West,First Class,495
CA-2017-118514,2017-02-03,LC-17050,Consumer,South,Standard Class,8664
CA-2017-118570,2017-11-13,CC-12430,Home Office,East,Standard Class,217056
CA-2017-118626,2017-08-15,JC-15775,Consumer,South,Standard Class,705544
CA-2017-118689,2017-10-02,TC-20980,Corporate,Central,Standard Class,1833674
CA-2017-118745,2017-06-11,SV-20365,Consumer,West,Standard Class,902712
CA-2017-118759,2017-11-14,MB-17305,Consumer,East,First Class,412050
CA-2017-118899,2017-03-22,MC-17275,Consumer,West,Same Day,167888
CA-2017-118913,2017-06-25,AS-10240,Consumer,West,Standard Class,6081
CA-2017-118934,2017-08-09,GH-14410,Home Office,South,Standard Class,5526
CA-2017-118969,2017-10-02,LP-17095,Consumer,West,First Class,54792
CA-2017-119018,2017-11-04,CW-11905,Home Office,West,Standard Class,15776
CA-2017-119025,2017-02-22,PV-18985,Home Office,Central,Standard Class,49032
CA-2017-119074,2017-03-27,DS-13180,Corporate,South,Standard Class,9270
CA-2017-119123,2017-03-13,DB-13360,Home Office,West,Standard Class,51184
CA-2017-119165,2017-10-31,BD-11320,Consumer,East,Standard Class,492835
CA-2017-119186,2017-05-26,MS-17710,Consumer,Central,Same Day,127555
CA-2017-119445,2017-06-26,GM-14500,Consumer,East,Standard Class,149
CA-2017-119515,2017-08-14,TR-21325,Consumer,South,First Class,15552
CA-2017-119641,2017-09-22,CS-12250,Corporate,Central,Standard Class,1896
CA-2017-119683,2017-03-12,CK-12595,Consumer,East,Second Class,2934
CA-2017-119823,2017-06-04,KD-16270,Consumer,South,First Class,7588
CA-2017-119865,2017-06-21,AS-10090,Consumer,East,Standard Class,543368
CA-2017-119935,2017-11-10,KM-16225,Corporate,Central,Standard Class,8569
CA-2017-119963,2017-11-18,SN-20710,Home Office,Central,Standard Class,329972
CA-2017-120005,2017-03-03,TS-21160,Corporate,West,Same Day,6063
CA-2017-120082,2017-03-25,DK-12835,Corporate,East,Second Class,5952
CA-2017-120180,2017-07-14,TP-21130,Consumer,East,First Class,11632
CA-2017-120250,2017-09-19,AP-10720,Home Office,East,First Class,25632
CA-2017-120257,2017-09-22,PW-19240,Consumer,East,Standard Class,7872
CA-2017-120355,2017-09-18,MM-17260,Consumer,East,Standard Class,637854
CA-2017-120369,2017-10-28,VB-21745,Corporate,East,Same Day,7568
CA-2017-120530,2017-04-07,Dl-13600,Corporate,East,Standard Class,658746
CA-2017-120558,2017-06-07,RD-19810,Home Office,East,First Class,324
CA-2017-120796,2017-04-03,CS-11950,Consumer,East,Standard Class,99846
CA-2017-120803,2017-03-09,RB-19465,Home Office,East,Standard Class,19975
CA-2017-120824,2017-06-12,AW-10930,Home Office,Central,Second Class,546616
CA-2017-120859,2017-09-01,CV-12805,Corporate,West,First Class,2188
CA-2017-120873,2017-10-27,BW-11200,Consumer,South,Second Class,29098
CA-2017-121020,2017-10-24,CG-12040,Home Office,South,Standard Class,239976
CA-2017-121034,2017-08-08,JF-15565,Consumer,Central,Second Class,65120
CA-2017-121223,2017-09-11,GD-14590,Corporate,East,Second Class,737394
CA-2017-121356,2017-11-20,SJ-20500,Consumer,East,Standard Class,1284
CA-2017-121370,2017-11-14,EB-14110,Consumer,East,Second Class,1628610
CA-2017-121377,2017-05-28,TN-21040,Home Office,Central,Standard Class,2864
CA-2017-121447,2017-02-21,EA-14035,Corporate,East,First Class,1358
CA-2017-121601,2017-10-04,MO-17500,Consumer,Central,Same Day,59752
CA-2017-121671,2017-07-17,AA-10480,Consumer,Central,Standard Class,58952
CA-2017-121748,2017-10-24,VW-21775,Corporate,West,Second Class,36098
CA-2017-121755,2017-01-16,EH-13945,Consumer,West,Second Class,20705
CA-2017-121958,2017-11-13,CS-12505,Consumer,South,Standard Class,52136
CA-2017-121993,2017-06-10,JB-16000,Consumer,East,First Class,23616
CA-2017-122017,2017-12-29,CD-11920,Consumer,Central,Standard Class,15252
CA-2017-122063,2017-12-03,MM-17920,Consumer,Central,Standard Class,61194
CA-2017-122133,2017-05-16,JR-15670,Consumer,East,Standard Class,55256
CA-2017-122322,2017-07-15,RH-19510,Home Office,West,Standard Class,444
CA-2017-122392,2017-07-22,CJ-12010,Consumer,East,Standard Class,12064
CA-2017-122448,2017-06-09,DB-13210,Consumer,West,Standard Class,122352
CA-2017-122511,2017-03-11,BT-11485,Home Office,East,Same Day,30336
CA-2017-122518,2017-03-04,RF-19345,Corporate,South,Second Class,1008
CA-2017-122728,2017-05-18,EB-13930,Consumer,West,Standard Class,12222
CA-2017-122903,2017-05-27,LA-16780,Corporate,Central,Second Class,80916
CA-2017-123015,2017-12-26,AJ-10795,Corporate,East,Standard Class,4992
CA-2017-123050,2017-04-04,BC-11125,Home Office,East,Second Class,20363
CA-2017-123120,2017-09-04,CV-12295,Consumer,East,Standard Class,9272
CA-2017-123176,2017-09-27,JG-15160,Consumer,South,Second Class,3183
CA-2017-123274,2017-02-19,GT-14710,Consumer,East,Standard Class,28740
CA-2017-123337,2017-09-16,KD-16495,Corporate,West,Standard Class,275414
CA-2017-123358,2017-04-10,BT-11680,Consumer,West,Standard Class,132425
CA-2017-123414,2017-08-21,SU-20665,Home Office,South,Standard Class,37264
CA-2017-123512,2017-06-17,MV-18190,Consumer,West,First Class,261875
CA-2017-123526,2017-12-24,BV-11245,Corporate,West,First Class,334
CA-2017-123533,2017-11-24,SC-20050,Home Office,South,Standard Class,86904
CA-2017-123540,2017-04-02,DJ-13420,Corporate,Central,Second Class,14549
CA-2017-123617,2017-11-28,AJ-10780,Corporate,South,Standard Class,7434
CA-2017-123666,2017-03-26,SP-20545,Corporate,East,Standard Class,45995
CA-2017-123722,2017-09-25,NH-18610,Corporate,Central,Standard Class,15936
CA-2017-123806,2017-11-24,LA-16780,Corporate,East,Second Class,20776
CA-2017-123932,2017-09-06,YC-21895,Corporate,Central,Standard Class,333776
CA-2017-123946,2017-09-12,AJ-10795,Corporate,South,Standard Class,107932
CA-2017-124016,2017-09-23,JS-15940,Home Office,East,Second Class,24181
CA-2017-124051,2017-12-29,KA-16525,Consumer,Central,First Class,186048
CA-2017-124100,2017-03-31,EH-13990,Consumer,East,Standard Class,327996
CA-2017-124149,2017-04-23,MJ-17740,Consumer,East,First Class,192232
CA-2017-124233,2017-04-08,CK-12595,Consumer,West,Standard Class,247
CA-2017-124254,2017-04-12,TB-21175,Corporate,South,Standard Class,191808
CA-2017-124352,2017-10-15,CD-12790,Home Office,Central,Standard Class,94388
CA-2017-124485,2017-11-24,NC-18340,Consumer,East,First Class,19904
CA-2017-124506,2017-11-11,BB-11545,Corporate,Central,Standard Class,143960
CA-2017-124527,2017-11-16,IM-15055,Consumer,West,First Class,832
CA-2017-124562,2017-12-08,JP-16135,Home Office,East,Standard Class,12957
CA-2017-124583,2017-09-01,LB-16795,Home Office,West,Second Class,1278
CA-2017-124590,2017-11-12,SP-20920,Consumer,East,Standard Class,3588096
CA-2017-124667,2017-11-11,BD-11770,Consumer,East,Standard Class,14333
CA-2017-124681,2017-07-18,SV-20935,Consumer,Central,Second Class,15576
CA-2017-124772,2017-12-05,JG-15160,Consumer,South,First Class,19182
CA-2017-124793,2017-03-14,MM-18280,Corporate,West,First Class,196784
CA-2017-124814,2017-04-10,FM-14215,Corporate,West,Standard Class,1528
CA-2017-125017,2017-02-06,KB-16240,Corporate,South,Standard Class,132224
CA-2017-125080,2017-10-21,VW-21775,Corporate,East,Standard Class,661176
CA-2017-125087,2017-04-18,TH-21115,Corporate,Central,Standard Class,1912096
CA-2017-125094,2017-11-05,NP-18700,Consumer,West,Standard Class,47972
CA-2017-125164,2017-11-10,SH-19975,Corporate,East,Standard Class,70216
CA-2017-125206,2017-01-03,LR-16915,Consumer,West,First Class,11446
CA-2017-125220,2017-10-14,BE-11410,Consumer,Central,Standard Class,164975
CA-2017-125318,2017-06-06,RC-19825,Consumer,Central,Standard Class,328224
CA-2017-125661,2017-11-24,CA-12055,Home Office,East,First Class,54748
CA-2017-125724,2017-09-22,SM-20950,Corporate,West,Standard Class,68432
CA-2017-125738,2017-10-15,PB-18805,Home Office,West,Standard Class,15468
CA-2017-125815,2017-10-28,DL-13330,Consumer,East,Second Class,1242
CA-2017-125843,2017-08-13,RF-19840,Consumer,South,First Class,3268
CA-2017-125850,2017-01-22,FP-14320,Consumer,West,Standard Class,2509
CA-2017-125920,2017-05-21,SH-19975,Corporate,Central,Standard Class,3798
CA-2017-126004,2017-12-04,BM-11140,Consumer,East,First Class,62658
CA-2017-126102,2017-09-10,DV-13465,Consumer,West,Second Class,276784
CA-2017-126158,2017-07-25,SC-20095,Consumer,West,Standard Class,387453
CA-2017-126165,2017-05-05,AH-10465,Consumer,West,Second Class,71088
CA-2017-126270,2017-04-23,AF-10870,Consumer,West,Standard Class,25285
CA-2017-126284,2017-09-20,EN-13780,Consumer,Central,Standard Class,837
CA-2017-126529,2017-01-11,DE-13255,Home Office,East,Second Class,94452
CA-2017-126543,2017-01-09,MF-17665,Corporate,East,Second Class,15168
CA-2017-126613,2017-07-10,AA-10375,Consumer,West,Standard Class,16768
CA-2017-126732,2017-09-02,LR-16915,Consumer,West,Standard Class,1680912
CA-2017-126795,2017-06-13,GT-14710,Consumer,East,Second Class,33568
CA-2017-126809,2017-04-09,EB-13750,Corporate,West,Standard Class,35352
CA-2017-126858,2017-11-19,JM-15265,Corporate,West,Standard Class,3196
CA-2017-126935,2017-05-19,BT-11395,Corporate,West,Standard Class,9584
CA-2017-127138,2017-03-12,DK-13225,Corporate,West,Second Class,842612
CA-2017-127194,2017-12-10,BW-11110,Corporate,East,Standard Class,6282
CA-2017-127208,2017-06-12,SC-20770,Corporate,South,First Class,22490
CA-2017-127236,2017-03-29,TB-21595,Consumer,East,Standard Class,458351
CA-2017-127243,2017-11-28,DS-13180,Corporate,East,Standard Class,740088
CA-2017-127250,2017-11-03,SF-20200,Consumer,West,Standard Class,882
CA-2017-127369,2017-06-06,DB-13060,Consumer,East,First Class,7143
CA-2017-127642,2017-05-21,CP-12340,Corporate,East,First Class,11196
CA-2017-127649,2017-10-07,DL-13495,Corporate,West,First Class,8376
CA-2017-127670,2017-03-20,RD-19660,Home Office,Central,Standard Class,69716
CA-2017-127698,2017-12-01,MV-18190,Consumer,South,Same Day,863928
CA-2017-127761,2017-11-10,SW-20275,Consumer,East,Standard Class,88557
CA-2017-127775,2017-06-11,ES-14020,Consumer,East,Second Class,23997
CA-2017-127985,2017-04-01,DB-12910,Home Office,South,Second Class,704
CA-2017-128111,2017-03-17,CS-12355,Consumer,East,Standard Class,3968
CA-2017-128223,2017-06-14,EB-13705,Corporate,West,Same Day,1293488
CA-2017-128258,2017-03-30,CP-12085,Corporate,East,First Class,1134
CA-2017-128307,2017-07-25,BE-11335,Home Office,Central,Standard Class,20936
CA-2017-128412,2017-12-10,AP-10915,Consumer,West,Standard Class,177304
CA-2017-128517,2017-04-09,SW-20350,Home Office,Central,Second Class,5707
CA-2017-128531,2017-11-24,NS-18505,Consumer,Central,Second Class,476860
CA-2017-128594,2017-08-26,DJ-13510,Corporate,West,First Class,1603136
CA-2017-128671,2017-08-11,MT-18070,Home Office,Central,Standard Class,12266
CA-2017-128706,2017-02-27,DW-13540,Consumer,Central,Standard Class,16192
CA-2017-128727,2017-08-29,MO-17800,Home Office,East,Standard Class,22
CA-2017-128811,2017-09-12,SF-20200,Consumer,West,Standard Class,22858
CA-2017-128818,2017-05-07,CJ-12010,Consumer,East,Standard Class,954798
CA-2017-128867,2017-11-03,CL-12565,Consumer,Central,Standard Class,10320
CA-2017-128916,2017-08-18,MA-17560,Home Office,Central,Second Class,14896
CA-2017-128923,2017-12-09,GB-14530,Corporate,Central,Standard Class,18720
CA-2017-128972,2017-11-13,TS-21430,Corporate,Central,Standard Class,3036
CA-2017-129126,2017-12-14,PK-19075,Consumer,East,Standard Class,47905
CA-2017-129196,2017-11-01,XP-21865,Consumer,Central,Standard Class,68112
CA-2017-129238,2017-01-31,SC-20050,Home Office,West,Standard Class,110159
CA-2017-129280,2017-05-03,SM-20905,Consumer,East,First Class,741703
CA-2017-129308,2017-07-07,CC-12100,Home Office,East,Standard Class,67659
CA-2017-129686,2017-11-27,GG-14650,Corporate,Central,Second Class,98608
CA-2017-129693,2017-11-26,TC-20980,Corporate,West,Standard Class,7312
CA-2017-129714,2017-09-01,AB-10060,Home Office,East,First Class,4366263
CA-2017-129728,2017-05-30,JG-15310,Corporate,West,Standard Class,16784
CA-2017-129847,2017-09-02,TA-21385,Home Office,Central,First Class,84272
CA-2017-129861,2017-06-17,DM-13345,Corporate,East,Standard Class,376866
CA-2017-129868,2017-12-26,MC-18130,Corporate,West,Standard Class,1358700
CA-2017-129903,2017-12-01,GZ-14470,Consumer,Central,Second Class,2392
CA-2017-130001,2017-04-23,HK-14890,Corporate,South,Standard Class,3624
CA-2017-130029,2017-07-03,GT-14755,Consumer,West,First Class,1692
CA-2017-130050,2017-07-16,MC-17425,Corporate,Central,Second Class,9552
CA-2017-130078,2017-08-08,CC-12145,Consumer,Central,Standard Class,1056
CA-2017-130162,2017-10-28,JH-15910,Consumer,West,Standard Class,311682
CA-2017-130267,2017-09-19,SW-20245,Consumer,West,Standard Class,15988
CA-2017-130288,2017-11-26,DK-13225,Corporate,East,Second Class,313176
CA-2017-130393,2017-12-01,JM-15865,Consumer,Central,Second Class,121737
CA-2017-130400,2017-03-08,SJ-20125,Home Office,Central,Standard Class,158004
CA-2017-130407,2017-09-02,KD-16270,Consumer,East,Standard Class,11546
CA-2017-130442,2017-12-16,SF-20065,Consumer,South,First Class,34944
CA-2017-130477,2017-04-08,LC-17140,Consumer,West,Standard Class,9796
CA-2017-130484,2017-08-22,SG-20470,Consumer,West,Standard Class,26352
CA-2017-130638,2017-05-16,SC-20095,Consumer,West,Second Class,31056
CA-2017-130680,2017-06-24,BD-11320,Consumer,West,Standard Class,3824
CA-2017-130778,2017-11-19,ND-18370,Consumer,East,Standard Class,5349
CA-2017-130799,2017-11-11,BK-11260,Consumer,West,Second Class,696
CA-2017-130820,2017-11-15,ON-18715,Corporate,South,Same Day,630024
CA-2017-130911,2017-03-24,DC-12850,Consumer,East,Second Class,48803
CA-2017-130946,2017-04-08,ZC-21910,Consumer,Central,Standard Class,1616704
CA-2017-131065,2017-11-14,AA-10375,Consumer,South,Second Class,51352
CA-2017-131093,2017-09-17,TS-21610,Consumer,East,Second Class,2954
CA-2017-131205,2017-09-04,AA-10645,Consumer,South,Standard Class,25340
CA-2017-131289,2017-12-08,SP-20620,Corporate,West,Standard Class,1427056
CA-2017-131296,2017-10-04,MS-17830,Consumer,East,Standard Class,239372
CA-2017-131380,2017-03-28,CC-12220,Consumer,West,Second Class,9390
CA-2017-131499,2017-09-08,MG-17875,Home Office,East,First Class,20748
CA-2017-131576,2017-11-22,RD-19585,Consumer,Central,Standard Class,4944
CA-2017-131639,2017-12-17,NS-18640,Corporate,West,Standard Class,24904
CA-2017-131737,2017-03-17,GZ-14470,Consumer,East,Same Day,101909
CA-2017-131744,2017-06-18,SC-20770,Corporate,East,Second Class,16010
CA-2017-131835,2017-07-17,MC-17590,Corporate,East,Standard Class,22409
CA-2017-131968,2017-11-11,LB-16795,Home Office,South,Standard Class,681432
CA-2017-132017,2017-09-26,MH-17620,Corporate,Central,First Class,6816
CA-2017-132066,2017-10-16,NB-18655,Corporate,East,Standard Class,142182
CA-2017-132094,2017-08-26,VG-21805,Corporate,East,Standard Class,53456
CA-2017-132143,2017-09-03,FM-14215,Corporate,East,First Class,4816
CA-2017-132304,2017-06-14,AR-10825,Corporate,West,Standard Class,111517
CA-2017-132409,2017-05-26,TH-21235,Corporate,East,Standard Class,36352
CA-2017-132479,2017-09-24,MK-17905,Corporate,Central,First Class,442372
CA-2017-132549,2017-11-25,JK-15370,Consumer,South,Standard Class,7336
CA-2017-132661,2017-10-23,SR-20740,Home Office,East,Standard Class,3794
CA-2017-132731,2017-11-24,GA-14515,Consumer,Central,Standard Class,657552
CA-2017-132829,2017-12-23,LA-16780,Corporate,Central,Second Class,502416
CA-2017-132899,2017-04-07,SF-20200,Consumer,East,Standard Class,364
CA-2017-132990,2017-08-01,KM-16660,Consumer,East,Second Class,19312
CA-2017-132997,2017-11-07,LW-17215,Consumer,East,First Class,352155
CA-2017-133123,2017-09-06,KB-16315,Consumer,South,Standard Class,99156
CA-2017-133144,2017-05-16,DO-13435,Consumer,West,Second Class,1734
CA-2017-133319,2017-09-05,MV-17485,Consumer,East,Standard Class,19216
CA-2017-133340,2017-12-09,LH-17155,Consumer,Central,Standard Class,68036
CA-2017-133368,2017-01-14,AG-10675,Consumer,South,Standard Class,405344
CA-2017-133550,2017-07-31,KL-16645,Consumer,Central,Standard Class,131103
CA-2017-133613,2017-06-17,CP-12340,Corporate,East,Standard Class,58477
CA-2017-133669,2017-10-21,SV-20935,Consumer,East,Standard Class,235152
CA-2017-133697,2017-10-20,CM-12445,Consumer,Central,Second Class,132950
CA-2017-133711,2017-11-26,MC-17425,Corporate,South,First Class,22681
CA-2017-133725,2017-05-23,KL-16645,Consumer,Central,Standard Class,1979928
CA-2017-133795,2017-12-18,JE-15475,Consumer,West,Standard Class,88503
CA-2017-133802,2017-03-14,SP-20650,Corporate,West,Standard Class,41904
CA-2017-133816,2017-05-10,CS-12400,Home Office,East,Second Class,743988
CA-2017-133872,2017-06-14,VM-21835,Consumer,South,First Class,58400
CA-2017-133935,2017-09-18,JW-15220,Corporate,West,Standard Class,1723987
CA-2017-134110,2017-11-17,BG-11035,Consumer,Central,First Class,82408
CA-2017-134138,2017-02-16,JD-15790,Consumer,East,Standard Class,22796
CA-2017-134180,2017-11-03,JP-16135,Home Office,East,Standard Class,470227
CA-2017-134208,2017-09-17,CS-12505,Consumer,South,Standard Class,396
CA-2017-134222,2017-07-10,NZ-18565,Home Office,West,Same Day,44856
CA-2017-134334,2017-02-14,DK-13090,Consumer,East,First Class,552762
CA-2017-134348,2017-11-12,MS-17710,Consumer,West,Standard Class,36979
CA-2017-134362,2017-09-29,LS-16945,Corporate,East,First Class,15936
CA-2017-134376,2017-10-02,TT-21265,Corporate,East,Standard Class,6144
CA-2017-134425,2017-12-08,QJ-19255,Corporate,Central,Second Class,11495
CA-2017-134474,2017-01-05,AJ-10795,Corporate,South,Second Class,255904
CA-2017-134516,2017-09-20,FM-14215,Corporate,South,Standard Class,115480
CA-2017-134544,2017-03-17,AC-10660,Consumer,West,Second Class,84784
CA-2017-134691,2017-11-14,KC-16540,Consumer,Central,Standard Class,2296
CA-2017-134775,2017-10-28,AS-10285,Corporate,West,First Class,54632
CA-2017-134789,2017-04-08,CK-12325,Home Office,South,Standard Class,18614
CA-2017-134803,2017-05-28,CL-12565,Consumer,West,Standard Class,53668
CA-2017-134887,2017-03-25,TB-21280,Consumer,Central,Same Day,128745
CA-2017-134936,2017-12-19,ES-14080,Corporate,West,Standard Class,51855
CA-2017-135265,2017-07-07,CC-12370,Consumer,West,Second Class,572858
CA-2017-135461,2017-02-07,EB-13975,Corporate,West,Second Class,62396
CA-2017-135594,2017-06-30,AH-10120,Home Office,Central,Second Class,5012
CA-2017-135636,2017-10-08,DB-13615,Consumer,South,Standard Class,38772
CA-2017-135776,2017-12-23,EH-13765,Corporate,West,Standard Class,145913
CA-2017-135965,2017-09-22,SZ-20035,Home Office,East,First Class,12834
CA-2017-136021,2017-08-14,JM-15580,Consumer,West,Standard Class,107106
CA-2017-136049,2017-12-23,NM-18520,Consumer,East,Standard Class,5553
CA-2017-136126,2017-05-24,EH-14125,Home Office,South,Same Day,2611
CA-2017-136133,2017-08-18,HW-14935,Corporate,East,Second Class,35532
CA-2017-136231,2017-09-05,DM-13015,Consumer,South,Second Class,228586
CA-2017-136287,2017-06-13,SS-20590,Consumer,Central,Standard Class,189
CA-2017-136301,2017-03-13,EH-13765,Corporate,West,Second Class,494087
CA-2017-136329,2017-07-09,JD-15895,Corporate,East,Standard Class,424534
CA-2017-136371,2017-03-19,SV-20935,Consumer,East,Second Class,3530
CA-2017-136406,2017-04-15,BD-11320,Consumer,West,Second Class,1121568
CA-2017-136434,2017-12-01,RD-19480,Consumer,Central,Standard Class,1731
CA-2017-136483,2017-12-01,AG-10390,Consumer,South,Standard Class,4704
CA-2017-136595,2017-09-05,EM-13825,Corporate,Central,First Class,21204
CA-2017-136686,2017-12-12,RF-19840,Consumer,West,Standard Class,44016
CA-2017-136770,2017-08-14,SP-20650,Corporate,East,Standard Class,535080
CA-2017-136812,2017-11-18,AW-10930,Home Office,Central,Standard Class,111792
CA-2017-136924,2017-07-14,ES-14080,Corporate,West,First Class,380864
CA-2017-136994,2017-05-27,LS-17245,Consumer,West,Standard Class,1338
CA-2017-137043,2017-12-23,LC-17140,Consumer,South,Second Class,85914
CA-2017-137050,2017-07-14,SW-20755,Corporate,East,Second Class,603538
CA-2017-137127,2017-06-16,JJ-15445,Consumer,East,Standard Class,945
CA-2017-137176,2017-09-09,DB-12910,Home Office,Central,Second Class,15008
CA-2017-137204,2017-04-28,BO-11350,Corporate,West,Standard Class,41568
CA-2017-137239,2017-08-22,CR-12730,Consumer,East,Standard Class,251158
CA-2017-137330,2017-12-09,KB-16585,Corporate,Central,Standard Class,7980
CA-2017-137337,2017-03-08,GB-14575,Consumer,East,Standard Class,71888
CA-2017-137393,2017-05-06,GM-14500,Consumer,West,Standard Class,416
CA-2017-137652,2017-08-28,EB-13750,Corporate,East,First Class,18432
CA-2017-137673,2017-09-05,ML-17395,Corporate,West,Standard Class,116
CA-2017-137729,2017-05-05,BF-11005,Home Office,West,Standard Class,246766
CA-2017-137736,2017-11-10,DC-13285,Consumer,South,Standard Class,4186
CA-2017-137743,2017-07-30,KH-16360,Consumer,Central,Standard Class,1045872
CA-2017-137848,2017-01-15,WB-21850,Consumer,East,Standard Class,57200
CA-2017-137939,2017-07-20,PJ-19015,Consumer,East,Second Class,8995
CA-2017-138037,2017-09-29,AR-10540,Consumer,West,Standard Class,2724
CA-2017-138079,2017-01-22,AJ-10795,Corporate,West,Standard Class,1099
CA-2017-138233,2017-11-09,PF-19165,Consumer,West,Standard Class,47997
CA-2017-138282,2017-05-19,AH-10690,Corporate,West,Standard Class,8784
CA-2017-138478,2017-10-21,DP-13390,Home Office,West,Second Class,4550886
CA-2017-138520,2017-04-08,JL-15505,Consumer,East,Standard Class,391578
CA-2017-138583,2017-05-24,DP-13390,Home Office,East,Standard Class,16656
CA-2017-138597,2017-12-18,PN-18775,Home Office,Central,First Class,56394
CA-2017-138667,2017-12-27,MW-18220,Consumer,East,Second Class,40
CA-2017-138688,2017-06-12,DV-13045,Corporate,West,Second Class,1462
CA-2017-138695,2017-05-28,KC-16675,Corporate,South,Standard Class,452464
CA-2017-138933,2017-04-24,JL-15130,Consumer,West,First Class,3984
CA-2017-138968,2017-03-15,FC-14335,Corporate,West,First Class,1356576
CA-2017-139010,2017-02-21,MC-17635,Corporate,West,Second Class,79318
CA-2017-139157,2017-10-01,GM-14680,Consumer,East,Standard Class,330588
CA-2017-139234,2017-05-06,AF-10870,Consumer,Central,Standard Class,29384
CA-2017-139269,2017-05-25,JB-16045,Home Office,South,Standard Class,131197
CA-2017-139381,2017-04-18,RF-19840,Consumer,South,Standard Class,23348
CA-2017-139395,2017-12-12,MG-17650,Home Office,Central,Standard Class,71966
CA-2017-139409,2017-09-05,FW-14395,Corporate,East,First Class,436
CA-2017-139549,2017-10-20,MY-18295,Corporate,West,Standard Class,387136
CA-2017-139556,2017-04-26,DB-13360,Home Office,East,Standard Class,434646
CA-2017-139689,2017-12-29,MP-17965,Corporate,South,Standard Class,40896
CA-2017-139808,2017-10-07,MC-18100,Consumer,West,Standard Class,9336
CA-2017-139878,2017-11-11,LD-17005,Consumer,Central,Standard Class,25798
CA-2017-139885,2017-12-04,EB-13840,Corporate,East,Standard Class,21288
CA-2017-139934,2017-12-18,AY-10555,Corporate,West,First Class,66976
CA-2017-139941,2017-06-12,CB-12415,Consumer,East,Standard Class,14550
CA-2017-139997,2017-07-01,EM-14140,Home Office,West,First Class,149995
CA-2017-140018,2017-11-21,CK-12205,Consumer,East,Standard Class,235851
CA-2017-140046,2017-07-28,KM-16660,Consumer,West,Standard Class,189
CA-2017-140081,2017-06-20,CG-12040,Home Office,East,Standard Class,538022
CA-2017-140130,2017-10-31,HW-14935,Corporate,Central,Standard Class,73626
CA-2017-140207,2017-11-05,CS-12400,Home Office,West,Standard Class,2912
CA-2017-140249,2017-09-27,SW-20455,Consumer,West,Standard Class,1001584
CA-2017-140256,2017-08-22,PW-19030,Corporate,West,Standard Class,576
CA-2017-140382,2017-06-23,RD-19900,Consumer,West,Second Class,875903
CA-2017-140417,2017-09-25,KE-16420,Corporate,West,Standard Class,65070
CA-2017-140438,2017-12-24,PW-19030,Corporate,East,Second Class,19797
CA-2017-140501,2017-06-23,IM-15070,Consumer,East,Standard Class,32375
CA-2017-140543,2017-06-29,Co-12640,Consumer,South,Second Class,19188
CA-2017-140564,2017-12-05,TC-21475,Home Office,East,Second Class,3392
CA-2017-140571,2017-03-15,SJ-20125,Home Office,South,Standard Class,36544
CA-2017-140613,2017-07-22,KN-16705,Home Office,West,Standard Class,862
CA-2017-140634,2017-10-03,HL-15040,Consumer,Central,Second Class,15648
CA-2017-140641,2017-10-28,EP-13915,Consumer,South,Standard Class,3819
CA-2017-140746,2017-01-15,RC-19825,Consumer,East,Same Day,181797
CA-2017-140774,2017-09-05,BE-11455,Home Office,Central,Standard Class,10794
CA-2017-140928,2017-09-18,NB-18655,Corporate,South,Standard Class,383438
CA-2017-140935,2017-11-10,AB-10015,Consumer,Central,First Class,56394
CA-2017-140977,2017-06-16,JL-15175,Home Office,South,Second Class,91475
CA-2017-141019,2017-05-14,LH-17155,Consumer,East,Same Day,79384
CA-2017-141082,2017-12-09,FM-14380,Consumer,East,Standard Class,12581
CA-2017-141180,2017-05-15,DP-13000,Consumer,South,Second Class,7764
CA-2017-141397,2017-06-20,RC-19825,Consumer,West,First Class,202328
CA-2017-141523,2017-12-19,MH-17440,Corporate,East,Second Class,34600
CA-2017-141551,2017-09-24,BP-11230,Consumer,Central,Standard Class,1286
CA-2017-141586,2017-10-17,NK-18490,Home Office,West,First Class,1816
CA-2017-141887,2017-01-11,MP-17470,Home Office,East,Standard Class,54992
CA-2017-141957,2017-07-21,JG-15310,Corporate,East,Same Day,195920
CA-2017-142097,2017-10-15,QJ-19255,Corporate,South,Standard Class,34276
CA-2017-142335,2017-12-15,MP-17965,Corporate,Central,Standard Class,194931
CA-2017-142370,2017-09-19,TP-21130,Consumer,South,Standard Class,25499
CA-2017-142398,2017-04-12,BP-11290,Consumer,West,Standard Class,651496
CA-2017-142405,2017-06-11,SE-20110,Consumer,West,Standard Class,94443
CA-2017-142524,2017-09-04,MB-18085,Consumer,Central,Standard Class,29651
CA-2017-142545,2017-10-28,JD-15895,Corporate,East,Standard Class,116467
CA-2017-142594,2017-12-01,EJ-14155,Consumer,East,Second Class,481113
CA-2017-142615,2017-11-20,BM-11575,Corporate,West,Standard Class,2788
CA-2017-142762,2017-05-23,LD-17005,Consumer,West,Standard Class,3705
CA-2017-142895,2017-07-21,BP-11290,Consumer,South,Standard Class,42656
CA-2017-142902,2017-09-12,BP-11185,Corporate,West,Second Class,503400
CA-2017-142958,2017-12-13,RW-19630,Corporate,West,Standard Class,1120368
CA-2017-143154,2017-12-02,AS-10225,Corporate,West,Standard Class,1656
CA-2017-143308,2017-11-04,RC-19825,Consumer,South,Same Day,1074
CA-2017-143406,2017-09-26,LR-17035,Corporate,Central,Standard Class,547997
CA-2017-143441,2017-11-05,EB-14170,Consumer,Central,Same Day,1184
CA-2017-143476,2017-09-11,LC-16930,Corporate,West,First Class,33216
CA-2017-143609,2017-12-11,DB-13270,Home Office,West,First Class,40392
CA-2017-143714,2017-05-23,CC-12370,Consumer,East,Standard Class,8539020
CA-2017-143749,2017-12-05,AG-10300,Corporate,East,First Class,8194
CA-2017-143805,2017-12-01,JD-15895,Corporate,South,Second Class,210862
CA-2017-143910,2017-08-12,BC-11125,Home Office,East,Standard Class,145764
CA-2017-143924,2017-07-28,SC-20680,Home Office,Central,Standard Class,13036
CA-2017-144015,2017-06-26,AH-10075,Corporate,West,Same Day,24599
CA-2017-144092,2017-11-05,LH-17155,Consumer,West,Second Class,129773
CA-2017-144148,2017-07-31,AH-10690,Corporate,West,Standard Class,863128
CA-2017-144218,2017-10-31,JD-15895,Corporate,West,Standard Class,108542
CA-2017-144309,2017-12-10,CM-12235,Consumer,East,Standard Class,69850
CA-2017-144337,2017-08-01,SG-20890,Corporate,Central,Second Class,19648
CA-2017-144344,2017-10-28,PG-18820,Consumer,South,Same Day,314393
CA-2017-144400,2017-02-23,AC-10420,Corporate,East,Standard Class,57576
CA-2017-144540,2017-09-05,GH-14410,Home Office,Central,Standard Class,9123
CA-2017-144554,2017-11-07,DM-13345,Corporate,East,Standard Class,119976
CA-2017-144645,2017-02-02,NS-18640,Corporate,Central,Standard Class,73784
CA-2017-144729,2017-10-21,JE-15745,Consumer,West,Standard Class,15444
CA-2017-144764,2017-09-02,RL-19615,Consumer,Central,Standard Class,51721
CA-2017-144785,2017-04-18,CS-12490,Corporate,East,Standard Class,1383
CA-2017-144792,2017-04-30,KD-16615,Corporate,West,Standard Class,111888
CA-2017-144855,2017-07-22,DL-13495,Corporate,West,Second Class,63
CA-2017-144911,2017-11-27,RW-19630,Corporate,Central,First Class,3647
CA-2017-144939,2017-10-03,EB-13870,Consumer,East,Standard Class,599292
CA-2017-145009,2017-12-05,RF-19345,Corporate,Central,Second Class,11952
CA-2017-145135,2017-11-26,CD-12790,Home Office,East,First Class,7333
CA-2017-145177,2017-11-10,PP-18955,Home Office,East,Standard Class,437170
CA-2017-145240,2017-09-06,BG-11740,Consumer,Central,First Class,10784
CA-2017-145247,2017-05-05,ND-18370,Consumer,South,First Class,7914
CA-2017-145261,2017-12-18,AH-10120,Home Office,West,First Class,204185
CA-2017-145303,2017-08-28,TP-21415,Consumer,Central,First Class,1575066
CA-2017-145492,2017-11-20,MC-17605,Corporate,West,Standard Class,39
CA-2017-145499,2017-05-30,RW-19690,Consumer,South,First Class,3282
CA-2017-145548,2017-11-11,EB-13750,Corporate,East,Standard Class,348030
CA-2017-145583,2017-10-13,LC-16885,Consumer,West,Standard Class,94178
CA-2017-145611,2017-09-20,HA-14905,Consumer,East,Standard Class,39325
CA-2017-145625,2017-09-11,KC-16540,Consumer,West,Standard Class,335498
CA-2017-145709,2017-10-04,AH-10690,Corporate,South,Standard Class,16836
CA-2017-145730,2017-03-03,CC-12220,Consumer,Central,Standard Class,667053
CA-2017-145842,2017-06-17,FM-14380,Consumer,East,Second Class,4074
CA-2017-145898,2017-09-26,CM-12445,Consumer,West,Same Day,6581
CA-2017-145905,2017-09-18,AM-10705,Consumer,South,Standard Class,126414
CA-2017-145919,2017-12-18,HG-14965,Corporate,West,Standard Class,28065
CA-2017-145982,2017-08-27,TB-21055,Consumer,East,Second Class,272260
CA-2017-146010,2017-05-20,EH-14125,Home Office,West,First Class,40635
CA-2017-146143,2017-12-14,MC-17845,Consumer,South,Standard Class,13338
CA-2017-146150,2017-02-14,FM-14380,Consumer,South,Standard Class,26418
CA-2017-146157,2017-11-21,RD-19720,Consumer,Central,Standard Class,141576
CA-2017-146171,2017-03-11,JP-16135,Home Office,South,Standard Class,55824
CA-2017-146206,2017-09-10,KT-16480,Consumer,Central,Second Class,102089
CA-2017-146318,2017-01-22,MC-17275,Consumer,West,Standard Class,1296
CA-2017-146325,2017-12-14,DS-13180,Corporate,West,First Class,82772
CA-2017-146423,2017-04-21,BT-11680,Consumer,East,Same Day,6732
CA-2017-146437,2017-01-28,HG-14965,Corporate,West,Second Class,3968
CA-2017-146521,2017-07-21,CC-12610,Corporate,East,Second Class,1941
CA-2017-146633,2017-11-15,TG-21310,Consumer,West,Second Class,1054928
CA-2017-146682,2017-10-29,KW-16435,Consumer,Central,First Class,67
CA-2017-146766,2017-11-04,TT-21220,Consumer,West,Same Day,1928
CA-2017-146836,2017-05-02,CC-12475,Consumer,East,Same Day,50070
CA-2017-146913,2017-10-31,SF-20965,Corporate,West,Standard Class,140392
CA-2017-146934,2017-05-22,AF-10870,Consumer,East,Standard Class,270352
CA-2017-146941,2017-12-10,DL-13315,Consumer,East,First Class,44250
CA-2017-147067,2017-12-18,JD-16150,Corporate,Central,Standard Class,1884
CA-2017-147109,2017-12-17,AH-10075,Corporate,Central,Standard Class,6840
CA-2017-147123,2017-12-10,SJ-20125,Home Office,West,First Class,8028
CA-2017-147137,2017-07-04,AA-10645,Consumer,West,First Class,1286607
CA-2017-147256,2017-10-17,FC-14245,Home Office,Central,Second Class,237756
CA-2017-147368,2017-06-09,TC-21295,Consumer,South,First Class,6957
CA-2017-147375,2017-06-12,PO-19180,Home Office,Central,Second Class,1321467
CA-2017-147417,2017-07-25,CB-12415,Consumer,East,First Class,1439976
CA-2017-147431,2017-02-02,AB-10105,Consumer,East,Standard Class,11796
CA-2017-147473,2017-05-30,NL-18310,Home Office,West,Standard Class,3888
CA-2017-147536,2017-12-26,AR-10510,Consumer,East,Standard Class,8997
CA-2017-147578,2017-04-22,PG-18895,Consumer,West,Second Class,3156
CA-2017-147585,2017-11-07,CB-12535,Corporate,West,Standard Class,1482
CA-2017-147683,2017-11-13,PO-19180,Home Office,West,Standard Class,1954
CA-2017-147970,2017-01-31,AB-10150,Consumer,Central,Second Class,15552
CA-2017-148096,2017-08-16,AO-10810,Corporate,West,First Class,16128
CA-2017-148201,2017-08-26,CC-12145,Consumer,West,Second Class,648
CA-2017-148208,2017-01-22,BT-11530,Home Office,East,Standard Class,165552
CA-2017-148516,2017-08-07,DW-13585,Corporate,West,Standard Class,17997
CA-2017-148593,2017-06-16,BD-11320,Consumer,West,Second Class,4635
CA-2017-148684,2017-12-25,TS-21655,Consumer,South,Standard Class,87004
CA-2017-148698,2017-05-02,BD-11770,Consumer,Central,Standard Class,86352
CA-2017-148740,2017-11-15,AH-10690,Corporate,West,Standard Class,361376
CA-2017-148747,2017-09-25,AS-10045,Corporate,West,First Class,477666
CA-2017-148796,2017-04-14,PB-19150,Consumer,West,Standard Class,3838
CA-2017-148852,2017-05-26,SV-20785,Consumer,West,Standard Class,1072978
CA-2017-148908,2017-11-05,JH-15985,Consumer,West,First Class,53248
CA-2017-149111,2017-04-17,BF-11170,Home Office,South,Second Class,55416
CA-2017-149195,2017-09-05,DM-13525,Corporate,Central,Second Class,28768
CA-2017-149223,2017-09-06,ER-13855,Corporate,Central,Standard Class,7788
CA-2017-149237,2017-05-26,CM-12235,Consumer,Central,Standard Class,2694
CA-2017-149279,2017-04-24,CL-12700,Home Office,West,Standard Class,151236
CA-2017-149314,2017-07-02,GB-14530,Corporate,West,Second Class,195184
CA-2017-149335,2017-07-25,BC-11125,Home Office,West,Same Day,3717
CA-2017-149349,2017-11-12,SP-20650,Corporate,Central,First Class,22752
CA-2017-149370,2017-09-15,DB-13210,Consumer,East,Standard Class,5344
CA-2017-149454,2017-07-25,KM-16375,Home Office,South,First Class,1044
CA-2017-149461,2017-11-13,AS-10135,Home Office,West,Standard Class,418
CA-2017-149482,2017-11-14,RR-19315,Consumer,West,Standard Class,738
CA-2017-149503,2017-12-09,SP-20650,Corporate,West,First Class,27392
CA-2017-149671,2017-06-05,KB-16600,Corporate,West,Standard Class,6138
CA-2017-149685,2017-10-08,PM-19135,Home Office,Central,Standard Class,60144
CA-2017-149762,2017-12-03,RD-19720,Consumer,West,Standard Class,481434
CA-2017-149783,2017-09-04,DL-13315,Consumer,South,Second Class,131104
CA-2017-149797,2017-09-15,AH-10075,Corporate,East,Standard Class,841568
CA-2017-149902,2017-04-01,DW-13540,Consumer,East,Standard Class,8804
CA-2017-149916,2017-12-22,ED-13885,Home Office,West,Second Class,6692
CA-2017-149965,2017-06-20,BS-11365,Corporate,Central,Standard Class,5838
CA-2017-149979,2017-09-23,RA-19915,Consumer,South,Second Class,48722
CA-2017-150000,2017-04-08,PG-18820,Consumer,South,Standard Class,1792
CA-2017-150007,2017-09-11,AS-10090,Consumer,Central,Standard Class,1914
CA-2017-150077,2017-02-04,MS-17365,Consumer,East,Standard Class,9048
CA-2017-150343,2017-08-16,PK-19075,Consumer,West,Standard Class,1086
CA-2017-150350,2017-08-23,MS-17770,Consumer,West,Standard Class,547926
CA-2017-150483,2017-05-31,BP-11290,Consumer,Central,Standard Class,252007
CA-2017-150658,2017-11-17,MS-17365,Consumer,West,Standard Class,10776
CA-2017-150889,2017-03-20,PB-19105,Consumer,Central,Second Class,11992
CA-2017-150945,2017-12-18,JK-16120,Home Office,East,Second Class,90008
CA-2017-151092,2017-08-06,VG-21790,Consumer,West,Standard Class,211168
CA-2017-151141,2017-08-20,DW-13480,Home Office,Central,First Class,1478
CA-2017-151148,2017-09-12,PO-19180,Home Office,West,Same Day,230088
CA-2017-151155,2017-12-20,AB-10255,Home Office,South,Standard Class,3434
CA-2017-151169,2017-10-21,MY-18295,Corporate,East,Standard Class,792
CA-2017-151323,2017-10-23,AB-10255,Home Office,West,Standard Class,1705
CA-2017-151372,2017-09-05,JH-15985,Consumer,West,First Class,11212
CA-2017-151498,2017-04-21,DN-13690,Consumer,West,First Class,832
CA-2017-151512,2017-12-26,SH-19975,Corporate,West,Standard Class,1872
CA-2017-151561,2017-09-01,PG-18820,Consumer,East,Standard Class,32214
CA-2017-151974,2017-09-22,RD-19660,Home Office,East,Standard Class,1652
CA-2017-152072,2017-01-15,Dp-13240,Home Office,East,Standard Class,31197
CA-2017-152121,2017-11-27,CC-12670,Consumer,West,Second Class,271992
CA-2017-152156,2017-11-08,CG-12520,Consumer,South,Second Class,99390
CA-2017-152163,2017-07-01,JF-15355,Consumer,South,Same Day,7272
CA-2017-152170,2017-11-12,FH-14275,Corporate,Central,Second Class,38314
CA-2017-152247,2017-11-07,MA-17995,Home Office,West,Standard Class,1603136
CA-2017-152289,2017-08-26,LC-16930,Corporate,Central,First Class,1184700
CA-2017-152331,2017-06-26,LD-16855,Corporate,Central,Standard Class,5304
CA-2017-152408,2017-05-15,TT-21220,Consumer,East,Standard Class,13776
CA-2017-152457,2017-09-12,SC-20695,Corporate,Central,Standard Class,6852
CA-2017-152471,2017-07-08,ZD-21925,Consumer,South,Same Day,98380
CA-2017-152520,2017-07-08,TH-21115,Corporate,East,Standard Class,1296
CA-2017-152534,2017-06-20,DP-13105,Corporate,West,Second Class,4404
CA-2017-152555,2017-03-29,ME-17320,Home Office,Central,Second Class,1702380
CA-2017-152632,2017-10-27,JE-15475,Consumer,East,Standard Class,402
CA-2017-152646,2017-11-21,TH-21235,Corporate,West,Standard Class,324
CA-2017-152688,2017-10-17,NR-18550,Consumer,East,First Class,43696
CA-2017-152730,2017-05-30,EM-14140,Home Office,Central,Standard Class,66053
CA-2017-152765,2017-06-15,LS-17245,Consumer,Central,First Class,173488
CA-2017-152800,2017-04-13,SP-20920,Consumer,West,First Class,612
CA-2017-152814,2017-04-28,EH-14005,Home Office,West,Standard Class,29472
CA-2017-152940,2017-11-10,RO-19780,Consumer,West,First Class,2974
CA-2017-153101,2017-09-08,PJ-19015,Consumer,West,Same Day,14604
CA-2017-153157,2017-09-11,TB-21625,Consumer,Central,First Class,22475
CA-2017-153178,2017-09-14,CL-12565,Consumer,East,Standard Class,717353
CA-2017-153185,2017-09-03,MH-17620,Corporate,East,Standard Class,3096
CA-2017-153269,2017-03-09,PS-18760,Consumer,East,First Class,6982
CA-2017-153318,2017-10-25,JS-15595,Corporate,South,First Class,78396
CA-2017-153346,2017-01-25,TB-21355,Corporate,East,First Class,939
CA-2017-153353,2017-08-18,GG-14650,Corporate,East,Standard Class,3999
CA-2017-153577,2017-06-27,KH-16330,Corporate,Central,Standard Class,577122
CA-2017-153598,2017-12-03,NM-18520,Consumer,West,First Class,166114
CA-2017-153661,2017-01-30,SC-20725,Consumer,West,First Class,83886
CA-2017-153682,2017-05-30,BG-11695,Corporate,East,First Class,839988
CA-2017-153836,2017-10-30,EH-13765,Corporate,East,Standard Class,40247
CA-2017-154018,2017-10-13,HA-14920,Consumer,Central,Standard Class,236414
CA-2017-154053,2017-03-04,MG-17890,Home Office,West,Standard Class,1699
CA-2017-154060,2017-05-02,DL-12865,Consumer,South,Standard Class,187056
CA-2017-154067,2017-02-01,SM-20950,Corporate,West,Standard Class,10552
CA-2017-154081,2017-05-22,JE-15610,Corporate,West,Standard Class,222384
CA-2017-154235,2017-09-24,RD-19900,Consumer,Central,Standard Class,12795
CA-2017-154403,2017-05-23,AP-10720,Home Office,South,Standard Class,498
CA-2017-154508,2017-11-16,RD-19900,Consumer,West,Standard Class,284
CA-2017-154536,2017-09-05,JC-15340,Consumer,East,Standard Class,9555
CA-2017-154662,2017-06-09,BF-11215,Home Office,Central,Standard Class,69294
CA-2017-154690,2017-08-15,CC-12370,Consumer,South,Second Class,225296
CA-2017-154711,2017-11-22,TB-21355,Corporate,East,Standard Class,18262
CA-2017-154739,2017-12-10,LH-17155,Consumer,West,Second Class,321568
CA-2017-154767,2017-06-28,BP-11155,Consumer,East,Second Class,47586
CA-2017-154788,2017-04-30,JL-15835,Consumer,East,Standard Class,7712
CA-2017-154998,2017-04-07,ES-14080,Corporate,East,First Class,3794
CA-2017-155005,2017-06-13,SC-20050,Home Office,Central,Second Class,37797
CA-2017-155033,2017-10-07,CC-12475,Consumer,West,Standard Class,1056
CA-2017-155138,2017-09-08,JM-15580,Consumer,South,Standard Class,99872
CA-2017-155166,2017-12-26,BB-11545,Corporate,East,Standard Class,23943
CA-2017-155187,2017-09-24,LA-16780,Corporate,West,Second Class,4613
CA-2017-155383,2017-12-17,SC-20680,Home Office,West,Standard Class,4653
CA-2017-155439,2017-09-14,PN-18775,Home Office,South,Standard Class,2592
CA-2017-155446,2017-12-16,TN-21040,Home Office,West,Standard Class,2121
CA-2017-155474,2017-07-08,CC-12220,Consumer,West,Standard Class,127280
CA-2017-155481,2017-09-01,DK-13225,Corporate,East,Standard Class,43724
CA-2017-155488,2017-11-13,FM-14290,Home Office,West,Standard Class,4402
CA-2017-155516,2017-10-21,MK-17905,Corporate,East,Same Day,115839
CA-2017-155530,2017-12-17,CM-12160,Consumer,West,Standard Class,200352
CA-2017-155551,2017-04-18,CR-12580,Home Office,Central,Standard Class,240040
CA-2017-155565,2017-05-28,EH-13765,Corporate,East,Same Day,549
CA-2017-155670,2017-08-13,EM-14065,Consumer,South,Second Class,21504
CA-2017-155747,2017-06-14,JS-15685,Corporate,East,Standard Class,337176
CA-2017-155845,2017-08-12,CM-12235,Consumer,Central,Second Class,1399944
CA-2017-155978,2017-08-01,TS-21205,Corporate,West,Same Day,1044324
CA-2017-155992,2017-10-01,CC-12220,Consumer,Central,First Class,4884
CA-2017-156139,2017-12-31,BP-11155,Consumer,West,Standard Class,38376
CA-2017-156251,2017-08-13,TS-21160,Corporate,Central,Second Class,25048
CA-2017-156265,2017-08-02,BF-11020,Corporate,West,Second Class,482584
CA-2017-156300,2017-12-29,TB-21595,Consumer,Central,Standard Class,75445
CA-2017-156503,2017-10-14,NC-18415,Consumer,South,Standard Class,305248
CA-2017-156573,2017-05-29,RB-19360,Consumer,South,Standard Class,20201
CA-2017-156685,2017-07-08,SC-20230,Corporate,Central,Second Class,133980
CA-2017-156748,2017-11-30,BS-11755,Consumer,Central,Standard Class,93395
CA-2017-156811,2017-10-27,BP-11095,Corporate,West,Standard Class,29424
CA-2017-157000,2017-07-16,AM-10360,Corporate,Central,Standard Class,57240
CA-2017-157161,2017-07-16,JD-15895,Corporate,South,Second Class,16831
CA-2017-157217,2017-07-19,TC-21535,Home Office,West,First Class,74981
CA-2017-157245,2017-05-19,LE-16810,Consumer,South,Standard Class,64196
CA-2017-157259,2017-12-24,JM-15535,Consumer,East,Standard Class,79956
CA-2017-157266,2017-05-26,TB-21280,Consumer,East,Standard Class,7172
CA-2017-157280,2017-11-05,LW-17125,Consumer,South,First Class,43961
CA-2017-157336,2017-12-01,SJ-20500,Consumer,East,Second Class,84000
CA-2017-157364,2017-11-19,LT-17110,Consumer,South,First Class,1848
CA-2017-157511,2017-09-18,SV-20365,Consumer,East,First Class,107396
CA-2017-157588,2017-07-14,AR-10570,Consumer,South,Standard Class,5539
CA-2017-157686,2017-10-01,BD-11620,Consumer,West,First Class,194848
CA-2017-157707,2017-10-10,CC-12610,Corporate,West,First Class,227658
CA-2017-157714,2017-09-26,CS-12175,Corporate,Central,Second Class,999
CA-2017-157742,2017-12-29,KL-16645,Consumer,West,Second Class,27792
CA-2017-157749,2017-06-04,KL-16645,Consumer,Central,Second Class,276909
CA-2017-157763,2017-07-18,KH-16330,Corporate,South,Standard Class,14081
CA-2017-157791,2017-12-23,CA-11965,Corporate,East,Second Class,199996
CA-2017-157868,2017-12-23,MC-17590,Corporate,Central,Standard Class,2485
CA-2017-158001,2017-08-23,JP-15460,Corporate,East,Standard Class,13555
CA-2017-158043,2017-01-31,JK-15325,Corporate,East,Second Class,2336
CA-2017-158099,2017-09-03,PK-18910,Home Office,East,First Class,394929
CA-2017-158211,2017-01-04,BP-11185,Corporate,East,Standard Class,15130
CA-2017-158260,2017-11-04,CC-12475,Consumer,West,Standard Class,6864
CA-2017-158302,2017-12-08,JB-16045,Home Office,East,Second Class,10584
CA-2017-158358,2017-03-04,EM-13810,Corporate,East,Standard Class,15998
CA-2017-158435,2017-05-17,AG-10900,Consumer,East,First Class,25303
CA-2017-158547,2017-05-30,JM-16195,Consumer,East,Standard Class,12392
CA-2017-158568,2017-08-29,RB-19465,Home Office,Central,Standard Class,162388
CA-2017-158575,2017-11-18,SB-20290,Corporate,East,Standard Class,103968
CA-2017-158610,2017-09-19,CK-12595,Consumer,East,First Class,6952
CA-2017-158617,2017-09-22,AC-10660,Consumer,Central,Standard Class,3588
CA-2017-158694,2017-11-10,AI-10855,Consumer,West,Second Class,144530
CA-2017-158778,2017-09-05,DB-13210,Consumer,East,Standard Class,1024637
CA-2017-158806,2017-01-07,NM-18520,Consumer,Central,Standard Class,25668
CA-2017-158834,2017-03-13,TW-21025,Home Office,West,First Class,218976
CA-2017-158841,2017-02-02,SE-20110,Consumer,South,Second Class,877228
CA-2017-158869,2017-08-06,AH-10690,Corporate,East,First Class,7088
CA-2017-158925,2017-10-24,JP-15460,Corporate,Central,Standard Class,15552
CA-2017-159009,2017-09-23,DP-13105,Corporate,West,Standard Class,197968
CA-2017-159016,2017-03-10,KF-16285,Home Office,West,First Class,4159061
CA-2017-159023,2017-11-03,NW-18400,Consumer,West,First Class,184149
CA-2017-159142,2017-04-04,ME-17320,Home Office,South,First Class,17778
CA-2017-159212,2017-11-01,KM-16375,Home Office,South,Standard Class,25397
CA-2017-159345,2017-06-17,IG-15085,Consumer,West,Standard Class,11196
CA-2017-159373,2017-03-13,LT-17110,Consumer,Central,Standard Class,565865
CA-2017-159639,2017-11-27,PC-18745,Corporate,East,Standard Class,3156
CA-2017-159653,2017-05-22,JF-15490,Consumer,South,Same Day,1473
CA-2017-159695,2017-04-05,GM-14455,Home Office,Central,Second Class,158368
CA-2017-159730,2017-09-17,SJ-20125,Home Office,West,Standard Class,219472
CA-2017-159737,2017-09-03,CS-11950,Consumer,Central,Standard Class,8808
CA-2017-159765,2017-05-09,TH-21100,Consumer,South,Second Class,2786
CA-2017-159891,2017-01-31,BF-11170,Home Office,South,Standard Class,139635
CA-2017-159912,2017-08-29,GB-14530,Corporate,East,Standard Class,54650
CA-2017-159940,2017-07-07,BF-11020,Corporate,Central,Second Class,339980
CA-2017-159989,2017-12-09,EB-13870,Consumer,South,Standard Class,4068
CA-2017-160108,2017-12-08,AG-10900,Consumer,Central,Standard Class,108587
CA-2017-160129,2017-11-23,LS-17200,Corporate,East,Same Day,84974
CA-2017-160136,2017-11-03,PJ-18835,Corporate,Central,Standard Class,9248
CA-2017-160220,2017-10-20,JS-16030,Consumer,Central,Standard Class,22541
CA-2017-160234,2017-06-26,PF-19225,Consumer,South,Standard Class,13595
CA-2017-160241,2017-11-29,DR-12940,Home Office,Central,Second Class,242176
CA-2017-160304,2017-01-02,BM-11575,Corporate,East,Standard Class,40592
CA-2017-160395,2017-12-31,KL-16555,Corporate,West,Standard Class,160132
CA-2017-160479,2017-09-15,AH-10585,Consumer,West,Standard Class,354
CA-2017-160486,2017-12-30,EH-14185,Consumer,South,Standard Class,72224
CA-2017-160500,2017-05-05,DM-13015,Consumer,West,First Class,299448
CA-2017-160535,2017-11-25,BP-11050,Corporate,East,Standard Class,37626
CA-2017-160598,2017-08-26,SV-20815,Corporate,South,First Class,31008
CA-2017-160717,2017-06-06,ME-17320,Home Office,West,Standard Class,3031400
CA-2017-160745,2017-12-11,AR-10825,Corporate,West,Second Class,302840
CA-2017-160815,2017-09-05,TR-21325,Consumer,Central,First Class,2784
CA-2017-160941,2017-07-21,DK-12835,Corporate,West,Standard Class,4514
CA-2017-161025,2017-12-03,GM-14440,Consumer,West,Standard Class,77268
CA-2017-161095,2017-06-28,CS-12250,Corporate,West,Same Day,41320
CA-2017-161158,2017-05-09,PS-18970,Home Office,East,Standard Class,8
CA-2017-161207,2017-08-29,AB-10060,Home Office,East,Standard Class,2793
CA-2017-161361,2017-03-26,MV-17485,Consumer,West,Second Class,3468
CA-2017-161389,2017-12-05,IM-15070,Consumer,West,Standard Class,407976
CA-2017-161473,2017-04-01,TB-21175,Corporate,East,Standard Class,15654
CA-2017-161543,2017-05-10,RD-19720,Consumer,West,Standard Class,1196
CA-2017-161662,2017-02-07,BE-11410,Consumer,East,First Class,30352
CA-2017-161669,2017-11-07,EM-14095,Corporate,West,First Class,33318
CA-2017-161676,2017-07-18,JP-15460,Corporate,West,Standard Class,338
CA-2017-161746,2017-10-21,CS-11950,Consumer,West,Standard Class,279463
CA-2017-161781,2017-09-29,CC-12100,Home Office,Central,First Class,4088
CA-2017-161816,2017-04-28,NB-18655,Corporate,Central,First Class,385288
CA-2017-161907,2017-04-05,JH-16180,Consumer,East,Standard Class,887966
CA-2017-161928,2017-06-27,AC-10660,Consumer,West,Second Class,201584
CA-2017-162082,2017-03-14,JS-15880,Consumer,Central,First Class,392060
CA-2017-162110,2017-07-18,NP-18670,Consumer,West,Standard Class,55992
CA-2017-162138,2017-04-23,GK-14620,Corporate,West,Standard Class,35151
CA-2017-162159,2017-09-16,CR-12625,Home Office,South,First Class,12178
CA-2017-162187,2017-12-11,NS-18640,Corporate,East,Same Day,473686
CA-2017-162222,2017-04-03,SR-20740,Home Office,Central,Same Day,10272
CA-2017-162236,2017-11-04,ER-13855,Corporate,South,Second Class,239387
CA-2017-162313,2017-11-27,VB-21745,Corporate,Central,First Class,167292
CA-2017-162348,2017-11-10,BF-11170,Home Office,West,Standard Class,998
CA-2017-162355,2017-06-30,PF-19165,Consumer,South,Second Class,130283
CA-2017-162383,2017-09-05,MD-17350,Consumer,East,Standard Class,103054
CA-2017-162390,2017-12-06,DP-13105,Corporate,East,Standard Class,1671080
CA-2017-162404,2017-07-23,NF-18475,Home Office,Central,Standard Class,11416
CA-2017-162614,2017-10-07,TB-21250,Consumer,West,Standard Class,27264
CA-2017-162726,2017-12-27,MT-17815,Consumer,Central,Standard Class,12736
CA-2017-162733,2017-05-11,TT-21070,Consumer,West,First Class,598
CA-2017-162747,2017-03-20,AH-10030,Corporate,South,Second Class,8645
CA-2017-162901,2017-03-28,AS-10045,Corporate,South,First Class,314
CA-2017-162943,2017-07-24,DB-12970,Corporate,East,Second Class,253764
CA-2017-163048,2017-02-08,MH-17440,Corporate,Central,Standard Class,2415
CA-2017-163153,2017-03-21,DM-12955,Corporate,Central,Standard Class,100716
CA-2017-163167,2017-11-28,RF-19345,Corporate,South,Second Class,144519
CA-2017-163174,2017-08-26,XP-21865,Consumer,South,Standard Class,18654
CA-2017-163202,2017-09-27,BM-11650,Corporate,East,Standard Class,2907
CA-2017-163216,2017-10-07,AW-10930,Home Office,East,First Class,4928
CA-2017-163328,2017-11-04,TP-21565,Corporate,West,Second Class,1465032
CA-2017-163384,2017-11-10,CC-12430,Home Office,West,First Class,13540
CA-2017-163398,2017-05-03,CB-12415,Consumer,Central,Standard Class,55972
CA-2017-163573,2017-11-24,AC-10450,Consumer,West,First Class,121996
CA-2017-163594,2017-04-12,JF-15295,Consumer,West,First Class,232920
CA-2017-163636,2017-12-05,MP-18175,Home Office,Central,Second Class,3536
CA-2017-163755,2017-11-04,AS-10285,Corporate,West,Second Class,20988
CA-2017-163776,2017-07-19,JS-16030,Consumer,South,Standard Class,64835
CA-2017-163804,2017-12-02,DB-13270,Home Office,East,Standard Class,91031
CA-2017-163937,2017-01-10,JB-16000,Consumer,West,Second Class,2485
CA-2017-163951,2017-12-30,CJ-11875,Corporate,East,First Class,1652
CA-2017-163972,2017-10-17,MG-17890,Home Office,West,Standard Class,120666
CA-2017-163986,2017-09-03,JJ-15445,Consumer,Central,Standard Class,545
CA-2017-164035,2017-06-12,CR-12730,Consumer,Central,Standard Class,2312
CA-2017-164091,2017-09-17,LA-16780,Corporate,East,Standard Class,54733
CA-2017-164154,2017-09-11,NZ-18565,Home Office,East,Standard Class,26180
CA-2017-164350,2017-09-10,CG-12040,Home Office,South,Second Class,6756
CA-2017-164399,2017-11-12,DW-13480,Home Office,West,First Class,878328
CA-2017-164483,2017-01-30,JF-15490,Consumer,West,Standard Class,17456
CA-2017-164490,2017-09-05,SU-20665,Home Office,Central,Second Class,9248
CA-2017-164511,2017-11-19,DJ-13630,Consumer,East,Standard Class,21534
CA-2017-164574,2017-07-29,RH-19555,Consumer,South,Standard Class,97872
CA-2017-164637,2017-03-04,RD-19480,Consumer,Central,Standard Class,1284
CA-2017-164672,2017-05-08,GB-14530,Corporate,East,Second Class,21196
CA-2017-164735,2017-04-14,TB-21400,Consumer,South,Second Class,812
CA-2017-164770,2017-12-02,MY-18295,Corporate,Central,Second Class,812680
CA-2017-164784,2017-05-01,HF-14995,Consumer,South,First Class,43788
CA-2017-164896,2017-11-07,PS-19045,Home Office,West,Standard Class,129
CA-2017-164924,2017-07-10,EA-14035,Corporate,East,Same Day,341991
CA-2017-164938,2017-02-11,PB-19210,Corporate,Central,First Class,6993
CA-2017-165015,2017-02-25,BD-11725,Consumer,East,Second Class,4672
CA-2017-165148,2017-10-22,PM-19135,Home Office,Central,First Class,314
CA-2017-165169,2017-06-05,JL-15235,Consumer,East,Standard Class,38648
CA-2017-165218,2017-03-05,RW-19630,Corporate,Central,Standard Class,162344
CA-2017-165316,2017-07-23,JB-15400,Corporate,South,Standard Class,324387
CA-2017-165330,2017-12-11,WB-21850,Consumer,West,Same Day,1125782
CA-2017-165470,2017-11-25,HJ-14875,Home Office,South,Standard Class,508
CA-2017-165484,2017-10-23,HK-14890,Corporate,Central,Standard Class,70972
CA-2017-165561,2017-11-24,CR-12580,Home Office,West,Standard Class,2535
CA-2017-165673,2017-05-15,MN-17935,Consumer,East,Second Class,15232
CA-2017-165820,2017-09-26,DW-13585,Corporate,West,Standard Class,1296
CA-2017-165827,2017-11-04,MF-17665,Corporate,South,Standard Class,50496
CA-2017-165848,2017-06-04,EN-13780,Consumer,East,Same Day,279375
CA-2017-165918,2017-09-10,BD-11770,Consumer,West,Standard Class,62816
CA-2017-165995,2017-08-30,BG-11740,Consumer,West,Standard Class,38700
CA-2017-166163,2017-08-15,CY-12745,Corporate,West,Second Class,72291
CA-2017-166226,2017-11-18,TC-21535,Home Office,West,Standard Class,67976
CA-2017-166240,2017-06-24,DH-13075,Corporate,Central,Standard Class,8712
CA-2017-166275,2017-10-24,SS-20590,Consumer,West,Same Day,19999
CA-2017-166282,2017-04-16,PK-19075,Consumer,South,Standard Class,158256
CA-2017-166373,2017-10-21,JF-15565,Consumer,Central,Standard Class,10608
CA-2017-166380,2017-05-30,EB-13750,Corporate,South,Standard Class,13853
CA-2017-166429,2017-09-02,TG-21310,Consumer,West,Standard Class,99998
CA-2017-166443,2017-11-04,LH-17020,Consumer,West,First Class,3829
CA-2017-166485,2017-02-20,AH-10210,Consumer,South,Standard Class,16496
CA-2017-166618,2017-11-14,DP-13000,Consumer,East,Standard Class,3763
CA-2017-166625,2017-04-14,JM-15580,Consumer,East,First Class,2506
CA-2017-166674,2017-04-01,RB-19360,Consumer,East,Second Class,56078
CA-2017-166772,2017-09-20,HJ-14875,Home Office,West,Standard Class,16388
CA-2017-166912,2017-01-15,BE-11335,Home Office,East,First Class,8198
CA-2017-167115,2017-04-04,EH-14185,Consumer,East,Standard Class,588784
CA-2017-167241,2017-08-15,BD-11320,Consumer,West,Standard Class,38405
CA-2017-167290,2017-10-30,JF-15295,Consumer,Central,Standard Class,1168
CA-2017-167416,2017-05-12,JM-15580,Consumer,West,Standard Class,549
CA-2017-167507,2017-12-22,SA-20830,Consumer,West,Standard Class,27100
CA-2017-167556,2017-03-29,JM-15250,Consumer,East,Standard Class,43388
CA-2017-167584,2017-08-12,LC-16870,Consumer,Central,Same Day,648
CA-2017-167605,2017-04-28,RB-19570,Consumer,Central,Second Class,30344
CA-2017-167682,2017-04-03,ZD-21925,Consumer,Central,Standard Class,33108
CA-2017-167759,2017-03-03,CC-12670,Consumer,Central,Second Class,13485
CA-2017-167983,2017-08-21,RP-19270,Corporate,West,Second Class,3344
CA-2017-168032,2017-01-30,DF-13135,Consumer,Central,Standard Class,1447957
CA-2017-168046,2017-01-25,JD-15895,Corporate,East,Second Class,365500
CA-2017-168081,2017-04-24,CA-12055,Home Office,Central,Second Class,258696
CA-2017-168354,2017-09-19,RH-19510,Home Office,East,First Class,254512
CA-2017-168361,2017-06-21,KB-16600,Corporate,Central,Standard Class,836
CA-2017-168536,2017-12-20,SC-20800,Consumer,South,Standard Class,663
CA-2017-168543,2017-07-03,DK-13225,Corporate,East,Standard Class,70686
CA-2017-168557,2017-09-19,FH-14275,Corporate,West,Standard Class,8928
CA-2017-168753,2017-05-29,RL-19615,Consumer,South,Second Class,100270
CA-2017-168774,2017-09-04,RP-19855,Corporate,Central,Standard Class,53541
CA-2017-168830,2017-11-07,ML-17395,Corporate,West,Standard Class,47997
CA-2017-168844,2017-05-31,NM-18520,Consumer,East,Standard Class,8949
CA-2017-168893,2017-11-03,AP-10915,Consumer,South,Second Class,86228
CA-2017-168921,2017-10-20,AG-10495,Corporate,West,First Class,19296
CA-2017-168956,2017-02-16,EA-14035,Corporate,Central,Standard Class,167182
CA-2017-169026,2017-08-08,CM-12655,Home Office,South,Standard Class,2334
CA-2017-169103,2017-03-08,ZC-21910,Consumer,South,Standard Class,146632
CA-2017-169166,2017-05-09,SS-20590,Consumer,West,Standard Class,9398
CA-2017-169194,2017-06-20,LH-16900,Consumer,East,Standard Class,263
CA-2017-169215,2017-07-14,RE-19450,Consumer,East,Second Class,2961
CA-2017-169334,2017-10-21,GW-14605,Consumer,South,Second Class,111672
CA-2017-169663,2017-03-10,RH-19510,Home Office,West,First Class,36261
CA-2017-169670,2017-12-25,JE-15715,Consumer,East,Standard Class,2563056
CA-2017-169838,2017-11-25,BB-11545,Corporate,Central,Standard Class,157194
CA-2017-169887,2017-10-22,MS-17530,Consumer,West,Same Day,11696
CA-2017-169922,2017-06-11,MZ-17515,Corporate,Central,Standard Class,22160
CA-2017-169943,2017-05-19,BN-11515,Consumer,East,Standard Class,62290
CA-2017-169957,2017-09-26,SN-20710,Home Office,West,Standard Class,24087
CA-2017-169971,2017-09-04,IL-15100,Consumer,Central,Standard Class,66288
CA-2018-100013,2018-11-06,ZC-21910,Consumer,West,Standard Class,2969
CA-2018-100055,2018-05-28,MD-17860,Corporate,East,Standard Class,15259
CA-2018-100097,2018-11-26,MN-17935,Consumer,East,Second Class,99348
CA-2018-100111,2018-09-20,SV-20365,Consumer,East,Standard Class,3640947
CA-2018-100160,2018-09-07,CB-12025,Consumer,East,Standard Class,23372
CA-2018-100223,2018-07-05,LS-16945,Corporate,Central,Standard Class,396394
CA-2018-100230,2018-12-11,AA-10375,Consumer,East,Standard Class,28444
CA-2018-100237,2018-10-15,SV-20815,Corporate,West,Standard Class,1168
CA-2018-100314,2018-09-29,AS-10630,Home Office,Central,Standard Class,69587
CA-2018-100335,2018-09-07,NF-18595,Home Office,Central,Standard Class,73008
CA-2018-100356,2018-10-21,SP-20920,Consumer,Central,Standard Class,23992
CA-2018-100384,2018-06-24,NH-18610,Corporate,West,Standard Class,7438
CA-2018-100412,2018-12-22,SR-20425,Home Office,South,Standard Class,14196
CA-2018-100426,2018-06-04,DC-12850,Consumer,South,Standard Class,1248
CA-2018-100433,2018-08-11,SJ-20125,Home Office,East,Standard Class,2592
CA-2018-100524,2018-03-31,CM-12115,Consumer,East,Second Class,78240
CA-2018-100580,2018-08-13,MK-17905,Corporate,West,Standard Class,36024
CA-2018-100601,2018-11-16,JK-15370,Consumer,West,Standard Class,4886
CA-2018-100615,2018-04-20,SJ-20215,Consumer,Central,Standard Class,320090
CA-2018-100622,2018-11-03,DK-13090,Consumer,South,Standard Class,1030742
CA-2018-100636,2018-06-26,DO-13435,Consumer,East,Standard Class,27294
CA-2018-100650,2018-06-29,DK-13225,Corporate,West,Second Class,129578
CA-2018-100748,2018-05-13,RB-19795,Home Office,West,Standard Class,5848
CA-2018-100783,2018-09-04,JK-16120,Home Office,Central,Second Class,30384
CA-2018-100811,2018-11-21,CC-12475,Consumer,East,First Class,47744
CA-2018-100825,2018-09-09,KD-16495,Corporate,West,Standard Class,9987
CA-2018-100902,2018-11-17,CK-12595,Consumer,South,Standard Class,69940
CA-2018-100951,2018-06-09,NC-18625,Corporate,Central,First Class,72076
CA-2018-101014,2018-08-29,RW-19540,Corporate,West,Standard Class,14802
CA-2018-101042,2018-11-19,AB-10105,Consumer,South,Standard Class,84384
CA-2018-101049,2018-06-21,AS-10240,Consumer,East,Second Class,43048
CA-2018-101077,2018-03-25,DB-13660,Consumer,Central,Second Class,6848
CA-2018-101182,2018-09-04,KB-16405,Home Office,West,First Class,44472
CA-2018-101210,2018-08-25,DW-13540,Consumer,South,Second Class,13152
CA-2018-101245,2018-11-27,LW-16990,Corporate,West,Standard Class,41071
CA-2018-101273,2018-08-27,ST-20530,Consumer,South,Second Class,14336
CA-2018-101308,2018-10-02,FG-14260,Home Office,West,Standard Class,85678
CA-2018-101322,2018-12-28,JG-15310,Corporate,West,First Class,340704
CA-2018-101434,2018-06-20,TR-21325,Consumer,East,Standard Class,24979
CA-2018-101483,2018-07-29,AG-10675,Consumer,South,Second Class,39238
CA-2018-101574,2018-09-28,BD-11725,Consumer,West,Standard Class,924
CA-2018-101581,2018-10-22,DW-13195,Corporate,West,Standard Class,177225
CA-2018-101637,2018-03-24,AC-10615,Corporate,Central,Same Day,12768
CA-2018-101665,2018-11-25,TZ-21580,Consumer,West,Standard Class,516
CA-2018-101700,2018-04-23,SO-20335,Consumer,West,First Class,30352
CA-2018-101728,2018-08-19,SC-20575,Consumer,Central,Standard Class,2296
CA-2018-101749,2018-10-03,AS-10045,Corporate,West,Standard Class,171288
CA-2018-101798,2018-12-11,MV-18190,Consumer,East,Standard Class,6334
CA-2018-101805,2018-12-01,SH-19975,Corporate,West,Standard Class,62784
CA-2018-101945,2018-11-24,GT-14710,Consumer,Central,Standard Class,10824
CA-2018-101959,2018-02-28,DB-13660,Consumer,East,Standard Class,1762
CA-2018-102099,2018-12-18,EP-13915,Consumer,West,First Class,2283
CA-2018-102155,2018-07-13,RR-19525,Corporate,Central,Standard Class,37394
CA-2018-102197,2018-12-20,DK-13150,Corporate,East,Standard Class,56553
CA-2018-102204,2018-05-01,CJ-12010,Consumer,South,Standard Class,1216982
CA-2018-102218,2018-09-02,LW-17215,Consumer,West,Second Class,11696
CA-2018-102267,2018-11-30,SC-20800,Consumer,Central,Standard Class,2368
CA-2018-102309,2018-09-23,DO-13645,Consumer,South,Second Class,21291
CA-2018-102337,2018-06-13,SD-20485,Home Office,Central,First Class,683022
CA-2018-102379,2018-12-02,BB-11545,Corporate,West,Standard Class,1200847
CA-2018-102407,2018-12-09,AT-10435,Home Office,West,Second Class,897633
CA-2018-102414,2018-05-15,JA-15970,Consumer,West,Second Class,49896
CA-2018-102519,2018-11-27,BM-11650,Corporate,Central,First Class,19067
CA-2018-102554,2018-06-11,KN-16705,Home Office,South,Standard Class,376
CA-2018-102610,2018-11-04,CA-12265,Consumer,South,Standard Class,248396
CA-2018-102659,2018-12-09,LW-17215,Consumer,Central,Standard Class,549
CA-2018-102729,2018-10-26,BF-11215,Home Office,Central,Standard Class,55616
CA-2018-102736,2018-09-05,LP-17095,Consumer,South,Standard Class,112316
CA-2018-102750,2018-09-04,GM-14695,Corporate,West,Second Class,1322352
CA-2018-102771,2018-03-31,DO-13435,Consumer,East,Standard Class,8495
CA-2018-102820,2018-05-07,CS-11950,Consumer,West,Standard Class,419944
CA-2018-102834,2018-03-09,LW-16990,Corporate,West,Standard Class,19998
CA-2018-102925,2018-11-05,CD-12280,Consumer,East,Second Class,329305
CA-2018-102946,2018-06-30,VP-21730,Home Office,West,Standard Class,75792
CA-2018-102967,2018-09-22,MG-17890,Home Office,East,Standard Class,674
CA-2018-102974,2018-09-19,DP-13105,Corporate,West,Standard Class,19001
CA-2018-103009,2018-11-03,PJ-18835,Corporate,South,Second Class,264
CA-2018-103065,2018-10-20,PT-19090,Consumer,South,Same Day,59824
CA-2018-103156,2018-11-23,TD-20995,Consumer,East,First Class,24048
CA-2018-103212,2018-10-13,MH-18025,Consumer,South,First Class,154151
CA-2018-103352,2018-11-27,RP-19390,Consumer,East,Second Class,108123
CA-2018-103380,2018-11-21,BF-11005,Home Office,West,Standard Class,667952
CA-2018-103415,2018-12-03,MV-17485,Consumer,Central,Standard Class,13592
CA-2018-103443,2018-12-17,AT-10735,Consumer,East,Standard Class,53924
CA-2018-103478,2018-07-21,KL-16555,Corporate,Central,Second Class,97056
CA-2018-103499,2018-11-20,ES-14020,Consumer,South,Standard Class,209568
CA-2018-103506,2018-07-23,LR-17035,Corporate,East,Standard Class,414
CA-2018-103520,2018-09-23,MH-17785,Corporate,Central,First Class,9248
CA-2018-103611,2018-09-12,JM-15535,Consumer,West,First Class,836
CA-2018-103765,2018-11-24,JG-15310,Corporate,Central,Standard Class,13762
CA-2018-103877,2018-09-07,RD-19660,Home Office,Central,Standard Class,157794
CA-2018-103968,2018-12-01,ML-17755,Home Office,West,Standard Class,62964
CA-2018-104003,2018-10-07,DC-13285,Consumer,West,Standard Class,307666
CA-2018-104010,2018-04-23,TD-20995,Consumer,East,First Class,549
CA-2018-104024,2018-08-29,MD-17860,Corporate,East,Second Class,9408
CA-2018-104066,2018-12-05,QJ-19255,Corporate,East,Standard Class,20503
CA-2018-104080,2018-03-08,AH-10210,Consumer,West,Standard Class,2048
CA-2018-104108,2018-12-02,RP-19855,Corporate,Central,Standard Class,1216
CA-2018-104136,2018-11-01,SF-20065,Consumer,East,Second Class,5996
CA-2018-104220,2018-01-30,BV-11245,Corporate,Central,Standard Class,9902
CA-2018-104318,2018-05-13,FH-14275,Corporate,South,Standard Class,20768
CA-2018-104381,2018-12-16,RD-19810,Home Office,East,Standard Class,33376
CA-2018-104388,2018-07-05,DK-12835,Corporate,Central,First Class,7996
CA-2018-104577,2018-05-12,CK-12205,Consumer,East,Standard Class,876
CA-2018-104619,2018-01-24,KD-16495,Corporate,West,Standard Class,389722
CA-2018-104640,2018-11-10,FH-14275,Corporate,East,Standard Class,974264
CA-2018-104647,2018-02-23,CK-12595,Consumer,West,Standard Class,3744
CA-2018-104731,2018-07-21,AM-10705,Consumer,South,Standard Class,94406
CA-2018-104745,2018-05-29,GT-14755,Consumer,Central,Standard Class,56016
CA-2018-104801,2018-02-13,FH-14350,Consumer,West,Standard Class,91412
CA-2018-104822,2018-10-20,RB-19465,Home Office,East,Same Day,2455
CA-2018-104850,2018-06-13,TW-21025,Home Office,West,Standard Class,291136
CA-2018-104864,2018-11-18,JS-15685,Corporate,South,Second Class,479632
CA-2018-104885,2018-03-02,DB-13555,Corporate,East,Standard Class,62748
CA-2018-104906,2018-02-13,JP-15460,Corporate,East,Standard Class,1794
CA-2018-104913,2018-11-18,DK-13090,Consumer,East,Standard Class,7495
CA-2018-104927,2018-12-22,AG-10330,Consumer,Central,Standard Class,10813
CA-2018-105053,2018-07-07,CS-12355,Consumer,East,Second Class,17472
CA-2018-105074,2018-06-24,MB-17305,Consumer,East,Standard Class,21744
CA-2018-105130,2018-11-21,PJ-18835,Corporate,West,Standard Class,41912
CA-2018-105144,2018-11-04,SZ-20035,Home Office,Central,Standard Class,2368
CA-2018-105193,2018-03-25,JL-15835,Consumer,East,Standard Class,1105
CA-2018-105214,2018-06-16,TS-21610,Consumer,West,First Class,123150
CA-2018-105235,2018-12-05,SM-20950,Corporate,East,Standard Class,10511
CA-2018-105326,2018-08-20,KT-16480,Consumer,West,Standard Class,2592
CA-2018-105333,2018-11-30,VP-21730,Home Office,East,Standard Class,89911
CA-2018-105410,2018-03-19,ND-18370,Consumer,West,First Class,707278
CA-2018-105445,2018-02-20,BP-11095,Corporate,West,Second Class,9432
CA-2018-105480,2018-12-20,DK-13225,Corporate,East,Standard Class,7632
CA-2018-105487,2018-10-08,CS-12250,Corporate,West,Standard Class,131292
CA-2018-105543,2018-11-24,BG-11695,Corporate,Central,Same Day,3329
CA-2018-105620,2018-12-25,JH-15430,Consumer,South,First Class,141
CA-2018-105669,2018-09-17,SJ-20125,Home Office,Central,Second Class,183389
CA-2018-105809,2018-02-20,HW-14935,Corporate,West,First Class,218191
CA-2018-105823,2018-06-22,RB-19465,Home Office,Central,Standard Class,48796
CA-2018-105851,2018-03-13,SE-20110,Consumer,West,Standard Class,1332496
CA-2018-105886,2018-12-18,DB-13660,Consumer,East,Standard Class,1896
CA-2018-105914,2018-10-02,PV-18985,Home Office,West,Standard Class,168726
CA-2018-105921,2018-08-14,JM-15250,Consumer,West,Standard Class,418296
CA-2018-105991,2018-05-05,LH-17020,Consumer,West,First Class,101667
CA-2018-106033,2018-10-15,FG-14260,Home Office,West,Second Class,8792
CA-2018-106047,2018-07-12,CS-11860,Consumer,East,Standard Class,3816
CA-2018-106068,2018-10-23,RB-19330,Consumer,Central,Standard Class,270822
CA-2018-106103,2018-06-10,SC-20305,Consumer,Central,Standard Class,13252
CA-2018-106180,2018-09-18,SH-19975,Corporate,West,Standard Class,3405
CA-2018-106355,2018-04-02,AT-10435,Home Office,East,First Class,1112
CA-2018-106432,2018-10-19,CA-12265,Consumer,Central,Standard Class,3286064
CA-2018-106537,2018-08-12,RH-19495,Consumer,South,Standard Class,20736
CA-2018-106691,2018-11-06,CC-12370,Consumer,Central,Standard Class,1248
CA-2018-106747,2018-07-03,TS-21505,Consumer,East,First Class,1023
CA-2018-106782,2018-12-21,LP-17095,Consumer,Central,Standard Class,37534
CA-2018-106824,2018-07-07,AT-10735,Consumer,West,Standard Class,594
CA-2018-106831,2018-06-01,FH-14350,Consumer,East,First Class,189918
CA-2018-106852,2018-06-20,ST-20530,Consumer,East,Standard Class,36352
CA-2018-106859,2018-03-13,BF-11215,Home Office,West,Second Class,196499
CA-2018-106943,2018-11-14,FO-14305,Consumer,East,Standard Class,864
CA-2018-106964,2018-12-17,HR-14770,Home Office,West,First Class,11808
CA-2018-107125,2018-11-27,BD-11320,Consumer,West,Standard Class,119372
CA-2018-107132,2018-06-26,SC-20260,Corporate,East,Standard Class,180892
CA-2018-107167,2018-06-10,ND-18460,Corporate,South,Standard Class,134752
CA-2018-107174,2018-11-06,AB-10060,Home Office,West,Standard Class,664150
CA-2018-107244,2018-09-07,AG-10390,Consumer,West,Standard Class,1976
CA-2018-107265,2018-04-06,ML-17755,Home Office,Central,Standard Class,10632
CA-2018-107293,2018-09-05,CS-12400,Home Office,West,First Class,278
CA-2018-107314,2018-11-30,MZ-17335,Home Office,West,First Class,2583
CA-2018-107321,2018-08-31,AW-10930,Home Office,West,Standard Class,696080
CA-2018-107342,2018-12-17,VF-21715,Home Office,Central,Standard Class,2816
CA-2018-107461,2018-12-21,PK-19075,Consumer,South,Second Class,2388
CA-2018-107503,2018-01-01,GA-14725,Consumer,East,Standard Class,48896
CA-2018-107517,2018-02-05,FC-14335,Corporate,West,Standard Class,20119
CA-2018-107552,2018-05-05,AI-10855,Consumer,East,Same Day,668
CA-2018-107629,2018-12-14,DB-13060,Consumer,Central,Same Day,457176
CA-2018-107713,2018-03-13,JB-16000,Consumer,East,Standard Class,1743
CA-2018-107720,2018-11-06,VM-21685,Home Office,East,Standard Class,4626
CA-2018-107727,2018-10-19,MA-17560,Home Office,Central,Second Class,29472
CA-2018-107748,2018-12-10,AG-10330,Consumer,West,Second Class,10880
CA-2018-107797,2018-05-08,EB-13705,Corporate,Central,Second Class,41472
CA-2018-107825,2018-11-18,NB-18655,Corporate,Central,Same Day,14348
CA-2018-107832,2018-11-23,FH-14275,Corporate,East,Second Class,7476
CA-2018-107853,2018-05-26,CD-11920,Consumer,West,Standard Class,1296
CA-2018-107874,2018-11-21,SW-20275,Consumer,East,Standard Class,2742
CA-2018-107909,2018-09-01,SS-20875,Consumer,West,Standard Class,4291
CA-2018-107958,2018-07-02,AH-10120,Home Office,Central,First Class,21628
CA-2018-107986,2018-12-13,MW-18220,Consumer,West,Same Day,3144
CA-2018-108000,2018-01-12,LS-16945,Corporate,West,Standard Class,978
CA-2018-108035,2018-11-29,TT-21070,Consumer,South,Standard Class,400520
CA-2018-108070,2018-04-16,JE-15745,Consumer,West,Standard Class,123425
CA-2018-108091,2018-11-16,EK-13795,Home Office,West,Standard Class,2336
CA-2018-108112,2018-11-15,DK-12895,Consumer,South,Standard Class,559200
CA-2018-108287,2018-12-18,AG-10330,Consumer,South,First Class,12672
CA-2018-108294,2018-12-10,LS-16975,Home Office,Central,Same Day,345
CA-2018-108322,2018-04-30,SS-20140,Corporate,South,Standard Class,4744
CA-2018-108329,2018-12-09,LE-16810,Consumer,West,Standard Class,444768
CA-2018-108441,2018-06-12,SB-20170,Consumer,East,Standard Class,107270
CA-2018-108539,2018-03-21,SC-20725,Consumer,West,Second Class,92024
CA-2018-108553,2018-04-23,SK-19990,Consumer,East,Standard Class,24465
CA-2018-108560,2018-07-08,JC-15385,Consumer,West,Standard Class,121712
CA-2018-108574,2018-10-07,MG-18145,Consumer,West,Standard Class,248327
CA-2018-108749,2018-09-12,DJ-13510,Corporate,East,First Class,9114
CA-2018-108756,2018-12-25,PO-18865,Consumer,East,Standard Class,318
CA-2018-108791,2018-07-27,TM-21490,Consumer,East,Standard Class,55881
CA-2018-108854,2018-12-08,DM-13345,Corporate,West,Standard Class,44540
CA-2018-108910,2018-09-24,KC-16540,Consumer,East,Standard Class,103056
CA-2018-108931,2018-09-14,HZ-14950,Consumer,East,Standard Class,2012
CA-2018-109085,2018-02-17,CK-12325,Home Office,East,First Class,228993
CA-2018-109099,2018-10-06,MM-18280,Corporate,East,Standard Class,4099
CA-2018-109183,2018-12-04,LR-16915,Consumer,South,Standard Class,649
CA-2018-109211,2018-04-04,PS-19045,Home Office,East,Standard Class,1698
CA-2018-109393,2018-06-30,JC-15775,Consumer,West,Second Class,435999
CA-2018-109589,2018-12-21,BD-11635,Consumer,South,First Class,71
CA-2018-109701,2018-12-02,AM-10360,Corporate,West,Same Day,88521
CA-2018-109715,2018-12-09,AH-10585,Consumer,Central,Standard Class,15984
CA-2018-109750,2018-07-22,FH-14365,Corporate,East,Standard Class,2997
CA-2018-109757,2018-09-04,MD-17350,Consumer,East,Second Class,16332
CA-2018-109778,2018-07-16,VM-21685,Home Office,Central,Standard Class,2912
CA-2018-109946,2018-04-16,PL-18925,Home Office,Central,Standard Class,1652
CA-2018-109960,2018-12-09,DB-13210,Consumer,Central,Second Class,15701
CA-2018-110198,2018-05-01,AG-10900,Consumer,South,First Class,318960
CA-2018-110212,2018-05-01,SJ-20125,Home Office,South,Standard Class,489
CA-2018-110310,2018-10-27,NB-18655,Corporate,South,Standard Class,68967
CA-2018-110373,2018-10-27,MA-17560,Home Office,Central,Second Class,34240
CA-2018-110380,2018-09-02,PF-19225,Consumer,West,Standard Class,657
CA-2018-110429,2018-11-03,DM-13015,Consumer,East,Standard Class,11673
CA-2018-110443,2018-11-21,CK-12205,Consumer,West,Standard Class,1046684
CA-2018-110478,2018-03-04,SP-20860,Corporate,West,Standard Class,2457
CA-2018-110625,2018-12-23,JB-16045,Home Office,East,Standard Class,2746
CA-2018-110821,2018-08-07,CK-12205,Consumer,Central,First Class,131264
CA-2018-110842,2018-11-11,GA-14725,Consumer,West,Standard Class,4249
CA-2018-110884,2018-03-07,SH-20395,Consumer,East,Standard Class,11751
CA-2018-110905,2018-09-10,RW-19690,Consumer,Central,Second Class,67041
CA-2018-110926,2018-11-19,DD-13570,Consumer,South,Standard Class,2506
CA-2018-110940,2018-07-23,AZ-10750,Consumer,Central,Standard Class,121536
CA-2018-111178,2018-06-15,TD-20995,Consumer,Central,Standard Class,1956
CA-2018-111220,2018-09-02,JS-15595,Corporate,Central,Standard Class,29196
CA-2018-111262,2018-10-28,KH-16510,Consumer,Central,Second Class,41752
CA-2018-111269,2018-06-16,CS-12355,Consumer,East,Second Class,482344
CA-2018-111332,2018-05-20,NC-18340,Consumer,Central,Second Class,87218
CA-2018-111374,2018-02-24,CB-12415,Consumer,East,Standard Class,4956
CA-2018-111388,2018-09-02,SU-20665,Home Office,West,Same Day,215976
CA-2018-111556,2018-11-20,CD-11920,Consumer,East,First Class,321538
CA-2018-111577,2018-10-16,AJ-10780,Corporate,West,Standard Class,307776
CA-2018-111591,2018-03-21,PS-18970,Home Office,West,Standard Class,70024
CA-2018-111647,2018-07-03,RD-19585,Consumer,Central,Standard Class,167968
CA-2018-111689,2018-11-30,HP-14815,Home Office,East,Second Class,80901
CA-2018-111717,2018-10-10,SW-20245,Consumer,Central,Standard Class,239358
CA-2018-111738,2018-01-03,CM-12385,Consumer,West,Standard Class,2023184
CA-2018-111759,2018-07-08,MR-17545,Home Office,West,Standard Class,5276
CA-2018-111808,2018-12-16,AR-10510,Consumer,Central,Standard Class,108
CA-2018-111815,2018-03-03,EP-13915,Consumer,Central,Standard Class,28096
CA-2018-112004,2018-09-25,AH-10075,Corporate,East,First Class,199491
CA-2018-112039,2018-03-25,JC-15775,Consumer,Central,Standard Class,470376
CA-2018-112172,2018-06-10,MM-18280,Corporate,East,Second Class,1413
CA-2018-112333,2018-04-08,KF-16285,Home Office,East,Standard Class,263351
CA-2018-112431,2018-10-12,RW-19690,Consumer,West,Second Class,44172
CA-2018-112473,2018-05-25,JL-15505,Consumer,Central,Standard Class,50136
CA-2018-112487,2018-12-26,TC-21535,Home Office,East,Standard Class,3132
CA-2018-112515,2018-09-17,AS-10225,Corporate,West,Second Class,220244
CA-2018-112529,2018-11-19,SC-20770,Corporate,Central,First Class,749892
CA-2018-112536,2018-05-18,SG-20890,Corporate,Central,Standard Class,17798
CA-2018-112725,2018-01-30,EH-14125,Home Office,West,Standard Class,122940
CA-2018-112753,2018-06-18,CC-12670,Consumer,West,Standard Class,9183123
CA-2018-112774,2018-09-11,RC-19960,Consumer,South,First Class,34504
CA-2018-112809,2018-08-18,RA-19915,Consumer,Central,Standard Class,208946
CA-2018-112844,2018-11-13,SP-20620,Corporate,East,Second Class,15931
CA-2018-112865,2018-05-18,BH-11710,Consumer,East,Standard Class,36048
CA-2018-112900,2018-04-09,KL-16645,Consumer,Central,Second Class,47824
CA-2018-112956,2018-08-21,TH-21550,Home Office,East,Standard Class,14482
CA-2018-112984,2018-09-16,EH-14185,Consumer,East,Second Class,20544
CA-2018-113075,2018-09-02,MC-18100,Consumer,Central,Standard Class,4068
CA-2018-113208,2018-03-26,ML-18040,Corporate,Central,Standard Class,6084
CA-2018-113355,2018-12-01,SJ-20215,Consumer,Central,Standard Class,319256
CA-2018-113418,2018-10-01,CM-12655,Home Office,East,First Class,170489
CA-2018-113453,2018-10-21,CM-12160,Consumer,East,Standard Class,401364
CA-2018-113460,2018-11-07,KN-16390,Corporate,East,Second Class,27297
CA-2018-113474,2018-03-30,TM-21490,Consumer,Central,First Class,32586
CA-2018-113481,2018-01-02,AS-10045,Corporate,South,First Class,37377
CA-2018-113530,2018-05-19,BC-11125,Home Office,West,Second Class,685950
CA-2018-113558,2018-10-21,PH-18790,Home Office,South,Standard Class,729648
CA-2018-113572,2018-11-07,FP-14320,Consumer,East,Standard Class,788
CA-2018-113670,2018-10-15,RS-19765,Corporate,West,First Class,71519
CA-2018-113705,2018-03-27,LC-16870,Consumer,South,Second Class,42642
CA-2018-113873,2018-11-13,KE-16420,Corporate,Central,Standard Class,2121784
CA-2018-113908,2018-06-03,KN-16390,Corporate,East,Standard Class,397170
CA-2018-114055,2018-12-25,MH-18115,Home Office,South,Second Class,25309
CA-2018-114216,2018-09-02,RK-19300,Consumer,East,Standard Class,12192
CA-2018-114258,2018-11-05,EM-13825,Corporate,Central,Second Class,492768
CA-2018-114370,2018-03-14,BN-11470,Corporate,Central,Second Class,49616
CA-2018-114412,2018-04-15,AA-10480,Consumer,South,Standard Class,15552
CA-2018-114440,2018-09-14,TB-21520,Consumer,Central,Second Class,1905
CA-2018-114524,2018-03-31,EG-13900,Consumer,Central,Second Class,13468
CA-2018-114552,2018-09-02,Dl-13600,Corporate,East,Standard Class,15072
CA-2018-114636,2018-08-25,GA-14725,Consumer,South,Standard Class,19216
CA-2018-114804,2018-10-17,BF-11020,Corporate,West,Second Class,52792
CA-2018-115070,2018-04-10,MG-18205,Corporate,South,Second Class,5651
CA-2018-115105,2018-02-06,BD-11770,Consumer,East,Standard Class,240784
CA-2018-115119,2018-10-26,SC-20440,Corporate,East,Standard Class,142980
CA-2018-115154,2018-01-08,RS-19420,Corporate,West,First Class,89298
CA-2018-115175,2018-08-07,MC-17575,Consumer,West,Standard Class,24455
CA-2018-115322,2018-05-11,ZC-21910,Consumer,East,Second Class,4392
CA-2018-115364,2018-06-26,OT-18730,Consumer,West,Standard Class,8376
CA-2018-115427,2018-12-30,EB-13975,Corporate,West,Standard Class,15976
CA-2018-115448,2018-11-11,MH-18025,Consumer,South,First Class,8892
CA-2018-115546,2018-05-14,AH-10465,Consumer,East,Standard Class,56255
CA-2018-115602,2018-12-18,DJ-13630,Consumer,East,Standard Class,1316308
CA-2018-115651,2018-07-09,NS-18640,Corporate,Central,First Class,59348
CA-2018-115777,2018-08-19,DO-13645,Consumer,East,Standard Class,1944
CA-2018-115805,2018-07-31,KW-16435,Consumer,Central,Same Day,36792
CA-2018-115882,2018-09-14,DB-13555,Corporate,South,First Class,1017136
CA-2018-115931,2018-12-22,JM-15655,Corporate,West,Standard Class,12698
CA-2018-115994,2018-01-28,BT-11305,Home Office,West,Second Class,27771
CA-2018-116113,2018-10-02,JW-15220,Corporate,South,Second Class,1016
CA-2018-116127,2018-06-25,SB-20185,Consumer,East,Second Class,400784
CA-2018-116204,2018-02-11,VW-21775,Corporate,West,Second Class,21336
CA-2018-116225,2018-11-05,SV-20935,Consumer,East,Standard Class,39075
CA-2018-116288,2018-03-12,BS-11380,Corporate,West,Standard Class,24294
CA-2018-116358,2018-11-02,KM-16225,Corporate,Central,Standard Class,4602
CA-2018-116498,2018-05-30,KA-16525,Consumer,West,Standard Class,351
CA-2018-116519,2018-10-13,CR-12730,Consumer,East,First Class,9049
CA-2018-116645,2018-11-30,ME-17725,Consumer,East,Standard Class,15594
CA-2018-116680,2018-09-04,PK-19075,Consumer,West,Second Class,1491616
CA-2018-116715,2018-12-02,VW-21775,Corporate,West,First Class,67810
CA-2018-116855,2018-12-17,AI-10855,Consumer,South,Standard Class,5049
CA-2018-116939,2018-09-25,AG-10900,Consumer,South,Standard Class,17755
CA-2018-116946,2018-12-19,TS-21505,Consumer,West,Standard Class,181610
CA-2018-116953,2018-04-24,SV-20935,Consumer,West,First Class,552
CA-2018-116988,2018-06-27,PW-19030,Corporate,West,Second Class,131952
CA-2018-117009,2018-09-22,BK-11260,Consumer,West,Standard Class,2196
CA-2018-117023,2018-08-07,JW-15955,Consumer,East,Standard Class,2216
CA-2018-117044,2018-09-11,HA-14920,Consumer,Central,Second Class,31072
CA-2018-117079,2018-10-23,JR-15700,Consumer,South,Standard Class,86388
CA-2018-117114,2018-10-31,CY-12745,Corporate,Central,Standard Class,518680
CA-2018-117128,2018-12-05,BF-11080,Consumer,East,Second Class,1323
CA-2018-117156,2018-03-21,TB-21055,Consumer,East,Second Class,8856
CA-2018-117198,2018-08-31,BG-11035,Consumer,South,Standard Class,6599
CA-2018-117212,2018-02-26,BT-11530,Home Office,West,Second Class,1814656
CA-2018-117240,2018-07-23,CP-12340,Corporate,East,Standard Class,13128
CA-2018-117261,2018-09-04,TH-21235,Corporate,West,Standard Class,5432
CA-2018-117324,2018-12-08,JP-15520,Consumer,Central,Standard Class,181636
CA-2018-117394,2018-09-04,MM-17920,Consumer,East,Standard Class,1904
CA-2018-117401,2018-05-18,PP-18955,Home Office,Central,Second Class,86500
CA-2018-117422,2018-10-21,FC-14245,Home Office,East,Standard Class,171848
CA-2018-117436,2018-06-08,LW-17125,Consumer,East,Standard Class,1036
CA-2018-117443,2018-12-23,JB-15400,Corporate,Central,Second Class,177256
CA-2018-117457,2018-12-08,KH-16510,Consumer,West,Standard Class,3684508
CA-2018-117485,2018-09-23,BD-11320,Consumer,Central,Standard Class,29196
CA-2018-117513,2018-03-03,BT-11395,Corporate,West,Standard Class,399672
CA-2018-117632,2018-05-12,CS-12175,Corporate,West,Standard Class,72355
CA-2018-117653,2018-10-19,MO-17500,Consumer,Central,Standard Class,91275
CA-2018-117667,2018-12-04,MS-17980,Corporate,East,Standard Class,350516
CA-2018-117695,2018-08-05,PW-19030,Corporate,South,First Class,1376
CA-2018-117702,2018-11-28,LS-16975,Home Office,East,Standard Class,10865
CA-2018-117807,2018-10-01,DK-13090,Consumer,Central,Standard Class,10485
CA-2018-117821,2018-06-12,HG-15025,Consumer,East,Standard Class,6392
CA-2018-117863,2018-05-18,TS-21340,Consumer,East,Standard Class,4504
CA-2018-117870,2018-01-27,JH-15820,Consumer,East,Second Class,193974
CA-2018-117926,2018-12-08,AS-10225,Corporate,West,Second Class,6948
CA-2018-117933,2018-12-24,RF-19840,Consumer,East,Standard Class,3591
CA-2018-117947,2018-08-18,NG-18355,Corporate,East,Second Class,125059
CA-2018-118003,2018-12-04,DO-13645,Consumer,East,Standard Class,49815
CA-2018-118017,2018-12-03,LC-16870,Consumer,West,Second Class,239436
CA-2018-118122,2018-11-17,GG-14650,Corporate,West,Standard Class,13904
CA-2018-118136,2018-09-16,BB-10990,Corporate,West,First Class,1480
CA-2018-118199,2018-05-09,LB-16795,Home Office,West,First Class,80599
CA-2018-118213,2018-11-05,AB-10060,Home Office,Central,First Class,17913
CA-2018-118346,2018-07-23,PO-19180,Home Office,Central,First Class,39995
CA-2018-118360,2018-04-01,JC-15775,Consumer,East,Standard Class,4293
CA-2018-118367,2018-10-28,LO-17170,Corporate,East,Second Class,4798
CA-2018-118402,2018-09-29,JO-15280,Consumer,South,Standard Class,24392
CA-2018-118437,2018-06-17,PF-19165,Consumer,West,Second Class,16928
CA-2018-118521,2018-02-16,LF-17185,Consumer,East,Standard Class,3794
CA-2018-118542,2018-12-01,CC-12550,Consumer,West,Standard Class,14664
CA-2018-118577,2018-10-06,XP-21865,Consumer,East,Standard Class,2085
CA-2018-118640,2018-07-20,CS-11950,Consumer,Central,Standard Class,78504
CA-2018-118668,2018-01-02,FW-14395,Corporate,West,Second Class,1659
CA-2018-118724,2018-07-21,AR-10825,Corporate,West,Second Class,1626544
CA-2018-118731,2018-11-20,LP-17080,Consumer,West,Second Class,84482
CA-2018-118773,2018-02-09,TP-21415,Consumer,Central,Standard Class,397744
CA-2018-118857,2018-04-15,AH-10075,Corporate,West,First Class,19645
CA-2018-118864,2018-06-15,KH-16690,Corporate,West,Second Class,11996
CA-2018-118885,2018-12-29,JG-15160,Consumer,West,Standard Class,695944
CA-2018-118892,2018-08-17,TP-21415,Consumer,East,Second Class,4416174
CA-2018-119004,2018-11-23,JM-15250,Consumer,South,Standard Class,105408
CA-2018-119011,2018-08-20,LR-17035,Corporate,West,Standard Class,35166
CA-2018-119193,2018-12-22,SK-19990,Consumer,East,First Class,631599
CA-2018-119284,2018-06-15,TS-21205,Corporate,South,Standard Class,2751696
CA-2018-119305,2018-11-30,SW-20275,Consumer,South,Standard Class,1738
CA-2018-119389,2018-04-17,BG-11740,Consumer,East,First Class,60312
CA-2018-119424,2018-06-12,SB-20185,Consumer,West,Second Class,73920
CA-2018-119452,2018-03-21,CL-12565,Consumer,Central,Standard Class,180588
CA-2018-119494,2018-11-09,JE-15610,Corporate,West,Standard Class,523392
CA-2018-119564,2018-12-15,PL-18925,Home Office,West,Standard Class,2277
CA-2018-119578,2018-12-22,JG-15310,Corporate,East,Second Class,91614
CA-2018-119655,2018-04-20,CV-12295,Consumer,Central,Standard Class,18342
CA-2018-119669,2018-01-24,TP-21130,Consumer,South,Standard Class,567
CA-2018-119746,2018-11-23,CM-12385,Consumer,Central,Standard Class,230000
CA-2018-119809,2018-08-18,YS-21880,Corporate,West,Standard Class,2900124
CA-2018-120019,2018-02-16,NG-18355,Corporate,East,Standard Class,59450
CA-2018-120061,2018-11-02,SR-20425,Home Office,East,Second Class,155372
CA-2018-120168,2018-05-25,TB-21625,Consumer,East,Same Day,68725
CA-2018-120222,2018-04-25,LL-16840,Consumer,West,Standard Class,75249
CA-2018-120327,2018-11-11,WB-21850,Consumer,Central,Standard Class,4592
CA-2018-120376,2018-12-22,TP-21130,Consumer,Central,First Class,191281
CA-2018-120404,2018-11-20,KH-16330,Corporate,East,Second Class,62393
CA-2018-120614,2018-05-30,SM-20950,Corporate,West,Standard Class,3752
CA-2018-120705,2018-09-05,MG-17875,Home Office,South,Standard Class,147184
CA-2018-120719,2018-03-23,SJ-20125,Home Office,West,First Class,3476
CA-2018-120761,2018-09-04,AB-10150,Consumer,East,Standard Class,9196
CA-2018-120894,2018-04-28,JL-15130,Consumer,South,Standard Class,2808
CA-2018-120936,2018-12-17,CA-12310,Corporate,West,Standard Class,49530
CA-2018-120999,2018-09-10,LC-16930,Corporate,Central,Standard Class,147168
CA-2018-121027,2018-08-18,HW-14935,Corporate,West,Standard Class,158055
CA-2018-121048,2018-07-14,TC-21295,Consumer,West,Standard Class,526162
CA-2018-121083,2018-07-09,JF-15190,Consumer,East,Standard Class,60014
CA-2018-121125,2018-05-30,MG-17890,Home Office,West,Standard Class,173920
CA-2018-121160,2018-11-04,FM-14290,Home Office,Central,Same Day,65840
CA-2018-121195,2018-12-24,NS-18505,Consumer,Central,First Class,26432
CA-2018-121216,2018-12-23,MM-17920,Consumer,Central,Second Class,57984
CA-2018-121293,2018-07-25,JC-15775,Consumer,East,Second Class,243164
CA-2018-121300,2018-09-29,MG-17680,Home Office,East,Same Day,383332
CA-2018-121314,2018-09-23,BE-11410,Consumer,South,First Class,25164
CA-2018-121398,2018-12-25,FH-14365,Corporate,West,Standard Class,180614
CA-2018-121412,2018-09-23,BG-11695,Corporate,West,Standard Class,29328
CA-2018-121419,2018-04-02,TC-21475,Home Office,South,First Class,4478
CA-2018-121468,2018-11-19,KD-16345,Consumer,West,First Class,31968
CA-2018-121489,2018-08-21,CM-11815,Corporate,West,Second Class,449280
CA-2018-121503,2018-07-03,FH-14275,Corporate,Central,Second Class,871028
CA-2018-121538,2018-11-28,RH-19495,Consumer,West,First Class,88768
CA-2018-121580,2018-05-29,ML-17410,Consumer,Central,Standard Class,52279
CA-2018-121615,2018-11-03,DL-12925,Consumer,Central,Standard Class,2874
CA-2018-121643,2018-05-18,AB-10105,Consumer,West,First Class,344704
CA-2018-121678,2018-11-16,BM-11650,Corporate,East,Second Class,1824
CA-2018-121706,2018-02-26,BM-11140,Consumer,West,Standard Class,35679
CA-2018-121741,2018-12-26,YC-21895,Corporate,Central,Same Day,75068
CA-2018-121790,2018-01-30,LP-17095,Consumer,Central,Standard Class,2085055
CA-2018-121804,2018-03-03,LP-17095,Consumer,South,Standard Class,728
CA-2018-121818,2018-11-20,JH-15430,Consumer,South,First Class,52696
CA-2018-121839,2018-09-24,MH-18115,Home Office,East,Standard Class,1169694
CA-2018-121853,2018-09-23,DB-13660,Consumer,West,Standard Class,623216
CA-2018-121888,2018-09-15,CL-11890,Consumer,East,Second Class,108169
CA-2018-121909,2018-07-31,EA-14035,Corporate,East,Standard Class,54816
CA-2018-122007,2018-03-18,JK-15325,Corporate,West,Second Class,9086
CA-2018-122028,2018-08-18,CK-12205,Consumer,East,Standard Class,10782
CA-2018-122035,2018-07-20,EM-13825,Corporate,Central,Standard Class,106511
CA-2018-122056,2018-06-13,PG-18895,Consumer,South,Standard Class,18186
CA-2018-122077,2018-05-19,JF-15295,Consumer,Central,Standard Class,109208
CA-2018-122105,2018-06-24,CJ-12010,Consumer,West,Standard Class,9592
CA-2018-122112,2018-09-25,CA-11965,Corporate,East,Standard Class,24448
CA-2018-122154,2018-04-09,SA-20830,Consumer,South,First Class,28419
CA-2018-122175,2018-05-12,CA-12775,Consumer,East,Second Class,5792
CA-2018-122196,2018-09-22,CA-12265,Consumer,East,First Class,39198
CA-2018-122280,2018-09-10,SH-20395,Consumer,East,Same Day,1876
CA-2018-122308,2018-03-24,MV-17485,Consumer,East,Standard Class,271764
CA-2018-122364,2018-09-24,FA-14230,Corporate,West,Standard Class,59220
CA-2018-122490,2018-11-13,TT-21070,Consumer,West,Standard Class,3003083
CA-2018-122504,2018-11-07,DB-13270,Home Office,West,Second Class,767541
CA-2018-122539,2018-12-01,SC-20305,Consumer,East,Standard Class,422909
CA-2018-122595,2018-12-14,GM-14455,Home Office,Central,Standard Class,235276
CA-2018-122644,2018-11-12,SF-20965,Corporate,East,Standard Class,29392
CA-2018-122693,2018-02-19,NH-18610,Corporate,South,Second Class,124586
CA-2018-122700,2018-11-26,LT-17110,Consumer,East,Standard Class,220752
CA-2018-122707,2018-04-16,EB-13750,Corporate,South,First Class,50322
CA-2018-122735,2018-04-12,BD-11320,Consumer,East,Second Class,4293
CA-2018-122763,2018-03-20,HG-14845,Consumer,Central,Same Day,330768
CA-2018-122770,2018-12-13,EP-13915,Consumer,West,Standard Class,26152
CA-2018-122798,2018-12-28,SV-20935,Consumer,West,Standard Class,12253
CA-2018-122945,2018-11-16,MB-18085,Consumer,West,Standard Class,1731
CA-2018-122987,2018-08-16,SJ-20215,Consumer,South,Same Day,80564
CA-2018-122994,2018-02-06,MV-17485,Consumer,South,First Class,35997
CA-2018-123001,2018-09-02,AW-10840,Consumer,West,Standard Class,201752
CA-2018-123022,2018-09-03,SC-20050,Home Office,West,Standard Class,36753
CA-2018-123029,2018-09-30,BT-11530,Home Office,West,Second Class,15998
CA-2018-123036,2018-09-10,HA-14905,Consumer,East,Standard Class,296952
CA-2018-123043,2018-08-24,AH-10195,Corporate,East,Standard Class,28416
CA-2018-123071,2018-12-03,CC-12550,Consumer,Central,First Class,10368
CA-2018-123085,2018-03-03,EJ-13720,Consumer,West,Standard Class,275296
CA-2018-123134,2018-05-02,DW-13585,Corporate,East,Standard Class,12993
CA-2018-123239,2018-07-27,MG-18145,Consumer,South,Second Class,91032
CA-2018-123246,2018-10-17,AJ-10960,Consumer,West,Second Class,1064
CA-2018-123351,2018-09-21,KT-16480,Consumer,South,Standard Class,8048
CA-2018-123372,2018-11-28,DG-13300,Corporate,East,Standard Class,205985
CA-2018-123491,2018-10-30,JK-15205,Consumer,West,Standard Class,262379
CA-2018-123624,2018-11-13,SE-20110,Consumer,West,Second Class,8295
CA-2018-123638,2018-06-27,MA-17995,Home Office,East,Standard Class,191646
CA-2018-123659,2018-02-10,MN-17935,Consumer,East,First Class,2312
CA-2018-123687,2018-05-26,KC-16675,Corporate,South,First Class,23420
CA-2018-123701,2018-11-24,PG-18820,Consumer,West,First Class,2776
CA-2018-123778,2018-09-23,BS-11755,Consumer,West,Standard Class,41920
CA-2018-123967,2018-11-01,SF-20200,Consumer,West,Second Class,269074
CA-2018-123981,2018-10-02,RW-19630,Corporate,East,Standard Class,6599
CA-2018-124086,2018-02-10,MP-18175,Home Office,West,Standard Class,203983
CA-2018-124114,2018-03-02,RS-19765,Corporate,Central,Same Day,556
CA-2018-124191,2018-06-12,TS-21610,Consumer,Central,Second Class,8856
CA-2018-124205,2018-09-15,TC-21145,Corporate,East,Standard Class,99560
CA-2018-124261,2018-11-14,JE-15715,Consumer,West,Standard Class,3424
CA-2018-124296,2018-12-24,CS-12355,Consumer,South,Standard Class,71285
CA-2018-124401,2018-09-07,RD-19900,Consumer,West,Standard Class,283712
CA-2018-124436,2018-03-19,SA-20830,Consumer,West,Second Class,114929
CA-2018-124576,2018-08-01,HK-14890,Corporate,West,Second Class,54896
CA-2018-124597,2018-04-30,AS-10630,Home Office,South,Standard Class,32088
CA-2018-124674,2018-11-17,JB-16000,Consumer,Central,Standard Class,3277328
CA-2018-124716,2018-03-27,BD-11560,Home Office,West,Standard Class,16858
CA-2018-124744,2018-06-21,EH-14125,Home Office,East,Standard Class,46232
CA-2018-124765,2018-11-25,HZ-14950,Consumer,South,Standard Class,72392
CA-2018-124828,2018-07-03,YS-21880,Corporate,South,First Class,9552
CA-2018-124898,2018-09-11,DB-12910,Home Office,South,Standard Class,18466
CA-2018-124940,2018-02-21,DK-13090,Consumer,Central,Standard Class,47904
CA-2018-125101,2018-03-06,SH-19975,Corporate,West,Second Class,6778
CA-2018-125115,2018-04-10,RD-19930,Consumer,Central,Same Day,106104
CA-2018-125199,2018-10-19,HM-14860,Corporate,East,Standard Class,435200
CA-2018-125269,2018-04-24,AF-10870,Consumer,Central,Standard Class,73827
CA-2018-125290,2018-11-06,CC-12430,Home Office,Central,Second Class,2777
CA-2018-125367,2018-07-23,NM-18445,Home Office,East,Standard Class,1392
CA-2018-125381,2018-04-25,SG-20605,Consumer,West,Second Class,10797
CA-2018-125388,2018-10-19,MP-17965,Corporate,East,Standard Class,5983
CA-2018-125451,2018-10-23,AH-10075,Corporate,East,First Class,904309
CA-2018-125472,2018-05-30,BD-11725,Consumer,South,First Class,25386
CA-2018-125640,2018-07-25,DD-13570,Consumer,East,Standard Class,3304
CA-2018-125745,2018-06-30,DV-13045,Corporate,South,Standard Class,1952
CA-2018-125752,2018-07-31,EH-14125,Home Office,South,Standard Class,41424
CA-2018-125878,2018-02-25,MH-18025,Consumer,Central,Standard Class,1788
CA-2018-125913,2018-01-16,JO-15145,Corporate,West,Same Day,402464
CA-2018-125990,2018-10-19,JS-16030,Consumer,West,Standard Class,39624
CA-2018-126046,2018-11-03,JC-16105,Corporate,South,Standard Class,1239
CA-2018-126067,2018-08-28,KN-16705,Home Office,West,Standard Class,159467
CA-2018-126074,2018-10-02,RF-19735,Consumer,Central,Standard Class,27565
CA-2018-126123,2018-10-14,AG-10765,Home Office,Central,Standard Class,40852
CA-2018-126144,2018-07-31,GM-14680,Consumer,East,Standard Class,285576
CA-2018-126221,2018-12-30,CC-12430,Home Office,Central,Standard Class,2093
CA-2018-126242,2018-11-19,MC-18100,Consumer,West,Standard Class,30688
CA-2018-126354,2018-02-03,SC-20380,Consumer,South,Standard Class,119178
CA-2018-126382,2018-06-03,HK-14890,Corporate,South,Standard Class,35168
CA-2018-126396,2018-09-08,AR-10345,Corporate,Central,Second Class,852
CA-2018-126438,2018-09-10,AR-10345,Corporate,East,First Class,1488
CA-2018-126536,2018-10-12,NK-18490,Home Office,West,First Class,10283
CA-2018-126550,2018-03-29,RD-19720,Consumer,Central,Second Class,814
CA-2018-126634,2018-03-30,AB-10165,Consumer,West,Second Class,942
CA-2018-126662,2018-07-17,AB-10255,Home Office,West,Standard Class,479984
CA-2018-126676,2018-09-29,FH-14365,Corporate,East,First Class,798
CA-2018-126718,2018-04-29,KT-16480,Consumer,East,Standard Class,491
CA-2018-126774,2018-04-15,SH-20395,Consumer,South,First Class,489
CA-2018-126788,2018-06-05,AB-10105,Consumer,Central,First Class,470376
CA-2018-126865,2018-12-05,NP-18325,Consumer,West,Second Class,9294
CA-2018-126914,2018-06-15,JE-15715,Consumer,South,Standard Class,776080
CA-2018-126928,2018-09-17,GZ-14470,Consumer,East,Standard Class,3885
CA-2018-126956,2018-08-21,GT-14710,Consumer,Central,Standard Class,5287
CA-2018-127026,2018-01-21,MH-18115,Home Office,Central,Standard Class,438563
CA-2018-127096,2018-09-15,CS-12400,Home Office,West,Second Class,300904
CA-2018-127117,2018-04-14,HM-14860,Corporate,East,Standard Class,7445
CA-2018-127180,2018-10-22,TA-21385,Home Office,East,First Class,11229902
CA-2018-127264,2018-04-03,SA-20830,Consumer,Central,First Class,7056
CA-2018-127285,2018-10-30,MM-18055,Consumer,West,Standard Class,102656
CA-2018-127306,2018-01-14,BH-11710,Consumer,South,Standard Class,169713
CA-2018-127313,2018-12-01,RA-19285,Consumer,East,First Class,45304
CA-2018-127397,2018-02-24,ES-14080,Corporate,East,Standard Class,25590
CA-2018-127432,2018-01-22,AD-10180,Home Office,West,Standard Class,418938
CA-2018-127460,2018-07-10,FG-14260,Home Office,Central,Standard Class,298464
CA-2018-127474,2018-02-03,RD-19810,Home Office,Central,Second Class,75184
CA-2018-127516,2018-12-28,EH-14005,Home Office,South,Standard Class,64784
CA-2018-127621,2018-03-03,RE-19450,Consumer,Central,Standard Class,2688
CA-2018-127656,2018-07-11,NW-18400,Consumer,Central,Standard Class,3032
CA-2018-127705,2018-06-02,AB-10255,Home Office,East,Standard Class,3041
CA-2018-127712,2018-08-31,MG-17890,Home Office,West,Standard Class,6208
CA-2018-127726,2018-09-11,SS-20410,Consumer,South,Second Class,19710
CA-2018-127782,2018-11-02,TH-21115,Corporate,East,Standard Class,40896
CA-2018-127803,2018-05-19,ND-18460,Corporate,South,Standard Class,2616
CA-2018-127922,2018-10-27,SH-19975,Corporate,Central,Standard Class,10032
CA-2018-127929,2018-12-23,FM-14215,Corporate,East,Standard Class,18195
CA-2018-128041,2018-09-01,RW-19540,Corporate,West,Same Day,31502
CA-2018-128076,2018-02-02,BO-11350,Corporate,West,Standard Class,264138
CA-2018-128160,2018-12-19,MM-17920,Consumer,West,Second Class,36672
CA-2018-128265,2018-11-17,VW-21775,Corporate,East,Second Class,124764
CA-2018-128300,2018-11-24,RS-19765,Corporate,South,Second Class,33575
CA-2018-128328,2018-08-05,PO-18865,Consumer,Central,Standard Class,21898
CA-2018-128335,2018-09-29,JA-15970,Consumer,East,Standard Class,7489
CA-2018-128363,2018-08-13,DC-12850,Consumer,South,Standard Class,2347754
CA-2018-128370,2018-09-10,FH-14275,Corporate,West,Same Day,369536
CA-2018-128426,2018-10-07,JK-15730,Consumer,Central,Standard Class,424
CA-2018-128475,2018-08-26,SC-20680,Home Office,South,Standard Class,7198
CA-2018-128629,2018-07-10,BP-11155,Consumer,South,Second Class,1884
CA-2018-128699,2018-12-03,ND-18370,Consumer,South,Second Class,47992
CA-2018-128734,2018-12-24,JL-15175,Home Office,West,Standard Class,850920
CA-2018-128755,2018-05-04,MK-18160,Consumer,South,Standard Class,60070
CA-2018-128769,2018-09-07,DM-12955,Corporate,South,Standard Class,81568
CA-2018-128783,2018-09-07,TG-21640,Consumer,Central,Same Day,12705
CA-2018-128853,2018-04-21,JM-15250,Consumer,East,First Class,90882
CA-2018-128944,2018-06-19,KH-16330,Corporate,East,Second Class,921228
CA-2018-128965,2018-04-17,PS-18760,Consumer,West,Standard Class,251806
CA-2018-129000,2018-11-25,SZ-20035,Home Office,Central,Second Class,50181
CA-2018-129021,2018-08-23,PO-18850,Consumer,South,Second Class,4582496
CA-2018-129028,2018-04-01,GB-14530,Corporate,South,First Class,12795
CA-2018-129294,2018-03-16,KD-16615,Corporate,West,Standard Class,117511
CA-2018-129357,2018-05-14,KB-16585,Corporate,West,Standard Class,44663
CA-2018-129378,2018-10-01,NS-18505,Consumer,West,First Class,194724
CA-2018-129462,2018-06-16,JE-15745,Consumer,South,Second Class,74059
CA-2018-129490,2018-09-26,SJ-20125,Home Office,South,Standard Class,419136
CA-2018-129567,2018-03-17,CL-12565,Consumer,West,Second Class,17456
CA-2018-129581,2018-12-11,KN-16390,Corporate,East,Standard Class,12885
CA-2018-129707,2018-04-25,LH-16750,Consumer,West,Standard Class,8896
CA-2018-129805,2018-12-28,HM-14860,Corporate,West,Standard Class,74
CA-2018-129833,2018-12-09,HF-14995,Consumer,Central,Standard Class,3449
CA-2018-129910,2018-03-30,ME-17320,Home Office,South,Standard Class,5976
CA-2018-130036,2018-08-27,BP-11185,Corporate,East,Same Day,1132560
CA-2018-130043,2018-09-15,BB-11545,Corporate,Central,Standard Class,31872
CA-2018-130106,2018-05-22,VF-21715,Home Office,West,Standard Class,1262
CA-2018-130141,2018-10-22,HA-14905,Consumer,West,Second Class,582304
CA-2018-130148,2018-09-24,NK-18490,Home Office,West,Second Class,3181
CA-2018-130211,2018-10-22,BD-11620,Consumer,Central,Same Day,58207
CA-2018-130309,2018-12-17,GB-14575,Consumer,South,Standard Class,54438
CA-2018-130351,2018-12-05,RB-19570,Consumer,Central,First Class,16472
CA-2018-130386,2018-11-12,NG-18430,Consumer,Central,Standard Class,779160
CA-2018-130505,2018-10-12,NF-18385,Consumer,East,Same Day,673344
CA-2018-130526,2018-11-26,GT-14755,Consumer,Central,First Class,33568
CA-2018-130631,2018-12-29,BS-11755,Consumer,West,Standard Class,7042
CA-2018-130715,2018-09-16,CY-12745,Corporate,West,Standard Class,179
CA-2018-130764,2018-10-27,JO-15145,Corporate,West,First Class,566249
CA-2018-130771,2018-07-29,LA-16780,Corporate,Central,Standard Class,127688
CA-2018-130834,2018-11-03,JM-16195,Consumer,South,Second Class,16272
CA-2018-130841,2018-07-28,MH-17620,Corporate,West,Standard Class,22938
CA-2018-130904,2018-04-11,HM-14980,Consumer,South,Standard Class,22744
CA-2018-130967,2018-03-10,EB-13870,Consumer,East,Standard Class,53982
CA-2018-131016,2018-09-18,DC-12850,Consumer,Central,First Class,56512
CA-2018-131037,2018-08-22,TM-21490,Consumer,West,First Class,210008
CA-2018-131156,2018-04-03,KH-16360,Consumer,East,Standard Class,25472
CA-2018-131212,2018-12-05,AB-10165,Consumer,West,Standard Class,39792
CA-2018-131233,2018-04-14,CS-12355,Consumer,East,Standard Class,253128
CA-2018-131254,2018-11-19,NC-18415,Consumer,Central,First Class,1717550
CA-2018-131282,2018-02-05,CB-12025,Consumer,Central,Second Class,244704
CA-2018-131303,2018-11-28,EP-13915,Consumer,West,Standard Class,6265
CA-2018-131366,2018-11-24,SC-20440,Corporate,East,Standard Class,319532
CA-2018-131492,2018-10-19,HH-15010,Corporate,West,Second Class,28635
CA-2018-131618,2018-06-17,LS-17200,Corporate,Central,First Class,15464
CA-2018-131625,2018-09-01,BN-11515,Consumer,East,Second Class,1149
CA-2018-131632,2018-10-31,AH-10120,Home Office,Central,Standard Class,5248
CA-2018-131653,2018-01-29,RD-19585,Consumer,East,Standard Class,522
CA-2018-131695,2018-06-30,RA-19285,Consumer,East,Standard Class,27080
CA-2018-131807,2018-10-05,GG-14650,Corporate,West,Standard Class,650548
CA-2018-131828,2018-02-11,CS-11845,Corporate,West,Second Class,1051912
CA-2018-131954,2018-01-21,DS-13030,Home Office,West,Standard Class,180293
CA-2018-132122,2018-07-09,JH-15820,Consumer,Central,Standard Class,22892
CA-2018-132178,2018-05-03,DB-12970,Corporate,West,Second Class,83296
CA-2018-132185,2018-11-27,DB-13615,Consumer,South,Standard Class,44460
CA-2018-132199,2018-05-03,BO-11350,Corporate,East,Standard Class,96833
CA-2018-132213,2018-04-25,PN-18775,Home Office,South,First Class,48840
CA-2018-132234,2018-10-16,MY-17380,Corporate,East,First Class,5473
CA-2018-132262,2018-09-21,ML-18265,Consumer,West,First Class,15196
CA-2018-132290,2018-03-10,MD-17350,Consumer,Central,Standard Class,933408
CA-2018-132339,2018-08-19,JB-15400,Corporate,East,Standard Class,38799
CA-2018-132346,2018-11-07,PK-19075,Consumer,East,Standard Class,10094
CA-2018-132353,2018-09-15,DB-13060,Consumer,Central,First Class,323976
CA-2018-132430,2018-10-09,CP-12085,Corporate,East,First Class,45888
CA-2018-132437,2018-09-08,EM-14095,Corporate,East,Second Class,6512
CA-2018-132521,2018-09-23,DW-13540,Consumer,West,Second Class,15828
CA-2018-132584,2018-08-26,HJ-14875,Home Office,Central,First Class,5372
CA-2018-132619,2018-08-31,MS-17770,Consumer,West,Standard Class,19395
CA-2018-132647,2018-02-17,GH-14410,Home Office,East,Standard Class,17821
CA-2018-132682,2018-06-08,TH-21235,Corporate,Central,Second Class,469008
CA-2018-132738,2018-08-04,HM-14860,Corporate,West,First Class,16752
CA-2018-132934,2018-06-20,JE-15475,Consumer,East,Standard Class,66307
CA-2018-132976,2018-10-13,AG-10495,Corporate,East,Standard Class,92020
CA-2018-133004,2018-08-31,AJ-10945,Consumer,Central,Standard Class,63873
CA-2018-133046,2018-07-27,DK-13375,Consumer,West,Second Class,27441
CA-2018-133067,2018-05-04,MY-18295,Corporate,East,Standard Class,11598
CA-2018-133074,2018-09-21,DB-13615,Consumer,West,Standard Class,5586
CA-2018-133095,2018-06-04,EH-14005,Home Office,South,Same Day,11762
CA-2018-133102,2018-08-17,ED-13885,Home Office,Central,Standard Class,143808
CA-2018-133207,2018-11-27,DO-13645,Consumer,West,Standard Class,57568
CA-2018-133235,2018-08-01,LH-16750,Consumer,South,First Class,27196
CA-2018-133249,2018-07-08,SZ-20035,Home Office,West,First Class,1459
CA-2018-133256,2018-06-26,TH-21550,Home Office,Central,First Class,56438
CA-2018-133263,2018-03-31,JE-15610,Corporate,South,Second Class,309861
CA-2018-133333,2018-09-18,BF-11020,Corporate,Central,Standard Class,2272
CA-2018-133431,2018-12-17,LC-17140,Consumer,West,Standard Class,2847
CA-2018-133487,2018-05-06,TS-21655,Consumer,West,Second Class,15294
CA-2018-133501,2018-08-27,DK-12895,Consumer,South,Standard Class,5184
CA-2018-133620,2018-11-13,EM-14065,Consumer,East,Standard Class,1121
CA-2018-133641,2018-05-14,EJ-14155,Consumer,South,Standard Class,4869
CA-2018-133648,2018-06-25,ML-17755,Home Office,West,Standard Class,23752
CA-2018-133718,2018-07-23,TB-21520,Consumer,West,First Class,21024
CA-2018-133823,2018-05-11,LP-17080,Consumer,West,Same Day,33535
CA-2018-133865,2018-05-08,PS-19045,Home Office,West,Standard Class,3359952
CA-2018-133928,2018-06-11,ZC-21910,Consumer,South,Standard Class,4572
CA-2018-134096,2018-09-24,PP-18955,Home Office,South,Standard Class,39953
CA-2018-134152,2018-05-27,RP-19855,Corporate,West,Standard Class,12960
CA-2018-134173,2018-09-16,AB-10060,Home Office,East,Standard Class,20736
CA-2018-134194,2018-12-25,GA-14725,Consumer,Central,Standard Class,123280
CA-2018-134285,2018-12-07,DS-13180,Corporate,Central,Standard Class,19104
CA-2018-134306,2018-07-08,TD-20995,Consumer,East,Standard Class,4508
CA-2018-134404,2018-12-27,DR-12880,Corporate,East,Same Day,177636
CA-2018-134418,2018-09-15,GM-14500,Consumer,West,Standard Class,1242
CA-2018-134439,2018-09-18,TM-21010,Consumer,Central,Second Class,1596
CA-2018-134495,2018-04-01,BF-11020,Corporate,South,Second Class,269400
CA-2018-134565,2018-06-11,TB-21400,Consumer,West,Second Class,53678
CA-2018-134607,2018-10-03,HL-15040,Consumer,East,Second Class,2258
CA-2018-134635,2018-04-15,NS-18640,Corporate,West,Second Class,7914
CA-2018-134649,2018-01-26,CA-11965,Corporate,South,Second Class,2263
CA-2018-134796,2018-06-25,FM-14380,Consumer,Central,Standard Class,14848
CA-2018-134810,2018-05-09,MC-17605,Corporate,South,First Class,65439
CA-2018-134838,2018-02-19,ED-13885,Home Office,West,First Class,5751
CA-2018-134845,2018-04-17,SR-20425,Home Office,West,Standard Class,2602482
CA-2018-134880,2018-10-27,TW-21025,Home Office,West,Standard Class,44784
CA-2018-134915,2018-11-12,EM-14140,Home Office,West,Same Day,902960
CA-2018-134978,2018-11-12,EB-13705,Corporate,East,Second Class,1592
CA-2018-135034,2018-08-01,AT-10735,Consumer,Central,First Class,95984
CA-2018-135069,2018-04-10,BS-11755,Consumer,East,Standard Class,231776
CA-2018-135076,2018-04-13,YS-21880,Corporate,West,Standard Class,436704
CA-2018-135111,2018-12-28,CS-12400,Home Office,Central,Standard Class,507
CA-2018-135167,2018-06-15,SC-20800,Consumer,West,Standard Class,426
CA-2018-135279,2018-04-09,BS-11800,Home Office,East,First Class,58836
CA-2018-135307,2018-11-26,LS-17245,Consumer,Central,First Class,5067
CA-2018-135377,2018-12-13,BP-11095,Corporate,East,Standard Class,287976
CA-2018-135419,2018-11-03,BG-11740,Consumer,West,Standard Class,486368
CA-2018-135587,2018-12-07,BH-11710,Consumer,South,Standard Class,32116
CA-2018-135650,2018-03-23,AC-10660,Consumer,Central,Standard Class,143728
CA-2018-135692,2018-04-27,CV-12805,Corporate,Central,Standard Class,2205968
CA-2018-135783,2018-04-22,GM-14440,Consumer,West,First Class,1828
CA-2018-135860,2018-12-01,JH-15985,Consumer,Central,Standard Class,37610
CA-2018-135909,2018-10-13,JW-15220,Corporate,West,Standard Class,561374
CA-2018-135937,2018-02-20,KM-16375,Home Office,West,Standard Class,525195
CA-2018-136000,2018-09-22,SC-20440,Corporate,East,Second Class,40176
CA-2018-136007,2018-02-23,AC-10615,Corporate,West,Standard Class,7280
CA-2018-136063,2018-12-15,SS-20140,Corporate,Central,Standard Class,10192
CA-2018-136238,2018-12-26,KB-16240,Corporate,Central,Standard Class,16032
CA-2018-136308,2018-11-16,MW-18235,Corporate,West,Same Day,1919976
CA-2018-136350,2018-06-24,GA-14515,Consumer,East,Second Class,200433
CA-2018-136364,2018-07-13,MH-17455,Consumer,East,Second Class,130602
CA-2018-136448,2018-09-16,AS-10090,Consumer,East,First Class,684110
CA-2018-136497,2018-04-16,RF-19840,Consumer,East,Standard Class,1371
CA-2018-136511,2018-03-23,MZ-17515,Corporate,East,Second Class,34758
CA-2018-136539,2018-12-28,GH-14665,Consumer,Central,Standard Class,815696
CA-2018-136609,2018-08-06,TB-21355,Corporate,Central,Standard Class,115296
CA-2018-136623,2018-07-11,TS-21430,Corporate,West,Standard Class,72250
CA-2018-136651,2018-04-23,JF-15355,Consumer,West,Second Class,18338
CA-2018-136672,2018-03-07,MG-17890,Home Office,East,Standard Class,4908
CA-2018-136826,2018-06-16,CB-12535,Corporate,South,Standard Class,14016
CA-2018-136875,2018-12-03,TC-21295,Consumer,West,Same Day,16644
CA-2018-136882,2018-05-27,DN-13690,Consumer,Central,Standard Class,4773
CA-2018-137001,2018-06-10,GZ-14545,Corporate,West,Second Class,147
CA-2018-137022,2018-11-16,SW-20275,Consumer,West,Standard Class,81128
CA-2018-137085,2018-06-29,CT-11995,Consumer,West,Standard Class,312552
CA-2018-137099,2018-12-07,FP-14320,Consumer,West,First Class,374376
CA-2018-137323,2018-11-14,PW-19030,Corporate,East,Second Class,9636
CA-2018-137344,2018-08-20,EM-13810,Corporate,East,Same Day,4029
CA-2018-137365,2018-11-30,BP-11095,Corporate,Central,Second Class,95976
CA-2018-137414,2018-10-02,CM-12115,Consumer,West,Standard Class,38662
CA-2018-137428,2018-12-16,AY-10555,Corporate,West,Second Class,183080
CA-2018-137449,2018-06-29,ME-17725,Consumer,Central,First Class,4428698
CA-2018-137456,2018-12-21,RB-19465,Home Office,Central,Same Day,1592
CA-2018-137463,2018-12-16,KM-16225,Corporate,West,Second Class,43413
CA-2018-137470,2018-09-17,TP-21415,Consumer,West,Same Day,1296
CA-2018-137498,2018-09-09,LC-17050,Consumer,West,Second Class,29800
CA-2018-137505,2018-11-24,BP-11290,Consumer,West,Same Day,107496
CA-2018-137582,2018-09-04,CV-12805,Corporate,West,Standard Class,11808
CA-2018-137596,2018-09-02,BE-11335,Home Office,Central,Standard Class,240114
CA-2018-137624,2018-11-10,ME-17320,Home Office,West,Standard Class,241424
CA-2018-137631,2018-04-28,JL-15235,Consumer,South,Standard Class,751984
CA-2018-137785,2018-05-13,MH-18115,Home Office,East,Standard Class,45843
CA-2018-137876,2018-04-30,DJ-13510,Corporate,West,Standard Class,9552
CA-2018-138149,2018-06-29,WB-21850,Consumer,West,First Class,110062
CA-2018-138156,2018-02-11,MM-17260,Consumer,East,First Class,147568
CA-2018-138163,2018-11-17,XP-21865,Consumer,East,First Class,5094
CA-2018-138289,2018-01-16,AR-10540,Consumer,Central,Second Class,580270
CA-2018-138310,2018-06-26,NP-18700,Consumer,West,Standard Class,431928
CA-2018-138380,2018-12-21,YS-21880,Corporate,West,Standard Class,100002
CA-2018-138422,2018-09-23,KN-16705,Home Office,West,First Class,14352
CA-2018-138464,2018-07-08,VF-21715,Home Office,West,Standard Class,91096
CA-2018-138548,2018-08-15,JG-15160,Consumer,East,Standard Class,9784
CA-2018-138611,2018-11-14,CK-12595,Consumer,East,Second Class,15642
CA-2018-138618,2018-12-01,MY-17380,Corporate,Central,Standard Class,10368
CA-2018-138779,2018-01-14,RB-19570,Consumer,South,First Class,22536
CA-2018-138975,2018-05-19,SC-20380,Consumer,South,Standard Class,230050
CA-2018-139080,2018-01-23,CS-12250,Corporate,West,Standard Class,91560
CA-2018-139199,2018-12-09,DK-12835,Corporate,Central,Standard Class,92744
CA-2018-139304,2018-01-29,VG-21790,Consumer,West,Standard Class,121307
CA-2018-139311,2018-08-11,SF-20965,Corporate,Central,First Class,205296
CA-2018-139353,2018-10-28,JM-15250,Consumer,South,Second Class,273088
CA-2018-139402,2018-12-09,NC-18535,Corporate,West,Standard Class,17199
CA-2018-139416,2018-03-27,AG-10270,Consumer,East,Second Class,15008
CA-2018-139437,2018-07-03,RD-19585,Consumer,West,Standard Class,8792
CA-2018-139444,2018-09-09,GK-14620,Corporate,Central,Standard Class,9856
CA-2018-139493,2018-09-13,SG-20605,Consumer,South,Standard Class,1592
CA-2018-139619,2018-09-19,ES-14080,Corporate,South,Standard Class,95616
CA-2018-139661,2018-10-30,JW-15220,Corporate,West,Standard Class,964
CA-2018-139717,2018-08-24,DM-13015,Consumer,East,Second Class,656640
CA-2018-139773,2018-12-04,DV-13045,Corporate,East,Same Day,188552
CA-2018-139787,2018-09-19,JP-16135,Home Office,South,Standard Class,354
CA-2018-139822,2018-09-15,Dp-13240,Home Office,East,Standard Class,9860
CA-2018-139913,2018-10-23,JC-16105,Corporate,East,Standard Class,11916
CA-2018-139948,2018-07-17,SW-20455,Consumer,South,Standard Class,7904
CA-2018-140053,2018-07-03,CA-12265,Consumer,West,Standard Class,54585
CA-2018-140088,2018-05-28,PO-18865,Consumer,South,Second Class,30196
CA-2018-140151,2018-03-23,RB-19360,Consumer,West,First Class,1405248
CA-2018-140186,2018-09-29,PG-18820,Consumer,West,First Class,134450
CA-2018-140242,2018-05-06,ML-17755,Home Office,Central,Standard Class,415152
CA-2018-140298,2018-05-11,JK-16120,Home Office,Central,Standard Class,94508
CA-2018-140326,2018-09-04,HW-14935,Corporate,Central,First Class,833862
CA-2018-140480,2018-07-08,HE-14800,Corporate,East,Standard Class,34195
CA-2018-140494,2018-03-10,CM-11815,Corporate,West,Second Class,11196
CA-2018-140508,2018-09-18,PA-19060,Home Office,Central,First Class,114848
CA-2018-140515,2018-03-19,GZ-14545,Corporate,West,Standard Class,38136
CA-2018-140536,2018-04-04,TA-21385,Home Office,East,First Class,704
CA-2018-140585,2018-12-18,RA-19915,Consumer,West,Second Class,178503
CA-2018-140627,2018-12-23,DK-12985,Consumer,South,Standard Class,303320
CA-2018-140676,2018-09-12,BF-11080,Consumer,East,First Class,18970
CA-2018-140760,2018-06-02,DO-13435,Consumer,West,Second Class,29736
CA-2018-140781,2018-08-03,AB-10105,Consumer,Central,Standard Class,39816
CA-2018-140802,2018-04-21,KN-16390,Corporate,Central,First Class,68712
CA-2018-140844,2018-06-19,AR-10405,Corporate,East,Standard Class,20094
CA-2018-140872,2018-06-03,NR-18550,Consumer,South,Standard Class,543690
CA-2018-140949,2018-03-17,DB-13405,Consumer,East,Second Class,35357
CA-2018-140963,2018-06-10,MT-18070,Home Office,West,First Class,542457
CA-2018-141103,2018-07-30,JF-15355,Consumer,East,Standard Class,8995
CA-2018-141117,2018-10-02,JK-16090,Consumer,West,Standard Class,374618
CA-2018-141138,2018-11-10,GH-14425,Consumer,West,Standard Class,11179
CA-2018-141201,2018-12-09,DB-12910,Home Office,West,Second Class,148257
CA-2018-141425,2018-11-02,AR-10825,Corporate,East,Second Class,384592
CA-2018-141439,2018-11-26,TT-21460,Home Office,Central,Standard Class,233820
CA-2018-141481,2018-06-11,ZD-21925,Consumer,West,First Class,6144
CA-2018-141572,2018-05-28,LO-17170,Corporate,East,Second Class,24744
CA-2018-141614,2018-06-05,NS-18640,Corporate,South,Standard Class,20736
CA-2018-141663,2018-04-13,DP-13105,Corporate,East,Standard Class,792
CA-2018-141705,2018-10-24,PO-18850,Consumer,Central,First Class,517405
CA-2018-141719,2018-11-17,EG-13900,Consumer,Central,Second Class,23996
CA-2018-141733,2018-05-07,RW-19540,Corporate,Central,Standard Class,240741
CA-2018-141747,2018-08-03,SC-20230,Corporate,West,Second Class,1606
CA-2018-141782,2018-01-21,BE-11410,Consumer,Central,Standard Class,268576
CA-2018-141789,2018-10-03,AC-10450,Consumer,Central,First Class,179398
CA-2018-141873,2018-10-09,HG-14845,Consumer,East,Standard Class,330890
CA-2018-141929,2018-09-04,RA-19285,Consumer,West,Standard Class,510325
CA-2018-141992,2018-06-19,FO-14305,Consumer,Central,Standard Class,164768
CA-2018-142034,2018-09-24,KB-16240,Corporate,Central,Standard Class,67023
CA-2018-142090,2018-11-30,SC-20380,Consumer,South,Standard Class,2165658
CA-2018-142125,2018-10-21,JB-15400,Corporate,Central,Standard Class,4101
CA-2018-142174,2018-03-04,DP-13000,Consumer,Central,Standard Class,89568
CA-2018-142293,2018-09-17,SC-20380,Consumer,West,First Class,8997
CA-2018-142328,2018-12-07,TC-21535,Home Office,West,Standard Class,5004
CA-2018-142342,2018-07-17,AJ-10795,Corporate,West,Second Class,1196124
CA-2018-142391,2018-09-24,PB-19150,Consumer,West,Same Day,1998
CA-2018-142461,2018-05-30,KT-16480,Consumer,Central,Second Class,2046664
CA-2018-142489,2018-11-14,TC-21295,Consumer,Central,Second Class,2199
CA-2018-142622,2018-10-30,JK-15625,Consumer,West,First Class,731838
CA-2018-142636,2018-11-03,KC-16675,Corporate,West,Standard Class,321122
CA-2018-142643,2018-10-15,DL-13495,Corporate,West,Standard Class,17537
CA-2018-142671,2018-11-10,DR-12940,Home Office,South,Second Class,1152
CA-2018-142776,2018-12-11,RS-19870,Home Office,Central,Second Class,782
CA-2018-142867,2018-03-17,PO-19180,Home Office,Central,Standard Class,24048
CA-2018-142888,2018-11-21,BP-11230,Consumer,West,Standard Class,7098
CA-2018-142909,2018-12-22,AG-10330,Consumer,West,Second Class,18255
CA-2018-143021,2018-11-19,AP-10720,Home Office,East,Same Day,138382
CA-2018-143035,2018-10-03,CC-12430,Home Office,East,Second Class,46252
CA-2018-143063,2018-08-10,IL-15100,Consumer,Central,Standard Class,153670
CA-2018-143084,2018-03-18,BP-11050,Corporate,West,Standard Class,333
CA-2018-143112,2018-10-05,TS-21370,Corporate,East,Standard Class,742256
CA-2018-143126,2018-12-03,CM-12655,Home Office,West,Second Class,52196
CA-2018-143217,2018-11-11,CG-12040,Home Office,Central,Standard Class,1824
CA-2018-143245,2018-12-01,AD-10180,Home Office,East,Standard Class,91659
CA-2018-143252,2018-12-18,HE-14800,Corporate,Central,Standard Class,12929
CA-2018-143259,2018-12-30,PO-18865,Consumer,East,Standard Class,385005
CA-2018-143294,2018-06-02,JD-15790,Consumer,Central,Standard Class,10688
CA-2018-143329,2018-11-03,DL-13330,Consumer,West,Standard Class,4137
CA-2018-143343,2018-06-10,BW-11200,Consumer,West,First Class,164
CA-2018-143378,2018-09-19,JR-16210,Corporate,West,Standard Class,697612
CA-2018-143434,2018-11-18,ME-17320,Home Office,Central,Standard Class,1976
CA-2018-143455,2018-11-11,ML-17755,Home Office,East,Standard Class,10368
CA-2018-143567,2018-11-02,TB-21175,Corporate,South,Second Class,329107
CA-2018-143574,2018-06-29,DR-12880,Corporate,East,First Class,69467
CA-2018-143651,2018-03-25,FM-14215,Corporate,West,Standard Class,231
CA-2018-143658,2018-11-08,SR-20425,Home Office,East,Second Class,1099
CA-2018-143665,2018-04-26,PO-19180,Home Office,West,Standard Class,5962
CA-2018-143686,2018-05-14,PJ-19015,Consumer,West,Same Day,141821
CA-2018-143756,2018-12-02,ME-17725,Consumer,South,First Class,70196
CA-2018-143798,2018-12-10,AW-10840,Consumer,East,First Class,41456
CA-2018-143861,2018-06-12,LC-16885,Consumer,South,Standard Class,17088
CA-2018-144036,2018-11-22,FO-14305,Consumer,Central,Standard Class,35712
CA-2018-144064,2018-08-29,CP-12085,Corporate,Central,First Class,7804
CA-2018-144113,2018-09-16,JF-15355,Consumer,Central,Standard Class,73560
CA-2018-144225,2018-09-30,CC-12475,Consumer,East,Second Class,16488
CA-2018-144365,2018-10-24,CS-11950,Consumer,South,Standard Class,1168
CA-2018-144456,2018-09-08,FC-14245,Home Office,South,First Class,164544
CA-2018-144463,2018-01-01,SC-20725,Consumer,West,Standard Class,47443
CA-2018-144484,2018-09-11,CB-12025,Consumer,West,Same Day,7302
CA-2018-144491,2018-03-27,CJ-12010,Consumer,Central,Standard Class,1875128
CA-2018-144498,2018-05-06,MB-18085,Consumer,South,Same Day,707921
CA-2018-144526,2018-04-30,QJ-19255,Corporate,East,Standard Class,81654
CA-2018-144568,2018-05-29,JO-15550,Home Office,Central,Standard Class,2355
CA-2018-144589,2018-01-20,TM-21010,Consumer,West,Standard Class,360218
CA-2018-144596,2018-11-06,CD-11980,Consumer,East,Standard Class,31896
CA-2018-144638,2018-03-10,MH-18115,Home Office,East,Standard Class,59407
CA-2018-144680,2018-03-31,SC-20260,Corporate,Central,First Class,3362
CA-2018-144694,2018-09-24,BD-11605,Consumer,South,Second Class,237732
CA-2018-144750,2018-08-21,DL-13495,Corporate,West,Same Day,8388
CA-2018-144820,2018-10-03,LW-16825,Corporate,Central,Second Class,2064
CA-2018-144827,2018-12-21,SE-20110,Consumer,West,Standard Class,12436
CA-2018-144848,2018-04-04,DS-13030,Home Office,East,First Class,40061
CA-2018-144862,2018-12-01,EH-14005,Home Office,East,Standard Class,73426
CA-2018-144883,2018-08-15,BO-11350,Corporate,Central,Standard Class,504
CA-2018-144904,2018-09-25,KW-16435,Consumer,East,Standard Class,494121
CA-2018-144932,2018-04-14,AB-10165,Consumer,East,First Class,118320
CA-2018-145037,2018-09-02,TB-21055,Consumer,East,Second Class,22783
CA-2018-145128,2018-07-09,SM-20320,Home Office,Central,Standard Class,52645
CA-2018-145142,2018-01-23,MC-17605,Corporate,Central,First Class,21098
CA-2018-145219,2018-12-24,RM-19675,Home Office,West,First Class,2889000
CA-2018-145226,2018-12-08,DL-13315,Consumer,East,Second Class,43378
CA-2018-145233,2018-12-01,DV-13465,Consumer,West,Standard Class,1020263
CA-2018-145275,2018-04-02,AH-10465,Consumer,South,Standard Class,1494
CA-2018-145310,2018-12-22,JP-15520,Consumer,South,Second Class,7824
CA-2018-145338,2018-01-29,BD-11770,Consumer,East,First Class,4768
CA-2018-145429,2018-07-21,SW-20455,Consumer,West,Standard Class,277282
CA-2018-145443,2018-08-10,SC-20695,Corporate,Central,Second Class,1772
CA-2018-145506,2018-06-03,MO-17800,Home Office,West,Standard Class,13626
CA-2018-145653,2018-09-01,CA-12775,Consumer,Central,Same Day,49826
CA-2018-145660,2018-12-01,MG-17650,Home Office,East,First Class,7712
CA-2018-145702,2018-05-19,AH-10075,Corporate,South,Second Class,342240
CA-2018-145737,2018-09-15,AB-10165,Consumer,South,Standard Class,16396
CA-2018-145765,2018-05-28,CM-11815,Corporate,West,Standard Class,307116
CA-2018-145772,2018-06-03,SS-20140,Corporate,West,Standard Class,9583
CA-2018-145779,2018-05-06,DB-13615,Consumer,West,Standard Class,84416
CA-2018-145807,2018-02-09,SB-20170,Consumer,West,Standard Class,3549
CA-2018-145877,2018-04-01,AS-10090,Consumer,Central,Second Class,1226
CA-2018-145884,2018-10-21,SL-20155,Home Office,Central,Same Day,170203
CA-2018-146024,2018-03-02,SC-20770,Corporate,Central,Standard Class,19198
CA-2018-146031,2018-07-29,GM-14440,Consumer,East,Second Class,6012
CA-2018-146136,2018-09-03,AP-10915,Consumer,South,Standard Class,24448
CA-2018-146164,2018-12-22,CM-12190,Consumer,Central,Standard Class,63868
CA-2018-146185,2018-09-15,CC-12145,Consumer,Central,Standard Class,31744
CA-2018-146192,2018-04-22,BD-11725,Consumer,South,Standard Class,67506
CA-2018-146346,2018-06-17,RA-19945,Consumer,West,First Class,146352
CA-2018-146360,2018-04-23,SC-20305,Consumer,Central,Second Class,15534
CA-2018-146367,2018-08-04,HM-14860,Corporate,Central,Standard Class,3318
CA-2018-146458,2018-11-19,RB-19435,Consumer,South,Second Class,2296
CA-2018-146493,2018-06-01,CV-12805,Corporate,Central,Standard Class,539
CA-2018-146535,2018-11-24,FM-14290,Home Office,South,Standard Class,144684
CA-2018-146626,2018-12-29,BP-11185,Corporate,West,Standard Class,10112
CA-2018-146724,2018-11-20,HG-15025,Consumer,Central,Standard Class,22
CA-2018-146780,2018-12-25,CV-12805,Corporate,East,Standard Class,4196
CA-2018-146920,2018-08-28,SC-20305,Consumer,Central,Standard Class,28016
CA-2018-146983,2018-09-02,AH-10210,Consumer,South,Standard Class,157794
CA-2018-147032,2018-07-31,LB-16795,Home Office,East,Standard Class,87250
CA-2018-147039,2018-06-29,AA-10315,Consumer,Central,Standard Class,37448
CA-2018-147144,2018-03-26,MZ-17335,Home Office,West,First Class,1983
CA-2018-147207,2018-01-02,TS-21655,Consumer,Central,Second Class,500663
CA-2018-147228,2018-09-09,SO-20335,Consumer,South,Standard Class,226352
CA-2018-147277,2018-10-20,EB-13705,Corporate,East,Standard Class,949772
CA-2018-147291,2018-03-11,MJ-17740,Consumer,Central,Standard Class,89592
CA-2018-147333,2018-12-14,KL-16555,Corporate,South,Standard Class,6073
CA-2018-147354,2018-03-09,KB-16315,Consumer,West,Standard Class,483068
CA-2018-147361,2018-09-09,SB-20290,Corporate,South,Standard Class,68526
CA-2018-147403,2018-09-10,KH-16630,Corporate,East,First Class,85056
CA-2018-147410,2018-09-04,EJ-14155,Consumer,West,Standard Class,4211
CA-2018-147452,2018-09-30,CS-11845,Corporate,West,First Class,18359
CA-2018-147550,2018-12-04,KE-16420,Corporate,East,First Class,11352
CA-2018-147564,2018-10-02,BP-11155,Consumer,East,Standard Class,4912
CA-2018-147725,2018-09-14,LT-17110,Consumer,East,Same Day,7095
CA-2018-147753,2018-03-05,PK-19075,Consumer,Central,Same Day,2506
CA-2018-147760,2018-11-04,KL-16555,Corporate,South,First Class,659760
CA-2018-147767,2018-12-02,SV-20935,Consumer,West,Same Day,6786
CA-2018-147844,2018-05-02,DD-13570,Consumer,West,Standard Class,6453
CA-2018-147942,2018-04-01,MS-17365,Consumer,West,Standard Class,12746
CA-2018-147956,2018-12-24,AH-10210,Consumer,West,Standard Class,100362
CA-2018-148012,2018-12-09,KM-16225,Corporate,East,Standard Class,2624
CA-2018-148068,2018-09-18,MM-18280,Corporate,East,Standard Class,2926
CA-2018-148138,2018-09-29,ME-18010,Corporate,East,Standard Class,51168
CA-2018-148145,2018-03-18,SW-20275,Consumer,West,Standard Class,462
CA-2018-148166,2018-10-21,NK-18490,Home Office,South,Standard Class,17856
CA-2018-148264,2018-12-08,LF-17185,Consumer,West,First Class,10280
CA-2018-148320,2018-11-03,PG-18895,Consumer,West,Standard Class,3588
CA-2018-148355,2018-12-24,NC-18535,Corporate,East,Standard Class,2067
CA-2018-148404,2018-10-07,Dp-13240,Home Office,South,Standard Class,1027210
CA-2018-148411,2018-09-24,RO-19780,Consumer,Central,First Class,531888
CA-2018-148446,2018-12-10,MC-17845,Consumer,West,Second Class,16696
CA-2018-148474,2018-06-12,ME-17320,Home Office,South,Standard Class,46206
CA-2018-148642,2018-03-06,DW-13540,Consumer,Central,Standard Class,68416
CA-2018-148691,2018-12-03,CS-12460,Consumer,East,Standard Class,37030
CA-2018-148810,2018-06-26,DR-12880,Corporate,South,Standard Class,287424
CA-2018-148922,2018-12-10,SU-20665,Home Office,South,Second Class,68478
CA-2018-148929,2018-09-07,SP-20620,Corporate,East,Standard Class,47808
CA-2018-148985,2018-11-11,TB-21190,Home Office,West,Second Class,3492
CA-2018-148992,2018-11-23,CS-12250,Corporate,Central,Standard Class,10688
CA-2018-148999,2018-01-30,EB-13870,Consumer,South,Standard Class,419136
CA-2018-149048,2018-05-13,BM-11650,Corporate,Central,Standard Class,222918
CA-2018-149076,2018-01-14,SO-20335,Consumer,West,Standard Class,1549
CA-2018-149146,2018-10-12,SM-20320,Home Office,South,Same Day,7968
CA-2018-149160,2018-11-23,JM-15265,Corporate,Central,Second Class,29076
CA-2018-149181,2018-05-08,MD-17350,Consumer,East,Standard Class,47992
CA-2018-149468,2018-05-20,AR-10405,Corporate,Central,Same Day,4128
CA-2018-149489,2018-04-24,DK-12835,Corporate,East,First Class,18634
CA-2018-149559,2018-09-11,KF-16285,Home Office,West,Same Day,2057786
CA-2018-149699,2018-12-22,CM-12115,Consumer,West,First Class,47495
CA-2018-149706,2018-12-11,AS-10285,Corporate,Central,First Class,116312
CA-2018-149720,2018-06-04,EM-14065,Consumer,Central,Second Class,30336
CA-2018-149853,2018-10-03,PO-18850,Consumer,South,Standard Class,17344
CA-2018-149881,2018-04-01,NC-18535,Corporate,West,First Class,5282648
CA-2018-149888,2018-11-07,EP-13915,Consumer,East,Standard Class,386349
CA-2018-149895,2018-09-08,EB-14110,Consumer,East,Standard Class,258528
CA-2018-149944,2018-11-12,MB-17305,Consumer,West,Second Class,9436
CA-2018-150091,2018-10-12,NP-18670,Consumer,East,Standard Class,25821
CA-2018-150189,2018-07-08,VG-21790,Consumer,West,First Class,7518
CA-2018-150266,2018-11-25,RO-19780,Consumer,Central,Standard Class,140861
CA-2018-150420,2018-06-03,GD-14590,Corporate,West,Standard Class,10995
CA-2018-150469,2018-01-26,CJ-12010,Consumer,West,Standard Class,1184
CA-2018-150497,2018-07-20,SM-20950,Corporate,Central,Standard Class,73598
CA-2018-150504,2018-11-06,HG-14845,Consumer,Central,Standard Class,1816
CA-2018-150525,2018-02-20,JP-16135,Home Office,Central,Standard Class,1967
CA-2018-150602,2018-02-09,ML-17395,Corporate,West,Second Class,2112
CA-2018-150609,2018-04-30,NZ-18565,Home Office,West,Standard Class,2324
CA-2018-150623,2018-04-10,DB-13360,Home Office,East,Standard Class,38614
CA-2018-150707,2018-10-14,EL-13735,Home Office,East,Standard Class,3766
CA-2018-150910,2018-12-22,JL-15130,Consumer,South,Standard Class,1013488
CA-2018-150931,2018-01-06,DP-13390,Home Office,South,Standard Class,3374
CA-2018-150959,2018-11-11,TD-20995,Consumer,Central,First Class,19380
CA-2018-150987,2018-04-08,AH-10120,Home Office,West,Standard Class,44031
CA-2018-151008,2018-09-07,JM-16195,Consumer,West,First Class,15172
CA-2018-151071,2018-04-25,MB-18085,Consumer,West,Second Class,13904
CA-2018-151176,2018-02-13,SV-20785,Consumer,East,Standard Class,3573
CA-2018-151183,2018-10-14,BK-11260,Consumer,West,Standard Class,4636
CA-2018-151190,2018-06-27,GT-14710,Consumer,Central,Standard Class,2007
CA-2018-151211,2018-08-17,AH-10120,Home Office,South,Standard Class,20109
CA-2018-151218,2018-06-20,PJ-19015,Consumer,South,First Class,4464
CA-2018-151225,2018-10-27,JM-15655,Corporate,West,First Class,196772
CA-2018-151281,2018-04-27,HM-14980,Consumer,West,Standard Class,13958
CA-2018-151358,2018-08-18,NF-18595,Home Office,West,Standard Class,3231
CA-2018-151428,2018-09-21,RH-19495,Consumer,Central,Standard Class,2016
CA-2018-151484,2018-04-20,CV-12805,Corporate,East,First Class,478416
CA-2018-151596,2018-10-08,BP-11050,Corporate,East,First Class,4276
CA-2018-151750,2018-01-01,JM-15250,Consumer,Central,Standard Class,412697
CA-2018-151799,2018-12-14,BF-11170,Home Office,East,Standard Class,658264
CA-2018-151855,2018-05-27,BW-11110,Corporate,South,Standard Class,28398
CA-2018-151911,2018-04-30,DL-13495,Corporate,East,Second Class,6296
CA-2018-151981,2018-08-06,GM-14455,Home Office,East,Standard Class,107747
CA-2018-152079,2018-01-20,ML-17410,Consumer,Central,First Class,1152
CA-2018-152093,2018-09-10,SN-20560,Home Office,Central,Standard Class,762594
CA-2018-152135,2018-03-16,MG-17650,Home Office,East,Second Class,44544
CA-2018-152142,2018-11-14,LW-16990,Corporate,West,Standard Class,321568
CA-2018-152198,2018-09-09,JD-16015,Consumer,East,First Class,24456
CA-2018-152205,2018-09-28,SF-20965,Corporate,East,Standard Class,2655
CA-2018-152226,2018-05-12,JH-15910,Consumer,East,Standard Class,5904
CA-2018-152261,2018-03-02,JA-15970,Consumer,East,Standard Class,18528
CA-2018-152275,2018-10-01,KH-16630,Corporate,Central,Standard Class,6672
CA-2018-152310,2018-08-12,DK-12895,Consumer,West,Standard Class,414712
CA-2018-152436,2018-12-08,CW-11905,Home Office,East,Second Class,59274
CA-2018-152485,2018-09-04,JD-15790,Consumer,Central,Standard Class,28288
CA-2018-152499,2018-01-22,EH-13765,Corporate,Central,Second Class,9384
CA-2018-152583,2018-10-30,RA-19945,Consumer,Central,Same Day,321390
CA-2018-152660,2018-12-04,CB-12415,Consumer,Central,Standard Class,61568
CA-2018-152695,2018-12-10,CC-12220,Consumer,East,Same Day,43765
CA-2018-152702,2018-10-12,SN-20710,Home Office,Central,Standard Class,254604
CA-2018-152709,2018-10-07,DB-13210,Consumer,Central,Standard Class,8552
CA-2018-152737,2018-11-07,TS-21505,Consumer,West,Standard Class,26190
CA-2018-152786,2018-03-12,GA-14725,Consumer,South,Standard Class,4041
CA-2018-152807,2018-10-30,MC-18100,Consumer,East,Standard Class,43496
CA-2018-152856,2018-09-08,RS-19765,Corporate,East,Second Class,116832
CA-2018-152912,2018-11-09,BM-11650,Corporate,East,Second Class,301378
CA-2018-152926,2018-10-02,SC-20695,Corporate,Central,Second Class,37208
CA-2018-152933,2018-10-12,MG-17650,Home Office,Central,Standard Class,459100
CA-2018-152961,2018-01-15,SC-20095,Consumer,East,Standard Class,127
CA-2018-152968,2018-05-26,BM-11785,Consumer,South,Standard Class,2308
CA-2018-152975,2018-09-14,RB-19705,Home Office,East,First Class,177019
CA-2018-153045,2018-01-19,NS-18505,Consumer,East,Second Class,945231
CA-2018-153080,2018-05-22,EH-13945,Consumer,West,Second Class,6846
CA-2018-153227,2018-12-04,CS-12250,Corporate,West,First Class,1176
CA-2018-153339,2018-11-03,DJ-13510,Corporate,South,Second Class,15992
CA-2018-153654,2018-11-24,MD-17860,Corporate,South,Second Class,19008
CA-2018-153787,2018-05-19,AT-10735,Consumer,West,Standard Class,9716
CA-2018-153822,2018-09-19,AB-10105,Consumer,West,Standard Class,151218
CA-2018-153843,2018-03-13,SC-20380,Consumer,East,First Class,52316
CA-2018-154011,2018-06-19,DB-13270,Home Office,Central,Standard Class,464373
CA-2018-154039,2018-02-17,JK-16120,Home Office,Central,Standard Class,172888
CA-2018-154074,2018-08-31,BW-11110,Corporate,West,Second Class,584541
CA-2018-154088,2018-11-12,LB-16735,Consumer,South,Standard Class,2672
CA-2018-154102,2018-02-06,SN-20560,Home Office,West,Standard Class,299
CA-2018-154109,2018-11-06,ML-17410,Consumer,East,Standard Class,175324
CA-2018-154116,2018-12-15,KM-16660,Consumer,West,Standard Class,204491
CA-2018-154123,2018-11-20,SC-20050,Home Office,South,Standard Class,2758
CA-2018-154137,2018-11-11,MT-17815,Consumer,East,Standard Class,3548
CA-2018-154214,2018-03-20,TB-21595,Consumer,Central,Second Class,291
CA-2018-154410,2018-10-21,MD-17860,Corporate,Central,First Class,90912
CA-2018-154466,2018-01-01,DP-13390,Home Office,Central,First Class,36
CA-2018-154501,2018-04-30,EA-14035,Corporate,West,Standard Class,978
CA-2018-154676,2018-08-05,NZ-18565,Home Office,Central,First Class,151056
CA-2018-154718,2018-01-19,DL-12865,Consumer,Central,Second Class,6
CA-2018-154732,2018-11-05,AH-10195,Corporate,Central,First Class,1603
CA-2018-154760,2018-01-09,BP-11290,Consumer,East,Standard Class,274491
CA-2018-154809,2018-02-13,MH-17455,Consumer,Central,Standard Class,9064
CA-2018-154816,2018-11-06,VB-21745,Corporate,South,Standard Class,578
CA-2018-154907,2018-03-31,DS-13180,Corporate,Central,Standard Class,2053328
CA-2018-154935,2018-12-24,AR-10540,Consumer,East,Standard Class,1788
CA-2018-154949,2018-10-15,MC-17275,Consumer,West,Standard Class,1473
CA-2018-155047,2018-08-27,SE-20110,Consumer,Central,First Class,5952
CA-2018-155075,2018-12-02,GW-14605,Consumer,East,Standard Class,631176
CA-2018-155089,2018-12-02,DB-12910,Home Office,South,Standard Class,4566
CA-2018-155152,2018-07-07,MP-17965,Corporate,East,Second Class,252
CA-2018-155159,2018-11-25,DL-13315,Consumer,South,Second Class,4887
CA-2018-155292,2018-10-30,RD-19810,Home Office,South,First Class,17528
CA-2018-155362,2018-12-17,DP-13105,Corporate,Central,Standard Class,3256
CA-2018-155376,2018-12-22,SG-20080,Consumer,Central,Standard Class,83943
CA-2018-155460,2018-04-13,RW-19630,Corporate,West,First Class,90120
CA-2018-155558,2018-10-26,PG-18895,Consumer,Central,Standard Class,2615
CA-2018-155607,2018-11-26,FG-14260,Home Office,East,Standard Class,99217
CA-2018-155621,2018-11-08,KN-16450,Corporate,East,Standard Class,2742
CA-2018-155642,2018-05-18,BM-11575,Corporate,Central,Standard Class,24500
CA-2018-155698,2018-03-08,VB-21745,Corporate,South,First Class,64991
CA-2018-155705,2018-08-21,NF-18385,Consumer,South,Second Class,8664
CA-2018-155712,2018-03-02,KD-16615,Corporate,West,Standard Class,107648
CA-2018-155740,2018-07-30,TC-21475,Home Office,East,First Class,76776
CA-2018-155824,2018-03-10,KS-16300,Corporate,South,Standard Class,61876
CA-2018-155873,2018-06-16,AB-10255,Home Office,West,Standard Class,22828
CA-2018-155880,2018-03-25,JD-16150,Corporate,Central,Standard Class,198652
CA-2018-155929,2018-09-09,AI-10855,Consumer,West,Standard Class,6368
CA-2018-155936,2018-06-22,JK-15730,Consumer,Central,Standard Class,3036
CA-2018-155957,2018-11-26,CC-12610,Corporate,East,Standard Class,265408
CA-2018-155985,2018-03-23,BE-11335,Home Office,West,First Class,21184
CA-2018-156237,2018-09-14,PS-18760,Consumer,East,First Class,300204
CA-2018-156272,2018-03-21,PW-19030,Corporate,South,Standard Class,64384
CA-2018-156363,2018-10-22,ML-17395,Corporate,East,Standard Class,3495
CA-2018-156391,2018-09-26,SL-20155,Home Office,West,First Class,2224
CA-2018-156412,2018-12-04,CM-12160,Consumer,East,Standard Class,5346
CA-2018-156622,2018-11-23,JP-15460,Corporate,Central,First Class,248481
CA-2018-156664,2018-12-18,BP-11290,Consumer,East,Standard Class,151308
CA-2018-156720,2018-12-30,JM-15580,Consumer,West,Standard Class,3024
CA-2018-156769,2018-05-06,GZ-14470,Consumer,South,First Class,5466
CA-2018-156776,2018-08-07,JL-15505,Consumer,West,Standard Class,348990
CA-2018-156818,2018-07-11,JD-16015,Consumer,East,Second Class,1326
CA-2018-156895,2018-05-08,DJ-13510,Corporate,East,Standard Class,128058
CA-2018-156951,2018-10-01,EB-13840,Corporate,West,Standard Class,543368
CA-2018-156958,2018-12-05,PB-18805,Home Office,West,First Class,223615
CA-2018-157091,2018-06-26,DB-13405,Consumer,Central,Standard Class,52645
CA-2018-157112,2018-04-23,GG-14650,Corporate,East,First Class,6520
CA-2018-157196,2018-11-05,AA-10645,Consumer,West,Standard Class,1296
CA-2018-157252,2018-01-20,CV-12805,Corporate,East,Second Class,207846
CA-2018-157273,2018-01-30,SZ-20035,Home Office,West,First Class,604768
CA-2018-157350,2018-08-26,DP-13000,Consumer,Central,Standard Class,6496
CA-2018-157413,2018-06-01,BW-11065,Consumer,East,Standard Class,324744
CA-2018-157420,2018-11-21,HZ-14950,Consumer,Central,Same Day,55176
CA-2018-157448,2018-11-16,LC-16885,Consumer,West,Standard Class,13236
CA-2018-157469,2018-12-02,ES-14080,Corporate,East,Standard Class,170916
CA-2018-157483,2018-11-11,EP-13915,Consumer,Central,Standard Class,18186
CA-2018-157651,2018-12-10,HA-14920,Consumer,East,Standard Class,142
CA-2018-157672,2018-10-05,RB-19795,Home Office,West,First Class,63824
CA-2018-157833,2018-06-17,KD-16345,Consumer,West,First Class,51312
CA-2018-157854,2018-04-08,DM-13345,Corporate,South,Standard Class,274725
CA-2018-157903,2018-04-04,AM-10705,Consumer,Central,Standard Class,38384
CA-2018-157931,2018-09-17,MO-17800,Home Office,South,Second Class,83024
CA-2018-157966,2018-03-13,SU-20665,Home Office,Central,Same Day,1301158
CA-2018-157980,2018-12-07,SH-20395,Consumer,East,First Class,127984
CA-2018-157987,2018-09-02,AC-10615,Corporate,East,Standard Class,451107
CA-2018-158036,2018-09-08,DB-13555,Corporate,East,Standard Class,9096
CA-2018-158071,2018-06-10,BD-11320,Consumer,West,Standard Class,91490
CA-2018-158106,2018-06-04,CT-11995,Consumer,Central,Standard Class,864
CA-2018-158120,2018-11-17,KH-16330,Corporate,West,Standard Class,23766
CA-2018-158169,2018-08-12,JM-16195,Consumer,West,First Class,59786
CA-2018-158246,2018-11-09,JB-15400,Corporate,West,First Class,215976
CA-2018-158344,2018-08-07,CC-12475,Consumer,Central,Standard Class,6396
CA-2018-158379,2018-09-22,JA-15970,Consumer,East,Second Class,4749327
CA-2018-158386,2018-10-16,BO-11425,Consumer,South,Standard Class,12475
CA-2018-158407,2018-06-04,LW-16990,Corporate,South,Standard Class,103968
CA-2018-158561,2018-11-11,BB-11545,Corporate,South,Second Class,115812
CA-2018-158673,2018-12-29,KB-16600,Corporate,Central,Standard Class,2097
CA-2018-158722,2018-10-20,MA-17560,Home Office,East,Standard Class,45528
CA-2018-158729,2018-12-19,AC-10450,Consumer,South,First Class,166562
CA-2018-158736,2018-12-18,TT-21460,Home Office,West,Standard Class,576
CA-2018-158743,2018-10-20,IG-15085,Consumer,South,Standard Class,19917
CA-2018-158876,2018-11-19,AB-10150,Consumer,Central,Second Class,138696
CA-2018-158883,2018-06-02,CS-11860,Consumer,South,Same Day,25344
CA-2018-158953,2018-06-04,ML-18040,Corporate,Central,Standard Class,637
CA-2018-158967,2018-12-10,BT-11680,Consumer,South,First Class,19104
CA-2018-159100,2018-10-16,VP-21760,Corporate,South,Standard Class,1893786
CA-2018-159107,2018-06-24,KT-16480,Consumer,West,Second Class,288
CA-2018-159135,2018-11-04,KM-16375,Home Office,South,Standard Class,43
CA-2018-159149,2018-02-17,CR-12820,Home Office,Central,First Class,1346544
CA-2018-159156,2018-11-13,KB-16600,Corporate,East,First Class,62995
CA-2018-159226,2018-04-25,RL-19615,Consumer,West,Second Class,344981
CA-2018-159282,2018-10-16,GH-14410,Home Office,West,Standard Class,599985
CA-2018-159352,2018-03-12,KB-16585,Corporate,East,Standard Class,6993
CA-2018-159366,2018-01-07,BW-11110,Corporate,Central,First Class,3059982
CA-2018-159457,2018-10-19,RD-19480,Consumer,Central,Standard Class,1668
CA-2018-159464,2018-05-18,TB-21355,Corporate,South,First Class,52485
CA-2018-159506,2018-11-27,JR-16210,Corporate,Central,Standard Class,65622
CA-2018-159597,2018-11-09,MC-17590,Corporate,West,Standard Class,16355
CA-2018-159604,2018-04-14,CL-12700,Home Office,Central,First Class,876
CA-2018-159667,2018-11-09,PM-19135,Home Office,South,Standard Class,691144
CA-2018-159688,2018-05-07,AB-10060,Home Office,West,Standard Class,7999
CA-2018-159793,2018-08-25,SV-20365,Consumer,East,Standard Class,13098
CA-2018-159884,2018-08-31,JF-15490,Consumer,West,Standard Class,19120
CA-2018-159954,2018-09-10,SS-20410,Consumer,South,Standard Class,278
CA-2018-160017,2018-09-28,SP-20860,Corporate,South,Standard Class,10368
CA-2018-160031,2018-12-04,LT-16765,Consumer,East,Second Class,74352
CA-2018-160045,2018-04-26,LB-16735,Consumer,Central,First Class,1988
CA-2018-160087,2018-03-18,EN-13780,Consumer,Central,Standard Class,23832
CA-2018-160122,2018-11-18,RD-19930,Consumer,Central,Standard Class,182970
CA-2018-160325,2018-09-24,BP-11095,Corporate,East,Same Day,82983
CA-2018-160416,2018-11-13,AD-10180,Home Office,East,Second Class,16396
CA-2018-160423,2018-01-21,PS-19045,Home Office,South,Standard Class,383992
CA-2018-160458,2018-05-27,EH-13945,Consumer,South,Second Class,2592
CA-2018-160514,2018-11-12,DB-13120,Corporate,West,Standard Class,1056
CA-2018-160633,2018-11-16,BS-11380,Corporate,East,Standard Class,1000330
CA-2018-160661,2018-10-28,SA-20830,Consumer,East,Standard Class,2193
CA-2018-160724,2018-05-05,YS-21880,Corporate,South,Standard Class,345
CA-2018-160801,2018-09-19,FG-14260,Home Office,East,Same Day,4842
CA-2018-160885,2018-12-02,JK-16090,Consumer,Central,Standard Class,247996
CA-2018-160899,2018-08-11,DR-12940,Home Office,South,Second Class,47751
CA-2018-160934,2018-01-15,TT-21460,Home Office,West,Standard Class,214
CA-2018-160962,2018-04-28,MC-17605,Corporate,East,Standard Class,15232
CA-2018-160983,2018-10-29,GB-14530,Corporate,East,Second Class,4696
CA-2018-161018,2018-11-09,PN-18775,Home Office,East,Second Class,9653
CA-2018-161046,2018-03-05,CB-12535,Corporate,South,Same Day,83925
CA-2018-161053,2018-09-22,JE-15745,Consumer,South,First Class,72691
CA-2018-161067,2018-09-03,KB-16405,Home Office,East,Second Class,277315
CA-2018-161088,2018-05-25,MH-18115,Home Office,South,Standard Class,2984
CA-2018-161102,2018-07-31,EC-14050,Consumer,West,First Class,9352
CA-2018-161130,2018-11-03,BF-11275,Corporate,South,Standard Class,361376
CA-2018-161172,2018-03-16,SP-20920,Consumer,East,Same Day,315041
CA-2018-161200,2018-08-06,SV-20365,Consumer,South,Second Class,14728
CA-2018-161333,2018-02-02,JL-15835,Consumer,West,Standard Class,22998
CA-2018-161340,2018-05-28,AM-10360,Corporate,East,Standard Class,25468
CA-2018-161410,2018-06-26,CC-12220,Consumer,East,Standard Class,549498
CA-2018-161459,2018-11-25,EB-13750,Corporate,West,Second Class,7404
CA-2018-161480,2018-12-25,RA-19285,Consumer,East,Standard Class,191984
CA-2018-161557,2018-09-03,AG-10900,Consumer,Central,Standard Class,1084
CA-2018-161578,2018-12-16,RB-19465,Home Office,West,Second Class,2925
CA-2018-161592,2018-04-06,CS-12175,Corporate,South,Standard Class,81
CA-2018-161655,2018-05-13,CW-11905,Home Office,East,Second Class,29952
CA-2018-161739,2018-11-10,EB-13750,Corporate,Central,Second Class,34196
CA-2018-161774,2018-05-14,GT-14710,Consumer,Central,First Class,223213
CA-2018-161809,2018-01-20,TH-21100,Consumer,West,Standard Class,160776
CA-2018-161823,2018-09-03,AG-10300,Corporate,West,Standard Class,596
CA-2018-161851,2018-04-15,BP-11095,Corporate,South,First Class,1557
CA-2018-161893,2018-01-23,HP-14815,Home Office,West,Standard Class,100922
CA-2018-161956,2018-08-27,DR-12880,Corporate,West,Second Class,1812079
CA-2018-161970,2018-09-22,PB-19105,Consumer,South,Standard Class,3090
CA-2018-161984,2018-04-10,SJ-20125,Home Office,East,Standard Class,1477
CA-2018-162015,2018-07-11,KB-16240,Corporate,West,Standard Class,130426
CA-2018-162033,2018-03-26,EM-14200,Home Office,South,Standard Class,5701
CA-2018-162075,2018-03-18,TT-21220,Consumer,Central,Standard Class,537544
CA-2018-162096,2018-11-10,TB-21190,Home Office,West,Same Day,78
CA-2018-162173,2018-10-26,OT-18730,Consumer,South,Standard Class,60843
CA-2018-162250,2018-11-24,PR-18880,Consumer,West,Same Day,778
CA-2018-162474,2018-03-13,FH-14275,Corporate,Central,First Class,7992
CA-2018-162481,2018-09-25,CT-11995,Consumer,Central,Standard Class,27823
CA-2018-162565,2018-12-11,RR-19315,Consumer,Central,Same Day,538604
CA-2018-162572,2018-09-25,RB-19360,Consumer,East,Second Class,22604
CA-2018-162635,2018-10-09,EB-14170,Consumer,South,First Class,10816
CA-2018-162691,2018-08-01,AS-10045,Corporate,Central,Standard Class,1476270
CA-2018-162712,2018-06-18,NK-18490,Home Office,Central,Second Class,74352
CA-2018-162789,2018-09-22,LC-17140,Consumer,East,Second Class,2278
CA-2018-162880,2018-12-25,GD-14590,Corporate,West,Standard Class,3856
CA-2018-162929,2018-11-19,AS-10135,Home Office,East,First Class,5464
CA-2018-162936,2018-08-18,CM-12160,Consumer,East,Standard Class,2318
CA-2018-162978,2018-05-04,LW-16990,Corporate,West,Standard Class,321061
CA-2018-163006,2018-06-30,GH-14410,Home Office,Central,Second Class,1584866
CA-2018-163020,2018-09-15,MO-17800,Home Office,East,Standard Class,3556
CA-2018-163069,2018-08-18,PJ-19015,Consumer,East,Second Class,9912
CA-2018-163097,2018-08-27,SF-20200,Consumer,West,Standard Class,120576
CA-2018-163125,2018-10-09,MB-17305,Consumer,Central,Second Class,321202
CA-2018-163139,2018-12-01,CC-12670,Consumer,East,Second Class,25944
CA-2018-163160,2018-10-13,TS-21610,Consumer,Central,First Class,170572
CA-2018-163188,2018-11-07,EC-14050,Consumer,Central,Same Day,3816
CA-2018-163209,2018-05-03,MK-18160,Consumer,West,Standard Class,4888
CA-2018-163265,2018-02-16,JS-16030,Consumer,Central,Standard Class,705002
CA-2018-163321,2018-08-07,FM-14380,Consumer,South,Second Class,79992
CA-2018-163335,2018-09-24,AG-10675,Consumer,South,First Class,7900
CA-2018-163405,2018-12-21,BN-11515,Consumer,West,Standard Class,1251
CA-2018-163510,2018-12-25,JW-15955,Consumer,South,Second Class,40039
CA-2018-163531,2018-06-26,SC-20725,Consumer,East,Standard Class,23997
CA-2018-163671,2018-12-24,DP-13105,Corporate,West,Standard Class,21312
CA-2018-163692,2018-09-07,Dp-13240,Home Office,West,First Class,7857
CA-2018-163818,2018-10-04,PS-18970,Home Office,East,Standard Class,1998
CA-2018-163860,2018-12-28,LO-17170,Corporate,Central,Standard Class,121804
CA-2018-163874,2018-11-10,NC-18535,Corporate,West,Second Class,26352
CA-2018-163902,2018-03-02,MY-17380,Corporate,West,Standard Class,244770
CA-2018-163979,2018-12-28,KH-16690,Corporate,West,Second Class,72584
CA-2018-164000,2018-12-18,AH-10030,Corporate,East,Standard Class,18704
CA-2018-164042,2018-05-23,KL-16645,Consumer,Central,Standard Class,53660
CA-2018-164049,2018-11-02,KH-16630,Corporate,West,Standard Class,2385
CA-2018-164098,2018-01-26,CG-12520,Consumer,Central,First Class,1816
CA-2018-164112,2018-06-30,ND-18460,Corporate,East,Standard Class,108542
CA-2018-164168,2018-11-12,LS-16975,Home Office,Central,Standard Class,228856
CA-2018-164329,2018-01-30,MM-17920,Consumer,West,Same Day,1293
CA-2018-164364,2018-11-12,CS-12355,Consumer,West,Standard Class,4710
CA-2018-164378,2018-07-15,MM-18055,Consumer,East,Second Class,666900
CA-2018-164707,2018-02-18,CV-12805,Corporate,West,Second Class,179911
CA-2018-164756,2018-09-18,SS-20140,Corporate,South,Standard Class,99783
CA-2018-164819,2018-10-15,RS-19420,Corporate,East,Second Class,1305
CA-2018-164826,2018-12-28,JF-15415,Consumer,East,Standard Class,43390
CA-2018-164917,2018-12-02,MK-17905,Corporate,South,Standard Class,4796
CA-2018-164959,2018-07-11,KN-16390,Corporate,West,Standard Class,867
CA-2018-165008,2018-09-15,DO-13645,Consumer,West,Second Class,295056
CA-2018-165029,2018-11-26,AH-10075,Corporate,South,Standard Class,1284
CA-2018-165099,2018-12-11,DK-13375,Consumer,Central,First Class,1392
CA-2018-165155,2018-09-21,BM-11575,Corporate,West,First Class,1551
CA-2018-165204,2018-11-13,MN-17935,Consumer,South,Second Class,728968
CA-2018-165323,2018-06-17,SR-20740,Home Office,East,Standard Class,44179
CA-2018-165386,2018-08-03,CM-12190,Consumer,Central,First Class,183372
CA-2018-165491,2018-03-20,HW-14935,Corporate,West,Standard Class,26593
CA-2018-165603,2018-10-17,SS-20140,Corporate,East,Second Class,6292
CA-2018-165687,2018-11-17,CS-12355,Consumer,South,Standard Class,3504
CA-2018-165715,2018-12-02,BG-11035,Consumer,South,Standard Class,32776
CA-2018-165757,2018-06-22,PL-18925,Home Office,East,Standard Class,50415
CA-2018-165841,2018-12-21,DB-13210,Consumer,East,Standard Class,45536
CA-2018-165904,2018-04-07,HR-14770,Home Office,South,Standard Class,235440
CA-2018-166093,2018-08-17,RW-19540,Corporate,West,Standard Class,603502
CA-2018-166128,2018-04-11,LW-17215,Consumer,West,Standard Class,24181
CA-2018-166142,2018-07-15,MM-17260,Consumer,East,Standard Class,313098
CA-2018-166184,2018-03-24,HR-14830,Corporate,East,First Class,259546
CA-2018-166198,2018-04-21,JW-15955,Consumer,West,First Class,2780
CA-2018-166296,2018-03-13,KF-16285,Home Office,West,Standard Class,31455
CA-2018-166317,2018-09-22,JE-15610,Corporate,Central,Standard Class,43801
CA-2018-166415,2018-02-19,ME-17725,Consumer,West,Standard Class,1122
CA-2018-166436,2018-11-24,TS-21370,Corporate,East,Standard Class,977880
CA-2018-166576,2018-05-16,JM-15865,Consumer,East,First Class,221024
CA-2018-166695,2018-05-20,CC-12430,Home Office,West,Standard Class,522402
CA-2018-166709,2018-11-17,HL-15040,Consumer,East,Standard Class,1049997
CA-2018-166835,2018-11-12,DK-13375,Consumer,East,Second Class,221024
CA-2018-166849,2018-04-20,SJ-20125,Home Office,Central,Standard Class,444
CA-2018-166856,2018-09-18,TS-21505,Consumer,West,Standard Class,11142
CA-2018-166898,2018-09-11,KH-16630,Corporate,West,Second Class,145896
CA-2018-166919,2018-11-23,AH-10210,Consumer,Central,Standard Class,19596
CA-2018-166926,2018-12-01,SO-20335,Consumer,West,Standard Class,18382
CA-2018-166933,2018-04-24,MG-17890,Home Office,West,Standard Class,181
CA-2018-167003,2018-05-23,VS-21820,Consumer,West,Standard Class,171288
CA-2018-167017,2018-11-23,DC-12850,Consumer,Central,First Class,436
CA-2018-167080,2018-06-10,LC-16930,Corporate,East,Standard Class,84
CA-2018-167094,2018-10-21,DK-12835,Corporate,West,First Class,53316
CA-2018-167101,2018-03-24,BM-11650,Corporate,East,Second Class,22218
CA-2018-167150,2018-12-10,BP-11185,Corporate,West,Standard Class,85504
CA-2018-167227,2018-11-02,NP-18670,Consumer,Central,First Class,2015
CA-2018-167381,2018-09-22,EH-14005,Home Office,Central,Second Class,26968
CA-2018-167395,2018-12-02,KM-16720,Consumer,East,First Class,127117
CA-2018-167542,2018-08-13,KD-16495,Corporate,East,Standard Class,17544
CA-2018-167549,2018-07-25,EM-14200,Home Office,Central,First Class,298116
CA-2018-167626,2018-09-03,MY-18295,Corporate,Central,Standard Class,9912
CA-2018-167640,2018-03-06,FC-14245,Home Office,West,Standard Class,238617
CA-2018-167661,2018-10-05,MP-18175,Home Office,West,Standard Class,30124
CA-2018-167668,2018-05-06,TC-21295,Consumer,East,First Class,592
CA-2018-167703,2018-02-03,MC-17575,Consumer,East,Standard Class,290781
CA-2018-167752,2018-01-15,RW-19690,Consumer,East,First Class,226800
CA-2018-167871,2018-11-18,AF-10870,Consumer,South,Standard Class,47328
CA-2018-167899,2018-05-21,JG-15805,Corporate,East,Standard Class,53802
CA-2018-167913,2018-07-30,JL-15835,Consumer,West,Second Class,5929
CA-2018-167941,2018-11-06,JF-15565,Consumer,South,Second Class,831368
CA-2018-167976,2018-11-11,JL-15505,Consumer,Central,Second Class,255
CA-2018-168102,2018-04-24,CP-12340,Corporate,South,Standard Class,113568
CA-2018-168109,2018-07-03,JK-15640,Home Office,West,Same Day,54820
CA-2018-168123,2018-03-05,JD-16060,Consumer,Central,Same Day,36860
CA-2018-168172,2018-08-06,SH-20395,Consumer,East,Standard Class,7012
CA-2018-168179,2018-11-02,JB-16000,Consumer,West,Standard Class,1944
CA-2018-168193,2018-03-06,RM-19750,Consumer,East,Second Class,9835
CA-2018-168228,2018-04-27,AP-10915,Consumer,West,First Class,14104
CA-2018-168389,2018-12-11,DV-13045,Corporate,South,Standard Class,873811
CA-2018-168396,2018-08-03,BD-11725,Consumer,West,Second Class,17571
CA-2018-168403,2018-09-09,DK-12835,Corporate,West,Standard Class,42280
CA-2018-168641,2018-11-24,KA-16525,Consumer,East,Standard Class,341298
CA-2018-168655,2018-10-12,ML-18040,Corporate,West,Standard Class,80467
CA-2018-168739,2018-05-29,HZ-14950,Consumer,Central,Standard Class,65424
CA-2018-168837,2018-10-14,JW-15955,Consumer,West,First Class,946
CA-2018-168858,2018-11-19,JD-16150,Corporate,East,Standard Class,252148
CA-2018-168900,2018-05-04,SH-20395,Consumer,East,Standard Class,2313
CA-2018-168942,2018-08-01,EM-13960,Consumer,West,Second Class,18654
CA-2018-169005,2018-11-02,BG-11035,Consumer,South,Standard Class,556
CA-2018-169012,2018-07-10,BF-11275,Corporate,South,Standard Class,4191
CA-2018-169054,2018-04-22,MO-17800,Home Office,East,Standard Class,254352
CA-2018-169124,2018-07-03,MB-17305,Consumer,West,Standard Class,12939
CA-2018-169264,2018-08-14,NP-18700,Consumer,West,Second Class,2244
CA-2018-169285,2018-03-21,RW-19690,Consumer,Central,Standard Class,3352
CA-2018-169362,2018-10-12,SP-20860,Corporate,Central,First Class,39984
CA-2018-169404,2018-04-09,NC-18625,Corporate,East,Standard Class,103480
CA-2018-169411,2018-12-24,AC-10615,Corporate,East,Standard Class,3793
CA-2018-169439,2018-09-09,LC-17140,Consumer,East,Standard Class,68704
CA-2018-169474,2018-02-04,JF-15355,Consumer,East,Standard Class,3267
CA-2018-169691,2018-06-15,Dp-13240,Home Office,Central,First Class,10693
CA-2018-169810,2018-07-25,RB-19360,Consumer,Central,Standard Class,2023
CA-2018-169817,2018-09-21,EB-13870,Consumer,East,Standard Class,1908
CA-2018-169859,2018-12-14,MP-18175,Home Office,West,Standard Class,9558
CA-2018-169894,2018-11-24,MV-17485,Consumer,West,Second Class,436596
CA-2018-169901,2018-06-15,CC-12550,Consumer,West,Standard Class,47976
CA-2018-169929,2018-09-25,LS-17200,Corporate,West,First Class,399
CA-2018-169978,2018-12-24,HG-15025,Consumer,East,Standard Class,286140
US-2015-100279,2015-03-10,SW-20275,Consumer,Central,Standard Class,2238
US-2015-100853,2015-09-14,JB-15400,Corporate,Central,Standard Class,54464
US-2015-102071,2015-05-09,PG-18820,Consumer,West,Standard Class,17475
US-2015-102631,2015-12-13,EB-13840,Corporate,Central,Standard Class,94428
US-2015-102715,2015-04-11,JK-15370,Consumer,South,Second Class,737200
US-2015-103338,2015-03-11,RB-19435,Consumer,West,Standard Class,798
US-2015-103905,2015-07-14,AW-10930,Home Office,Central,Standard Class,68204
US-2015-104759,2015-03-31,DD-13570,Consumer,Central,Standard Class,88118
US-2015-105137,2015-10-10,RB-19435,Consumer,East,Same Day,120258
US-2015-105151,2015-03-30,SG-20890,Corporate,East,First Class,105
US-2015-105767,2015-05-23,AR-10510,Consumer,East,Standard Class,79638
US-2015-106299,2015-08-02,NZ-18565,Home Office,Central,Standard Class,84317
US-2015-106334,2015-12-27,JF-15490,Consumer,West,Standard Class,24312
US-2015-106992,2015-09-19,SB-20290,Corporate,Central,Second Class,5579940
US-2015-107405,2015-03-21,TS-21205,Corporate,South,Standard Class,16272
US-2015-107699,2015-05-19,JH-15820,Consumer,Central,Standard Class,5742
US-2015-107993,2015-11-25,SE-20110,Consumer,West,Standard Class,51016
US-2015-109036,2015-12-20,KH-16510,Consumer,West,Standard Class,3105
US-2015-109162,2015-06-08,KE-16420,Corporate,South,Standard Class,170352
US-2015-109456,2015-10-16,LS-17245,Consumer,West,Same Day,32349
US-2015-110674,2015-02-12,SC-20095,Consumer,West,Standard Class,129568
US-2015-111171,2015-12-26,CA-12265,Consumer,Central,Standard Class,869
US-2015-111353,2015-11-29,PB-19150,Consumer,East,Standard Class,2506
US-2015-112200,2015-11-22,TC-21475,Home Office,Central,Standard Class,998
US-2015-112564,2015-04-23,TS-21160,Corporate,East,First Class,2502
US-2015-112795,2015-08-23,CR-12625,Home Office,Central,Second Class,1944
US-2015-112872,2015-12-06,RC-19960,Consumer,West,Second Class,80973
US-2015-112914,2015-09-25,MT-18070,Home Office,Central,Standard Class,3045108
US-2015-112949,2015-06-20,Co-12640,Consumer,Central,Standard Class,5071
US-2015-112991,2015-12-10,SH-19975,Corporate,West,Standard Class,350080
US-2015-113124,2015-03-30,NC-18340,Consumer,Central,Standard Class,1293
US-2015-114188,2015-05-20,RF-19345,Corporate,East,Second Class,21166
US-2015-114377,2015-11-05,BG-11035,Consumer,South,Same Day,1499
US-2015-115189,2015-12-30,AR-10345,Corporate,East,Second Class,775728
US-2015-115196,2015-09-09,DL-12925,Consumer,South,Standard Class,129999
US-2015-115413,2015-08-26,PP-18955,Home Office,East,Standard Class,15861
US-2015-115987,2015-09-08,LH-17020,Consumer,Central,Second Class,51184
US-2015-117058,2015-05-27,LE-16810,Consumer,Central,First Class,1746
US-2015-117135,2015-06-21,NP-18325,Consumer,South,Second Class,42567
US-2015-117163,2015-01-27,EJ-13720,Consumer,West,Standard Class,9700
US-2015-117170,2015-09-17,KT-16465,Consumer,South,Standard Class,52608
US-2015-117744,2015-12-02,MD-17860,Corporate,Central,Standard Class,26296
US-2015-117968,2015-08-05,RS-19420,Corporate,East,Second Class,121738
US-2015-118486,2015-04-06,SD-20485,Home Office,East,First Class,281852
US-2015-118997,2015-04-08,RA-19885,Corporate,South,Standard Class,121592
US-2015-119081,2015-09-12,TA-21385,Home Office,Central,Standard Class,73619
US-2015-119137,2015-07-23,AG-10900,Consumer,West,Standard Class,1073580
US-2015-120175,2015-11-28,MC-17635,Corporate,Central,Standard Class,6402
US-2015-120236,2015-09-03,MR-17545,Home Office,Central,First Class,768
US-2015-120313,2015-10-31,NL-18310,Home Office,West,Second Class,73584
US-2015-120740,2015-04-15,PS-18970,Home Office,West,Same Day,29472
US-2015-121566,2015-06-30,CS-11860,Consumer,East,Standard Class,2754
US-2015-121734,2015-04-11,SE-20110,Consumer,West,Standard Class,9584
US-2015-122021,2015-10-15,AC-10660,Consumer,East,First Class,191340
US-2015-122959,2015-12-12,CY-12745,Corporate,Central,Same Day,210392
US-2015-123183,2015-11-19,GR-14560,Corporate,East,Standard Class,125117
US-2015-123519,2015-12-14,SS-20875,Consumer,East,Standard Class,42673
US-2015-124625,2015-11-03,SP-20650,Corporate,Central,Standard Class,8997
US-2015-125521,2015-03-14,CK-12325,Home Office,South,Standard Class,113992
US-2015-126340,2015-11-08,EB-13870,Consumer,West,Standard Class,333576
US-2015-126571,2015-10-11,JF-15565,Consumer,East,Standard Class,483336
US-2015-127635,2015-09-14,SC-20260,Corporate,Central,Second Class,22444
US-2015-127978,2015-03-03,JS-15595,Corporate,East,Standard Class,76429
US-2015-128685,2015-04-04,MZ-17515,Corporate,West,First Class,7184
US-2015-129609,2015-03-22,VM-21835,Consumer,Central,Same Day,1628
US-2015-130358,2015-06-23,DL-13330,Consumer,South,First Class,23120
US-2015-130379,2015-05-25,JL-15235,Consumer,Central,Standard Class,3688
US-2015-131275,2015-03-18,SC-20050,Home Office,West,Standard Class,1465698
US-2015-131870,2015-09-09,NF-18595,Home Office,East,First Class,91488
US-2015-131982,2015-03-07,NP-18685,Home Office,West,Second Class,107648
US-2015-132745,2015-10-01,NF-18475,Home Office,West,Standard Class,471
US-2015-133130,2015-09-27,TH-21100,Consumer,West,Standard Class,68590
US-2015-133949,2015-12-31,JL-15175,Home Office,West,Same Day,475944
US-2015-134054,2015-10-10,FC-14335,Corporate,West,Same Day,25585
US-2015-134187,2015-11-04,TH-21235,Corporate,West,Standard Class,294
US-2015-134614,2015-09-20,PF-19165,Consumer,Central,Standard Class,6177
US-2015-134712,2015-11-29,BS-11380,Corporate,Central,Standard Class,12624
US-2015-134733,2015-09-23,BM-11650,Corporate,West,Standard Class,519983
US-2015-134971,2015-06-07,BP-11095,Corporate,Central,Second Class,12462
US-2015-135881,2015-05-23,GT-14710,Consumer,East,Standard Class,23116
US-2015-135972,2015-09-21,JG-15115,Consumer,West,Second Class,426381
US-2015-137155,2015-11-01,DL-12925,Consumer,East,Standard Class,73356
US-2015-137680,2015-02-24,JH-15430,Consumer,West,Standard Class,55672
US-2015-137869,2015-03-28,CV-12295,Consumer,Central,Standard Class,119084
US-2015-138247,2015-12-24,BF-11170,Home Office,West,Standard Class,1038946
US-2015-138758,2015-07-07,JL-15835,Consumer,East,Standard Class,241194
US-2015-138828,2015-09-02,KD-16345,Consumer,East,First Class,7269
US-2015-138835,2015-09-10,DA-13450,Home Office,South,Standard Class,964
US-2015-139500,2015-11-16,AB-10165,Consumer,Central,Standard Class,37296
US-2015-140116,2015-03-10,KT-16480,Consumer,West,Standard Class,719576
US-2015-140452,2015-12-06,BK-11260,Consumer,Central,Standard Class,85005
US-2015-140914,2015-11-11,BH-11710,Consumer,Central,Standard Class,808928
US-2015-141215,2015-06-15,KL-16555,Corporate,Central,Standard Class,906430
US-2015-141257,2015-06-08,CS-11950,Consumer,West,Standard Class,585552
US-2015-143231,2015-12-31,GM-14455,Home Office,East,First Class,12029
US-2015-143581,2015-08-19,BS-11365,Corporate,South,Standard Class,34491
US-2015-143707,2015-03-01,HR-14770,Home Office,East,Standard Class,594
US-2015-143721,2015-11-23,DK-12835,Corporate,Central,Second Class,155372
US-2015-144078,2015-11-25,RB-19435,Consumer,West,Standard Class,780080
US-2015-146353,2015-10-14,JE-15610,Corporate,East,Second Class,4991
US-2015-147606,2015-11-26,JE-15745,Consumer,Central,Second Class,193
US-2015-147627,2015-01-20,HL-15040,Consumer,South,Standard Class,182466
US-2015-147648,2015-11-26,LS-16975,Home Office,West,Standard Class,8198
US-2015-147704,2015-11-16,SR-20740,Home Office,Central,Standard Class,30860
US-2015-147774,2015-01-20,MM-18280,Corporate,South,Standard Class,67194
US-2015-148194,2015-05-04,BS-11365,Corporate,West,First Class,6986
US-2015-148838,2015-03-17,CP-12340,Corporate,East,Standard Class,3284220
US-2015-149034,2015-11-19,RD-19900,Consumer,East,First Class,47496
US-2015-150119,2015-04-23,LB-16795,Home Office,East,Standard Class,592568
US-2015-150126,2015-07-27,AS-10045,Corporate,East,Standard Class,6578
US-2015-150434,2015-07-19,CA-12310,Corporate,East,Standard Class,45523
US-2015-150532,2015-07-14,PB-19150,Consumer,West,Standard Class,5592
US-2015-150574,2015-12-19,MK-18160,Consumer,South,Standard Class,7290
US-2015-150924,2015-09-12,PT-19090,Consumer,Central,Second Class,518
US-2015-151015,2015-10-14,BD-11500,Consumer,Central,Standard Class,344274
US-2015-151925,2015-09-26,KT-16465,Consumer,West,Second Class,145568
US-2015-152030,2015-12-26,AD-10180,Home Office,Central,Second Class,600558
US-2015-152723,2015-09-26,HG-14965,Corporate,Central,Same Day,876
US-2015-154655,2015-10-12,BP-11050,Corporate,Central,Standard Class,2224
US-2015-154879,2015-05-06,SN-20710,Home Office,West,Standard Class,11372
US-2015-155502,2015-01-26,SD-20485,Home Office,South,Standard Class,94461
US-2015-155544,2015-03-21,GM-14440,Consumer,South,Standard Class,251920
US-2015-155817,2015-10-03,SL-20155,Home Office,South,Standard Class,67760
US-2015-155894,2015-07-26,CL-11890,Consumer,Central,Second Class,123552
US-2015-156216,2015-09-13,EA-14035,Corporate,South,Standard Class,18648
US-2015-156559,2015-08-19,LH-16900,Consumer,South,Standard Class,63882
US-2015-157021,2015-04-01,KM-16720,Consumer,West,Second Class,17384
US-2015-157070,2015-06-01,QJ-19255,Corporate,Central,Standard Class,20408
US-2015-157385,2015-11-23,SC-20095,Consumer,West,First Class,103719
US-2015-157406,2015-04-25,DA-13450,Home Office,Central,Standard Class,10992
US-2015-157847,2015-04-02,SC-20020,Consumer,Central,Second Class,36160
US-2015-158057,2015-03-22,CC-12685,Consumer,South,Standard Class,59109
US-2015-158365,2015-04-12,SV-20785,Consumer,Central,Standard Class,324
US-2015-158400,2015-10-25,AH-10030,Corporate,West,First Class,49408
US-2015-158638,2015-09-17,AG-10765,Home Office,East,Standard Class,5892
US-2015-159611,2015-12-27,KB-16315,Consumer,East,Second Class,194168
US-2015-159618,2015-11-12,DB-12970,Corporate,Central,Standard Class,815060
US-2015-159926,2015-11-18,CS-11950,Consumer,East,Standard Class,730009
US-2015-160444,2015-07-05,DC-12850,Consumer,Central,Same Day,502200
US-2015-160780,2015-06-21,SV-20785,Consumer,West,Same Day,36252
US-2015-161305,2015-06-06,SB-20170,Consumer,Central,Standard Class,38572
US-2015-161613,2015-12-01,MC-17605,Corporate,Central,Second Class,674058
US-2015-163146,2015-05-16,CC-12475,Consumer,West,Standard Class,564
US-2015-163797,2015-04-08,PC-19000,Home Office,West,Standard Class,49792
US-2015-164616,2015-08-19,MS-17770,Consumer,East,Second Class,85960
US-2015-164644,2015-07-22,JL-15850,Consumer,Central,Second Class,26632
US-2015-164763,2015-03-17,MH-17440,Corporate,South,Standard Class,8766
US-2015-165589,2015-02-18,TB-21595,Consumer,Central,Same Day,2516
US-2015-165659,2015-06-01,LT-17110,Consumer,South,Standard Class,88415
US-2015-165862,2015-07-13,GK-14620,Corporate,West,Standard Class,351216
US-2015-166310,2015-09-21,JS-15940,Home Office,Central,First Class,8544
US-2015-166828,2015-08-22,JF-15415,Consumer,Central,First Class,1156
US-2015-167262,2015-10-31,AC-10450,Consumer,West,Second Class,742336
US-2015-167633,2015-09-30,BW-11200,Consumer,South,Standard Class,15552
US-2015-167738,2015-12-24,JC-16105,Corporate,West,Standard Class,306558
US-2015-168501,2015-11-21,JK-15325,Corporate,Central,Standard Class,28428
US-2015-169390,2015-02-07,CS-12250,Corporate,East,Second Class,6496
US-2015-169789,2015-12-30,MF-17665,Corporate,West,Standard Class,551985
US-2016-100069,2016-06-29,NF-18475,Home Office,Central,Standard Class,26998
US-2016-100377,2016-08-28,TS-21370,Corporate,Central,Standard Class,279996
US-2016-100531,2016-09-27,NM-18520,Consumer,Central,First Class,25796
US-2016-101399,2016-01-17,JS-15940,Home Office,Central,Standard Class,254744
US-2016-101511,2016-11-21,JE-15745,Consumer,East,Second Class,398390
US-2016-103471,2016-12-24,JR-15670,Consumer,West,Standard Class,591462
US-2016-103996,2016-03-29,RB-19435,Consumer,West,Second Class,29568
US-2016-104185,2016-09-03,JB-15400,Corporate,East,Second Class,12033
US-2016-104430,2016-10-22,LT-17110,Consumer,Central,Standard Class,5176
US-2016-105676,2016-12-01,NM-18520,Consumer,Central,Same Day,6688
US-2016-106495,2016-06-15,AC-10450,Consumer,South,First Class,11672
US-2016-106873,2016-09-24,KM-16720,Consumer,West,Second Class,31272
US-2016-107349,2016-07-13,SL-20155,Home Office,Central,First Class,41568
US-2016-107944,2016-03-23,AM-10360,Corporate,West,First Class,43269
US-2016-108966,2016-10-11,SO-20335,Consumer,South,Standard Class,9598143
US-2016-109015,2016-09-06,BS-11590,Corporate,East,Standard Class,34637
US-2016-110163,2016-11-01,GA-14725,Consumer,West,First Class,788
US-2016-110261,2016-12-19,PR-18880,Consumer,Central,Second Class,158376
US-2016-110569,2016-05-23,EB-13870,Consumer,West,Standard Class,140986
US-2016-111927,2016-11-14,LS-17230,Consumer,East,Standard Class,9610
US-2016-112508,2016-03-24,BP-11185,Corporate,South,Standard Class,6992
US-2016-113327,2016-05-26,BF-11170,Home Office,South,Second Class,352168
US-2016-113593,2016-04-18,NC-18415,Consumer,West,First Class,11544
US-2016-114741,2016-12-06,IL-15100,Consumer,West,Standard Class,134727
US-2016-114839,2016-04-26,PW-19240,Consumer,Central,Standard Class,408422
US-2016-115238,2016-04-30,JW-15220,Corporate,East,Standard Class,4248
US-2016-115343,2016-09-22,FO-14305,Consumer,East,First Class,618532
US-2016-117184,2016-05-17,ON-18715,Corporate,Central,Standard Class,17416
US-2016-117492,2016-08-07,NS-18640,Corporate,East,First Class,7758
US-2016-118766,2016-10-15,LS-16975,Home Office,Central,Standard Class,4860
US-2016-118906,2016-03-10,KB-16585,Corporate,East,Same Day,8982
US-2016-118983,2016-11-22,HP-14815,Home Office,Central,Standard Class,9425
US-2016-119312,2016-10-02,CS-12400,Home Office,West,Second Class,27034
US-2016-120161,2016-12-18,LM-17065,Consumer,East,Standard Class,646776
US-2016-120502,2016-04-13,BT-11395,Corporate,West,Standard Class,269928
US-2016-120572,2016-12-11,GH-14425,Consumer,South,Standard Class,12828
US-2016-120712,2016-12-20,CS-12130,Consumer,Central,Standard Class,888
US-2016-120957,2016-12-07,KH-16690,Corporate,West,Same Day,1296
US-2016-122140,2016-04-02,MO-17950,Consumer,Central,Standard Class,85180
US-2016-122784,2016-07-20,RA-19915,Consumer,Central,Standard Class,630159
US-2016-122910,2016-05-12,LT-16765,Consumer,West,Standard Class,201584
US-2016-123218,2016-12-20,KD-16345,Consumer,Central,Standard Class,775010
US-2016-123918,2016-10-15,CG-12520,Consumer,Central,Same Day,136720
US-2016-123960,2016-06-11,BD-11605,Consumer,South,Standard Class,7966
US-2016-124219,2016-08-07,KW-16570,Consumer,Central,First Class,21578
US-2016-125374,2016-03-23,JD-16060,Consumer,Central,Standard Class,107772
US-2016-126214,2016-12-21,JS-15880,Consumer,West,Second Class,162833
US-2016-126235,2016-10-15,GA-14725,Consumer,Central,Same Day,1714
US-2016-126753,2016-08-16,SP-20860,Corporate,East,Standard Class,832446
US-2016-126977,2016-09-17,PF-19120,Consumer,East,Standard Class,4678096
US-2016-127040,2016-12-06,SG-20605,Consumer,East,Standard Class,178217
US-2016-128090,2016-08-16,JM-15865,Consumer,West,Standard Class,503828
US-2016-128587,2016-12-24,HM-14860,Corporate,Central,Standard Class,490961
US-2016-129553,2016-07-27,PG-18820,Consumer,South,Standard Class,2997
US-2016-129637,2016-12-17,MC-18100,Consumer,Central,Standard Class,222880
US-2016-130491,2016-02-08,BH-11710,Consumer,Central,First Class,2111
US-2016-130512,2016-08-21,SM-20320,Home Office,East,Standard Class,837444
US-2016-130519,2016-09-15,NG-18355,Corporate,South,Same Day,111904
US-2016-131359,2016-10-30,FA-14230,Corporate,West,Second Class,524270
US-2016-131842,2016-12-05,RR-19525,Corporate,South,First Class,97424
US-2016-132836,2016-06-01,AJ-10945,Consumer,Central,Standard Class,73676
US-2016-134026,2016-04-26,JE-15745,Consumer,South,Standard Class,914424
US-2016-134271,2016-04-18,RF-19735,Consumer,East,Second Class,2193
US-2016-134558,2016-12-19,PM-19135,Home Office,East,Second Class,1278454
US-2016-136259,2016-11-05,CB-12415,Consumer,East,First Class,7490
US-2016-136427,2016-06-20,JM-16195,Consumer,West,First Class,125944
US-2016-136476,2016-04-05,GG-14650,Corporate,South,Standard Class,157794
US-2016-136749,2016-12-25,LH-16900,Consumer,South,Second Class,29167
US-2016-136987,2016-04-11,AR-10540,Consumer,West,Second Class,645244
US-2016-137008,2016-10-02,JP-15460,Corporate,East,Standard Class,14687
US-2016-137533,2016-12-18,JK-15640,Home Office,East,Same Day,20736
US-2016-137960,2016-12-18,MW-18220,Consumer,East,Same Day,16624
US-2016-138093,2016-12-10,KM-16225,Corporate,East,Standard Class,75268
US-2016-138121,2016-12-17,JL-15835,Consumer,Central,Same Day,123361
US-2016-138303,2016-09-03,MG-18145,Consumer,East,Standard Class,755096
US-2016-138716,2016-09-17,CS-11845,Corporate,West,First Class,25032
US-2016-138919,2016-09-17,LS-16975,Home Office,East,Standard Class,34422
US-2016-139675,2016-03-13,NF-18595,Home Office,West,Second Class,947912
US-2016-139759,2016-08-25,NL-18310,Home Office,West,Standard Class,51380
US-2016-140200,2016-07-26,CA-12775,Consumer,West,First Class,393165
US-2016-140851,2016-07-13,ND-18460,Corporate,South,Second Class,3888
US-2016-141453,2016-11-30,DB-13270,Home Office,Central,Second Class,3882
US-2016-141684,2016-06-29,MM-18055,Consumer,East,Standard Class,2496
US-2016-142020,2016-06-04,TC-21535,Home Office,East,Second Class,6572
US-2016-142811,2016-04-02,JL-15850,Consumer,West,Standard Class,878
US-2016-144771,2016-10-02,CK-12205,Consumer,West,First Class,16336
US-2016-145121,2016-10-02,MP-17965,Corporate,East,Standard Class,269
US-2016-145422,2016-12-03,PW-19240,Consumer,West,Standard Class,359499
US-2016-145436,2016-02-28,VD-21670,Consumer,South,Standard Class,551264
US-2016-146745,2016-09-03,AS-10630,Home Office,West,Standard Class,135936
US-2016-147242,2016-09-10,EH-13765,Corporate,East,Standard Class,70274
US-2016-147662,2016-02-14,KB-16315,Consumer,East,Standard Class,427548
US-2016-147739,2016-12-25,JD-16150,Corporate,East,Standard Class,547136
US-2016-148817,2016-12-01,KD-16495,Corporate,South,Standard Class,12564
US-2016-149629,2016-07-17,MP-17965,Corporate,South,Second Class,23192
US-2016-149692,2016-12-06,KW-16435,Consumer,Central,Standard Class,2772
US-2016-150161,2016-07-25,RB-19795,Home Office,East,Standard Class,25176
US-2016-150231,2016-03-16,JK-15640,Home Office,East,Second Class,1752
US-2016-150630,2016-09-17,TB-21520,Consumer,East,Standard Class,417205
US-2016-151407,2016-11-08,RD-19585,Consumer,Central,Standard Class,26396
US-2016-152128,2016-05-25,NM-18445,Home Office,Central,Second Class,14920
US-2016-153283,2016-11-12,EB-14110,Consumer,East,Standard Class,1556
US-2016-153374,2016-02-09,JF-15565,Consumer,Central,Second Class,479952
US-2016-153500,2016-07-03,DG-13300,Corporate,East,First Class,452024
US-2016-154389,2016-11-27,EH-14125,Home Office,East,Standard Class,748752
US-2016-155369,2016-04-19,PG-18820,Consumer,Central,Standard Class,329960
US-2016-156496,2016-08-10,WB-21850,Consumer,West,Standard Class,711784
US-2016-156797,2016-08-11,PO-19180,Home Office,East,Standard Class,1334
US-2016-156867,2016-11-13,LC-16870,Consumer,West,Standard Class,286014
US-2016-157014,2016-10-03,BM-11785,Consumer,East,Second Class,54764
US-2016-157154,2016-01-10,MM-17920,Consumer,East,Standard Class,1018104
US-2016-158589,2016-11-20,KW-16570,Consumer,West,Standard Class,3204
US-2016-158911,2016-07-05,RS-19765,Corporate,South,Standard Class,16712
US-2016-159499,2016-11-21,EM-14095,Corporate,West,Second Class,350628
US-2016-159513,2016-04-02,JD-15790,Consumer,West,Standard Class,71976
US-2016-159982,2016-11-28,DR-12880,Corporate,Central,Standard Class,747796
US-2016-160150,2016-07-19,TS-21085,Consumer,West,First Class,2025
US-2016-160563,2016-10-20,NS-18640,Corporate,West,Standard Class,25599
US-2016-160857,2016-05-08,NW-18400,Consumer,East,Standard Class,2973389
US-2016-161347,2016-09-13,HG-14845,Consumer,East,Standard Class,2412
US-2016-161466,2016-09-24,ON-18715,Corporate,East,Second Class,6848
US-2016-161991,2016-09-26,SC-20725,Consumer,Central,Second Class,11352
US-2016-163279,2016-03-22,JD-16150,Corporate,West,Standard Class,1507724
US-2016-163433,2016-04-18,MP-17965,Corporate,Central,Second Class,544410
US-2016-163685,2016-06-01,KE-16420,Corporate,Central,Standard Class,9952
US-2016-163783,2016-12-27,DR-12940,Home Office,Central,Standard Class,12672
US-2016-163825,2016-06-16,LC-16885,Consumer,East,First Class,3063774
US-2016-164175,2016-04-30,PS-18970,Home Office,Central,Standard Class,213115
US-2016-164238,2016-08-16,JW-15955,Consumer,East,Standard Class,74835
US-2016-164308,2016-09-24,SC-20680,Home Office,Central,First Class,82194
US-2016-164357,2016-11-25,SF-20065,Consumer,South,Standard Class,1312
US-2016-164448,2016-10-31,DK-12835,Corporate,West,Second Class,54243
US-2016-164966,2016-07-30,GH-14410,Home Office,Central,First Class,15588
US-2016-165449,2016-11-22,AP-10720,Home Office,Central,Standard Class,27168
US-2016-165512,2016-05-24,VS-21820,Consumer,Central,Second Class,610307
US-2016-165743,2016-11-20,MM-18055,Consumer,West,Second Class,160272
US-2016-166520,2016-07-16,KE-16420,Corporate,East,First Class,14087
US-2016-167220,2016-12-12,JB-15925,Consumer,Central,Standard Class,22368
US-2016-168704,2016-04-13,FP-14320,Consumer,Central,Standard Class,512346
US-2016-168732,2016-12-10,KM-16660,Consumer,South,Standard Class,12964
US-2016-168914,2016-05-21,JE-15745,Consumer,Central,Standard Class,20768
US-2016-168935,2016-11-27,DO-13435,Consumer,South,Standard Class,3838551
US-2017-100405,2017-08-26,TS-21430,Corporate,West,Second Class,826
US-2017-100419,2017-12-16,CC-12670,Consumer,Central,Second Class,4788
US-2017-100461,2017-01-08,JO-15145,Corporate,Central,Standard Class,167193
US-2017-100566,2017-09-03,JK-16120,Home Office,Central,Standard Class,83952
US-2017-100720,2017-07-16,CK-12205,Consumer,East,Standard Class,638942
US-2017-100839,2017-10-13,NC-18625,Corporate,West,Standard Class,75241
US-2017-101196,2017-05-12,FM-14215,Corporate,East,Standard Class,82368
US-2017-101497,2017-09-29,PS-18760,Consumer,West,Second Class,1897
US-2017-101616,2017-09-03,CY-12745,Corporate,South,First Class,8728
US-2017-102141,2017-08-26,KD-16615,Corporate,East,Standard Class,146688
US-2017-102232,2017-08-05,MF-17665,Corporate,South,Standard Class,19705
US-2017-102239,2017-05-05,LW-16990,Corporate,West,First Class,174316
US-2017-103646,2017-04-21,SP-20545,Corporate,Central,Standard Class,195976
US-2017-104794,2017-12-16,KD-16495,Corporate,East,First Class,368
US-2017-104815,2017-09-03,RB-19570,Consumer,Central,Standard Class,198744
US-2017-105452,2017-07-28,BF-11005,Home Office,Central,Standard Class,30519
US-2017-105578,2017-05-30,MY-17380,Corporate,West,Standard Class,853950
US-2017-105830,2017-12-31,DB-13660,Consumer,East,First Class,156512
US-2017-106313,2017-08-22,DG-13300,Corporate,West,Standard Class,1944
US-2017-106600,2017-04-08,RM-19375,Consumer,South,First Class,3549
US-2017-106677,2017-11-05,AS-10285,Corporate,East,Standard Class,23988
US-2017-107440,2017-04-16,BS-11365,Corporate,East,Standard Class,911242
US-2017-108098,2017-10-14,CP-12340,Corporate,West,Standard Class,177
US-2017-108455,2017-12-02,MK-18160,Consumer,West,Standard Class,10025
US-2017-108497,2017-06-14,MH-17290,Home Office,West,Same Day,599165
US-2017-108504,2017-02-05,PP-18955,Home Office,South,Same Day,207551
US-2017-108637,2017-03-13,AB-10060,Home Office,South,Standard Class,28866
US-2017-108777,2017-12-12,JM-15655,Corporate,East,Same Day,402645
US-2017-109260,2017-09-26,TN-21040,Home Office,South,Standard Class,431976
US-2017-110156,2017-11-19,EH-13945,Consumer,Central,Standard Class,222202
US-2017-110170,2017-09-27,HM-14860,Corporate,Central,Standard Class,9566648
US-2017-111290,2017-07-22,DK-13375,Consumer,Central,Standard Class,108196
US-2017-111528,2017-12-30,JP-16135,Home Office,West,Same Day,54516
US-2017-111563,2017-11-04,SM-20005,Consumer,Central,Standard Class,77488
US-2017-112396,2017-02-09,JR-16210,Corporate,West,Standard Class,12183
US-2017-112970,2017-11-14,TB-21250,Consumer,West,First Class,984
US-2017-112977,2017-03-10,CJ-12010,Consumer,East,Standard Class,176784
US-2017-113509,2017-03-15,PL-18925,Home Office,East,Standard Class,83976
US-2017-113649,2017-08-09,HA-14920,Consumer,South,First Class,645136
US-2017-113677,2017-11-13,CM-12655,Home Office,East,Standard Class,229490
US-2017-113985,2017-12-02,KD-16495,Corporate,West,Standard Class,130937
US-2017-114013,2017-03-13,SC-20770,Corporate,East,Second Class,261347
US-2017-114174,2017-09-08,AP-10720,Home Office,East,Standard Class,18870
US-2017-114230,2017-11-27,CM-12235,Consumer,West,Standard Class,39808
US-2017-114293,2017-11-21,JH-16180,Consumer,West,Standard Class,195136
US-2017-114622,2017-04-10,JR-16210,Corporate,East,First Class,8904
US-2017-114776,2017-12-06,GG-14650,Corporate,West,First Class,1944
US-2017-114888,2017-09-19,CC-12430,Home Office,West,Second Class,12576
US-2017-115455,2017-09-08,SE-20110,Consumer,Central,Standard Class,74283
US-2017-115819,2017-04-19,JO-15280,Consumer,West,Second Class,17466
US-2017-115952,2017-10-06,JH-15910,Consumer,Central,Same Day,2885
US-2017-116365,2017-01-03,CA-12310,Corporate,Central,Standard Class,22760
US-2017-116400,2017-10-22,EB-13930,Consumer,South,First Class,3992
US-2017-116442,2017-12-15,BP-11230,Consumer,West,Standard Class,1476
US-2017-116729,2017-12-25,GK-14620,Corporate,West,First Class,2605904
US-2017-117037,2017-05-17,LW-17215,Consumer,Central,First Class,61321
US-2017-117387,2017-10-27,PA-19060,Home Office,West,Standard Class,67136
US-2017-117541,2017-11-14,JM-16195,Consumer,East,Standard Class,3637
US-2017-117793,2017-08-23,MA-17560,Home Office,Central,Standard Class,5706
US-2017-118780,2017-09-10,PN-18775,Home Office,East,Second Class,6617
US-2017-119046,2017-06-02,EH-13765,Corporate,West,Standard Class,65898
US-2017-119270,2017-03-12,SW-20245,Consumer,West,Standard Class,1998
US-2017-119298,2017-11-25,EP-13915,Consumer,South,First Class,5998
US-2017-120460,2017-04-30,BF-11170,Home Office,Central,Standard Class,22608
US-2017-120929,2017-03-18,RO-19780,Consumer,South,Second Class,189882
US-2017-121013,2017-09-05,MM-17920,Consumer,South,Standard Class,167800
US-2017-122182,2017-03-10,BD-11770,Consumer,East,Standard Class,39992
US-2017-122245,2017-09-25,AB-10105,Consumer,West,Standard Class,393165
US-2017-123470,2017-08-15,ME-17725,Consumer,West,Standard Class,141210
US-2017-123610,2017-05-12,VM-21835,Consumer,West,Standard Class,987
US-2017-123750,2017-04-15,RB-19795,Home Office,South,Standard Class,632296
US-2017-124163,2017-09-25,SC-20695,Corporate,Central,Standard Class,77359
US-2017-125969,2017-11-06,LS-16975,Home Office,West,Second Class,105280
US-2017-126431,2017-07-01,SU-20665,Home Office,East,Same Day,13643
US-2017-126452,2017-08-21,SC-20230,Corporate,West,Standard Class,2972453
US-2017-126844,2017-10-08,BW-11110,Corporate,Central,Standard Class,51712
US-2017-126893,2017-11-26,CT-11995,Consumer,East,Standard Class,494982
US-2017-127334,2017-12-15,MP-18175,Home Office,West,Standard Class,651363
US-2017-127425,2017-08-26,DR-12880,Corporate,East,Standard Class,25028
US-2017-127971,2017-11-20,DW-13195,Corporate,Central,Standard Class,51203
US-2017-128195,2017-08-04,RA-19285,Consumer,Central,First Class,398
US-2017-128293,2017-06-02,KC-16255,Corporate,East,First Class,64784
US-2017-128678,2017-09-15,RB-19570,Consumer,West,Standard Class,48878
US-2017-128902,2017-03-11,MB-18085,Consumer,East,Standard Class,244006
US-2017-128909,2017-10-09,SP-20545,Corporate,East,Second Class,351968
US-2017-129469,2017-09-23,KL-16555,Corporate,East,Standard Class,537616
US-2017-131058,2017-12-27,EM-14140,Home Office,West,Standard Class,2016
US-2017-131114,2017-12-09,RW-19630,Corporate,Central,Second Class,26828
US-2017-131149,2017-07-10,LH-17155,Consumer,Central,Standard Class,49228
US-2017-131611,2017-11-05,EP-13915,Consumer,Central,Standard Class,10463124
US-2017-131674,2017-11-29,NC-18535,Corporate,Central,Second Class,58416
US-2017-131891,2017-07-29,PW-19240,Consumer,South,First Class,2214
US-2017-131912,2017-10-29,LH-17155,Consumer,West,Second Class,11744
US-2017-132423,2017-04-15,MY-18295,Corporate,Central,Standard Class,34292
US-2017-132577,2017-11-22,JE-15475,Consumer,Central,Standard Class,60440
US-2017-132857,2017-12-11,CA-12775,Consumer,South,Standard Class,6672
US-2017-133508,2017-04-17,SW-20350,Home Office,Central,Standard Class,2905
US-2017-133879,2017-03-21,KT-16465,Consumer,Central,Standard Class,69403
US-2017-134369,2017-09-16,BC-11125,Home Office,West,Standard Class,1296
US-2017-134488,2017-09-24,PK-19075,Consumer,East,Standard Class,155372
US-2017-134656,2017-09-28,MM-18280,Corporate,Central,First Class,99136
US-2017-134761,2017-11-30,DB-13210,Consumer,South,Same Day,36192
US-2017-134908,2017-06-05,JS-15940,Home Office,East,Standard Class,125364
US-2017-135209,2017-12-29,MH-17290,Home Office,South,Second Class,62752
US-2017-135720,2017-12-11,FM-14380,Consumer,West,Second Class,545350
US-2017-135923,2017-01-22,CM-11935,Consumer,South,Standard Class,530272
US-2017-136581,2017-11-10,SV-20365,Consumer,East,First Class,31104
US-2017-137295,2017-01-08,VS-21820,Consumer,South,Standard Class,187228
US-2017-137547,2017-03-07,EB-13705,Corporate,Central,Standard Class,21072
US-2017-138408,2017-11-18,KC-16255,Corporate,South,Second Class,131996
US-2017-139087,2017-07-17,DK-13375,Consumer,West,Second Class,57324
US-2017-139262,2017-02-21,LC-16960,Home Office,South,Standard Class,439704
US-2017-139388,2017-11-07,CC-12475,Consumer,East,First Class,1496
US-2017-139486,2017-05-21,LH-17155,Consumer,West,First Class,61802
US-2017-139710,2017-06-09,GM-14680,Consumer,West,Standard Class,17748
US-2017-140158,2017-10-04,DR-12940,Home Office,East,Standard Class,541486
US-2017-140172,2017-03-08,SP-20650,Corporate,Central,Standard Class,207283
US-2017-140809,2017-02-01,CK-12760,Corporate,South,First Class,5645
US-2017-141264,2017-08-13,CT-11995,Consumer,Central,Standard Class,244300
US-2017-141544,2017-08-30,PO-18850,Consumer,East,First Class,1179654
US-2017-141880,2017-08-22,TC-21475,Home Office,West,First Class,98328
US-2017-142251,2017-10-31,FO-14305,Consumer,South,Second Class,32064
US-2017-142685,2017-06-23,MG-17695,Consumer,East,Standard Class,83517
US-2017-143280,2017-02-22,TZ-21580,Consumer,West,Standard Class,49285
US-2017-143448,2017-12-10,MH-17455,Consumer,Central,Same Day,14249
US-2017-143819,2017-03-01,KD-16270,Consumer,East,Standard Class,1365515
US-2017-144057,2017-05-09,CV-12805,Corporate,Central,Standard Class,944816
US-2017-144211,2017-08-28,CS-12130,Consumer,West,Standard Class,110124
US-2017-144351,2017-11-14,RC-19960,Consumer,East,Standard Class,8997
US-2017-144393,2017-10-28,SM-20950,Corporate,South,Standard Class,17616
US-2017-144477,2017-08-12,DB-13270,Home Office,East,Second Class,37312
US-2017-144547,2017-11-10,MS-17770,Consumer,Central,Standard Class,279944
US-2017-146066,2017-08-21,RB-19465,Home Office,East,Second Class,815292
US-2017-146570,2017-05-15,SN-20710,Home Office,South,Standard Class,61214
US-2017-146710,2017-08-27,SS-20875,Consumer,Central,Standard Class,68472
US-2017-146794,2017-09-26,SH-19975,Corporate,West,Standard Class,4249575
US-2017-146857,2017-05-06,BE-11455,Home Office,Central,Second Class,5448
US-2017-147340,2017-09-24,EB-13750,Corporate,West,Same Day,632
US-2017-147711,2017-09-03,HF-14995,Consumer,East,Second Class,43094
US-2017-147991,2017-05-05,ZD-21925,Consumer,South,Standard Class,1672
US-2017-148110,2017-09-05,AR-10825,Corporate,Central,Standard Class,347802
US-2017-148334,2017-08-22,DD-13570,Consumer,Central,Standard Class,4312
US-2017-148803,2017-12-11,LR-16915,Consumer,South,Same Day,85224
US-2017-148901,2017-05-14,MK-17905,Corporate,South,Standard Class,138512
US-2017-148957,2017-09-17,CC-12430,Home Office,West,Standard Class,1232
US-2017-149790,2017-09-26,SC-20380,Consumer,Central,Standard Class,15624
US-2017-150035,2017-12-01,CL-11890,Consumer,West,Standard Class,1674
US-2017-150140,2017-04-06,VM-21685,Home Office,East,Standard Class,129475
US-2017-150147,2017-04-25,JL-15850,Consumer,East,Second Class,26448
US-2017-150357,2017-10-10,EB-13975,Corporate,South,Standard Class,24703
US-2017-150567,2017-05-17,RP-19855,Corporate,South,Standard Class,29970
US-2017-150861,2017-12-03,EG-13900,Consumer,East,First Class,964376
US-2017-151260,2017-12-11,SC-20695,Corporate,East,First Class,73536
US-2017-151827,2017-03-31,CS-11950,Consumer,East,Second Class,312766
US-2017-151862,2017-03-01,ON-18715,Corporate,West,Standard Class,159984
US-2017-152051,2017-06-25,TS-21160,Corporate,East,Standard Class,714498
US-2017-152373,2017-09-05,PT-19090,Consumer,Central,Standard Class,93456
US-2017-152415,2017-09-17,PO-18865,Consumer,East,Standard Class,20664
US-2017-152835,2017-05-19,RP-19855,Corporate,Central,Standard Class,214
US-2017-153129,2017-12-26,FP-14320,Consumer,West,Standard Class,339
US-2017-153815,2017-11-06,KL-16555,Corporate,South,First Class,368432
US-2017-154256,2017-06-23,SM-20005,Consumer,East,Second Class,2583
US-2017-154361,2017-03-14,HZ-14950,Consumer,East,Standard Class,2188
US-2017-155103,2017-12-02,JF-15190,Consumer,East,Standard Class,455904
US-2017-155173,2017-03-06,JB-16045,Home Office,East,Standard Class,113475
US-2017-155180,2017-01-22,TB-21280,Consumer,East,Standard Class,26336
US-2017-155404,2017-09-22,AS-10630,Home Office,South,Standard Class,1328
US-2017-155768,2017-12-01,LB-16795,Home Office,West,Same Day,117261
US-2017-155971,2017-06-06,RB-19795,Home Office,West,Standard Class,3204
US-2017-156097,2017-09-19,EH-14125,Home Office,Central,Same Day,703680
US-2017-156692,2017-08-13,HG-15025,Consumer,South,Same Day,8932
US-2017-156986,2017-03-20,ZC-21910,Consumer,West,Standard Class,132709
US-2017-157308,2017-08-17,NM-18520,Consumer,West,Standard Class,15712
US-2017-157490,2017-10-06,LB-16795,Home Office,West,First Class,107047
US-2017-157840,2017-12-20,MC-17575,Consumer,Central,Second Class,339
US-2017-157945,2017-09-26,NF-18385,Consumer,Central,Standard Class,756486
US-2017-158288,2017-11-26,EH-13945,Consumer,East,Second Class,78759
US-2017-158309,2017-11-26,PA-19060,Home Office,South,First Class,3744
US-2017-158680,2017-07-01,NZ-18565,Home Office,West,First Class,2496
US-2017-158708,2017-06-26,AB-10255,Home Office,Central,Second Class,13616
US-2017-159093,2017-05-09,RS-19420,Corporate,West,Standard Class,3204
US-2017-159415,2017-04-17,CS-12175,Corporate,South,Standard Class,7912
US-2017-159856,2017-10-18,EP-13915,Consumer,West,Standard Class,30792
US-2017-160206,2017-04-01,MY-18295,Corporate,Central,Standard Class,1299
US-2017-160528,2017-08-23,MH-18115,Home Office,Central,Standard Class,756568
US-2017-161396,2017-04-19,GM-14455,Home Office,East,Standard Class,209370
US-2017-161683,2017-12-03,CJ-12010,Consumer,East,Standard Class,413008
US-2017-161844,2017-12-09,DK-12835,Corporate,South,Second Class,82920
US-2017-162026,2017-10-08,JE-15745,Consumer,West,Same Day,6196
US-2017-162103,2017-11-13,LB-16795,Home Office,Central,Standard Class,3136
US-2017-162677,2017-03-26,DB-13210,Consumer,South,First Class,126740
US-2017-162852,2017-12-27,BG-11695,Corporate,Central,Standard Class,845488
US-2017-162859,2017-02-15,PG-18820,Consumer,East,Standard Class,399224
US-2017-163258,2017-12-29,PF-19225,Consumer,West,Standard Class,11232
US-2017-163461,2017-06-18,BT-11440,Consumer,Central,First Class,76864
US-2017-163538,2017-08-26,SS-20515,Home Office,Central,Standard Class,4797
US-2017-163881,2017-11-24,SP-20860,Corporate,West,Standard Class,1747343
US-2017-164189,2017-03-24,DR-12880,Corporate,West,Standard Class,403168
US-2017-164196,2017-11-11,AS-10285,Corporate,Central,Standard Class,267894
US-2017-164588,2017-04-16,AP-10915,Consumer,South,Standard Class,1284
US-2017-164630,2017-01-04,EB-13975,Corporate,South,Standard Class,959968
US-2017-164945,2017-11-22,CA-12055,Home Office,East,Standard Class,134272
US-2017-165078,2017-11-05,MA-17995,Home Office,Central,Standard Class,10192
US-2017-165505,2017-01-23,CB-12535,Corporate,East,Standard Class,167231
US-2017-165953,2017-12-31,EP-13915,Consumer,South,Standard Class,49964
US-2017-166660,2017-01-30,TB-21250,Consumer,West,Second Class,440026
US-2017-167339,2017-01-21,TD-20995,Consumer,West,Second Class,1167056
US-2017-167472,2017-06-06,CK-12595,Consumer,South,First Class,67887
US-2017-168095,2017-07-15,MC-17425,Corporate,West,Standard Class,33580
US-2017-168410,2017-02-21,BV-11245,Corporate,East,Standard Class,40530
US-2017-168620,2017-12-24,RB-19795,Home Office,South,Second Class,593498
US-2017-169040,2017-12-06,GT-14710,Consumer,West,Standard Class,726078
US-2017-169369,2017-12-12,EC-14050,Consumer,South,Standard Class,29907
US-2018-100048,2018-05-19,RS-19765,Corporate,East,Standard Class,88929
US-2018-100209,2018-07-09,TD-20995,Consumer,West,Standard Class,108
US-2018-100398,2018-08-19,DO-13435,Consumer,West,Standard Class,10272
US-2018-100482,2018-04-11,JL-15130,Consumer,East,Standard Class,19480
US-2018-100930,2018-04-07,CS-12400,Home Office,South,Standard Class,7110907
US-2018-101518,2018-11-03,PB-19105,Consumer,East,Standard Class,40776
US-2018-101539,2018-03-16,VM-21685,Home Office,West,Second Class,665275
US-2018-101721,2018-07-23,MY-17380,Corporate,Central,Standard Class,63312
US-2018-101784,2018-07-06,PO-18850,Consumer,West,Standard Class,122136
US-2018-101840,2018-02-06,SP-20545,Corporate,East,Standard Class,27370
US-2018-102183,2018-08-21,PK-19075,Consumer,East,Standard Class,4337640
US-2018-102288,2018-06-19,ZC-21910,Consumer,Central,Standard Class,148884
US-2018-102638,2018-12-29,MC-17845,Consumer,East,First Class,603
US-2018-102890,2018-06-30,SG-20470,Consumer,East,Same Day,104463
US-2018-102904,2018-11-13,CB-12025,Consumer,South,Standard Class,23992
US-2018-103226,2018-09-22,DW-13195,Corporate,West,Standard Class,2718
US-2018-103247,2018-10-05,PO-19195,Home Office,East,Second Class,91885
US-2018-103814,2018-12-09,LH-16900,Consumer,Central,Standard Class,143856
US-2018-103828,2018-08-13,JK-15370,Consumer,West,Same Day,20667
US-2018-104094,2018-09-07,AG-10675,Consumer,Central,Standard Class,1348
US-2018-104437,2018-01-27,TG-21310,Consumer,East,Standard Class,13794
US-2018-104451,2018-05-08,MM-18055,Consumer,West,Second Class,8108
US-2018-104661,2018-01-15,TB-21250,Consumer,Central,First Class,147636
US-2018-104955,2018-03-19,CG-12040,Home Office,East,Standard Class,2891
US-2018-105046,2018-07-17,BE-11335,Home Office,East,Standard Class,31905
US-2018-105389,2018-10-23,DM-13015,Consumer,Central,Second Class,96232
US-2018-105697,2018-08-25,JE-15715,Consumer,East,First Class,25696
US-2018-105935,2018-01-26,BD-11500,Consumer,South,Standard Class,300265
US-2018-105998,2018-11-03,CR-12580,Home Office,West,First Class,1693159
US-2018-106131,2018-01-14,TP-21565,Corporate,West,First Class,337688
US-2018-106145,2018-09-26,RA-19885,Corporate,West,Same Day,944580
US-2018-106551,2018-07-22,EB-13930,Consumer,Central,Standard Class,526344
US-2018-106579,2018-06-08,BW-11200,Consumer,Central,Standard Class,12176
US-2018-106663,2018-06-09,MO-17800,Home Office,Central,Standard Class,169253
US-2018-106705,2018-12-26,PO-18850,Consumer,Central,Standard Class,4475
US-2018-106796,2018-05-12,JP-16135,Home Office,East,Standard Class,10272
US-2018-107272,2018-11-05,TS-21610,Consumer,West,Standard Class,246380
US-2018-107384,2018-12-04,TP-21130,Consumer,Central,Standard Class,41511
US-2018-107636,2018-04-30,NM-18520,Consumer,East,First Class,576
US-2018-107888,2018-11-16,CC-12220,Consumer,West,First Class,35477
US-2018-107979,2018-06-08,FO-14305,Consumer,West,Standard Class,197300
US-2018-108014,2018-11-19,JH-15430,Consumer,East,Standard Class,59913
US-2018-108063,2018-12-02,AS-10090,Consumer,South,First Class,3465
US-2018-108245,2018-09-22,SH-19975,Corporate,Central,Standard Class,24620
US-2018-108315,2018-04-30,MH-18115,Home Office,South,Standard Class,225546
US-2018-108343,2018-07-20,AR-10825,Corporate,East,Standard Class,183492
US-2018-108700,2018-05-19,PJ-18835,Corporate,Central,Standard Class,38016
US-2018-109253,2018-08-21,PR-18880,Consumer,West,First Class,1158071
US-2018-109316,2018-06-08,MG-17680,Home Office,West,First Class,1499418
US-2018-109484,2018-11-06,RB-19705,Home Office,West,Standard Class,5682
US-2018-109582,2018-09-12,JM-15865,Consumer,West,Second Class,16644
US-2018-109610,2018-11-25,BS-11590,Corporate,South,Second Class,70196
US-2018-110149,2018-12-10,WB-21850,Consumer,East,First Class,12065
US-2018-110576,2018-11-28,RB-19795,Home Office,East,Standard Class,1771148
US-2018-110604,2018-05-15,JF-15295,Consumer,West,Standard Class,68716
US-2018-110646,2018-10-26,JF-15190,Consumer,East,Standard Class,46623
US-2018-110989,2018-11-03,EJ-14155,Consumer,West,Second Class,435
US-2018-110996,2018-11-20,KA-16525,Consumer,West,Standard Class,28392
US-2018-111024,2018-07-03,SZ-20035,Home Office,East,Second Class,251140
US-2018-111241,2018-08-20,GM-14500,Consumer,West,Second Class,23912
US-2018-111423,2018-08-17,EH-13765,Corporate,East,First Class,552156
US-2018-111745,2018-11-05,RA-19885,Corporate,West,First Class,15999
US-2018-111920,2018-10-22,PS-18970,Home Office,Central,Standard Class,3644
US-2018-112347,2018-12-02,BS-11380,Corporate,West,Standard Class,1047988
US-2018-112613,2018-05-28,JH-15910,Consumer,Central,Standard Class,54368
US-2018-112928,2018-06-01,BB-10990,Corporate,East,Second Class,1748
US-2018-113201,2018-06-30,TT-21220,Consumer,West,Standard Class,20495
US-2018-113852,2018-07-29,GW-14605,Consumer,West,Standard Class,9057
US-2018-113992,2018-12-14,LC-16885,Consumer,Central,Standard Class,974988
US-2018-114034,2018-01-03,DL-13315,Consumer,West,Standard Class,3888
US-2018-114356,2018-08-20,TT-21460,Home Office,South,Standard Class,3596
US-2018-114657,2018-11-16,MH-18115,Home Office,East,Standard Class,5244
US-2018-115252,2018-10-20,MY-18295,Corporate,South,Standard Class,30336
US-2018-115301,2018-07-29,VG-21790,Consumer,West,Standard Class,11596
US-2018-115595,2018-10-09,XP-21865,Consumer,West,First Class,352
US-2018-115609,2018-11-02,CS-12505,Consumer,West,Standard Class,1681
US-2018-116491,2018-11-11,PG-18820,Consumer,Central,First Class,35184
US-2018-116505,2018-11-17,TB-21625,Consumer,East,Second Class,438
US-2018-116652,2018-09-15,RD-19480,Consumer,West,Standard Class,238228
US-2018-116659,2018-11-12,NG-18355,Corporate,East,Same Day,370782
US-2018-116701,2018-12-17,LC-17140,Consumer,Central,Second Class,66284
US-2018-116897,2018-05-27,JG-15160,Consumer,West,First Class,350126
US-2018-117247,2018-10-09,CK-12760,Corporate,Central,Standard Class,131890
US-2018-117331,2018-10-21,ND-18370,Consumer,West,Standard Class,8559
US-2018-117450,2018-09-04,DO-13645,Consumer,South,Standard Class,107552
US-2018-117534,2018-03-25,CV-12295,Consumer,West,First Class,728950
US-2018-117723,2018-08-15,DL-13495,Corporate,East,Second Class,1801632
US-2018-118038,2018-12-09,KB-16600,Corporate,Central,First Class,13680
US-2018-118087,2018-09-09,SP-20620,Corporate,East,Standard Class,2370849
US-2018-118157,2018-11-14,AW-10930,Home Office,Central,First Class,1528
US-2018-118535,2018-02-11,DJ-13510,Corporate,East,Standard Class,207
US-2018-118556,2018-05-28,TH-21235,Corporate,Central,Second Class,110433
US-2018-118598,2018-11-16,CM-12190,Consumer,East,Same Day,11994
US-2018-118941,2018-08-12,BB-11545,Corporate,East,Same Day,21750
US-2018-119039,2018-03-06,BF-11170,Home Office,West,Standard Class,14976
US-2018-119319,2018-11-06,LC-17050,Consumer,Central,Second Class,3056
US-2018-119438,2018-03-18,CD-11980,Consumer,Central,Standard Class,296022
US-2018-119662,2018-11-13,CS-12400,Home Office,Central,First Class,230376
US-2018-119816,2018-03-04,TT-21460,Home Office,Central,Second Class,4371
US-2018-120089,2018-11-30,ML-17755,Home Office,East,Same Day,663936
US-2018-120147,2018-03-30,TB-21400,Consumer,West,Same Day,165400
US-2018-120390,2018-10-19,TH-21550,Home Office,South,Standard Class,1633188
US-2018-120418,2018-06-11,BC-11125,Home Office,West,First Class,589508
US-2018-120607,2018-05-19,JC-15775,Consumer,South,Same Day,19564
US-2018-120649,2018-01-20,JF-15490,Consumer,East,Standard Class,352
US-2018-120908,2018-09-30,BF-10975,Corporate,East,First Class,20664
US-2018-121251,2018-03-26,GM-14440,Consumer,East,First Class,269564
US-2018-122637,2018-09-03,EP-13915,Consumer,Central,Second Class,42616
US-2018-122672,2018-11-04,HG-14965,Corporate,East,Standard Class,201424
US-2018-122714,2018-12-07,HG-14965,Corporate,Central,Standard Class,188999
US-2018-123204,2018-07-21,CS-11860,Consumer,East,Standard Class,1748
US-2018-123281,2018-04-02,JF-15190,Consumer,West,Standard Class,2511
US-2018-123463,2018-12-23,GZ-14470,Consumer,West,Same Day,1348
US-2018-123834,2018-07-21,GM-14500,Consumer,Central,Standard Class,124404
US-2018-123862,2018-01-07,JF-15190,Consumer,West,Second Class,33280
US-2018-124303,2018-07-06,FH-14365,Corporate,East,Standard Class,19002
US-2018-124779,2018-09-08,BF-11020,Corporate,Central,First Class,430455
US-2018-124821,2018-06-25,AM-10705,Consumer,West,Second Class,8714
US-2018-124926,2018-11-13,ME-17320,Home Office,Central,Second Class,9324
US-2018-124968,2018-09-08,MM-18055,Consumer,Central,Second Class,765625
US-2018-125213,2018-12-11,NB-18655,Corporate,East,First Class,654
US-2018-125647,2018-09-23,LC-16870,Consumer,Central,Standard Class,133896
US-2018-125717,2018-09-28,DS-13030,Home Office,West,First Class,535264
US-2018-125808,2018-11-12,EP-13915,Consumer,West,Second Class,1156
US-2018-126053,2018-12-05,CS-11950,Consumer,East,First Class,5141
US-2018-126060,2018-04-14,DW-13585,Corporate,South,Standard Class,198272
US-2018-126081,2018-06-29,FC-14335,Corporate,Central,Standard Class,5184
US-2018-126179,2018-07-03,CS-12460,Consumer,South,Standard Class,31196
US-2018-127292,2018-01-19,RM-19375,Consumer,East,Standard Class,63718
US-2018-127341,2018-01-29,CK-12595,Consumer,Central,Standard Class,12128
US-2018-127719,2018-07-21,TW-21025,Home Office,East,Standard Class,648
US-2018-128118,2018-11-24,MY-17380,Corporate,South,Standard Class,76521
US-2018-128398,2018-05-02,EM-13825,Corporate,West,Second Class,15956
US-2018-128447,2018-11-10,MC-17845,Consumer,West,Standard Class,32800
US-2018-128832,2018-04-24,LS-16945,Corporate,East,First Class,6998
US-2018-128951,2018-07-15,RS-19420,Corporate,South,First Class,106584
US-2018-129203,2018-04-17,BM-11575,Corporate,Central,Standard Class,195136
US-2018-129224,2018-03-17,AS-10630,Home Office,South,Standard Class,4608
US-2018-129441,2018-09-07,JC-15340,Consumer,West,Standard Class,4794
US-2018-129777,2018-07-03,FM-14290,Home Office,East,Standard Class,5045
US-2018-130603,2018-09-30,SC-20050,Home Office,Central,Standard Class,11646
US-2018-130687,2018-09-07,PF-19225,Consumer,West,First Class,466406
US-2018-130953,2018-07-29,RF-19735,Consumer,Central,Standard Class,93574
US-2018-131583,2018-06-10,CL-11890,Consumer,East,Same Day,40032
US-2018-131849,2018-06-06,GH-14410,Home Office,West,Standard Class,759
US-2018-131961,2018-12-08,MJ-17740,Consumer,East,First Class,97236
US-2018-132031,2018-04-23,PN-18775,Home Office,South,Standard Class,510499
US-2018-132059,2018-09-23,AP-10915,Consumer,West,Standard Class,228572
US-2018-132206,2018-06-16,MK-17905,Corporate,Central,Standard Class,5936
US-2018-132220,2018-11-12,DJ-13510,Corporate,West,Standard Class,62352
US-2018-132297,2018-05-27,DW-13480,Home Office,South,Standard Class,59831
US-2018-132381,2018-08-22,Dp-13240,Home Office,East,First Class,314532
US-2018-132444,2018-11-18,CD-12280,Consumer,West,First Class,48558
US-2018-132675,2018-09-24,KF-16285,Home Office,South,Standard Class,6725
US-2018-132927,2018-12-09,RD-19720,Consumer,East,Standard Class,11088
US-2018-133081,2018-03-11,PV-18985,Home Office,East,Standard Class,9060
US-2018-133200,2018-05-06,DB-13555,Corporate,Central,Standard Class,6313022
US-2018-133312,2018-11-25,BD-11500,Consumer,West,Standard Class,360547
US-2018-133361,2018-05-14,AJ-10780,Corporate,East,First Class,36162
US-2018-133781,2018-06-22,DC-12850,Consumer,South,First Class,37608
US-2018-134481,2018-08-27,AR-10405,Corporate,East,Standard Class,1488424
US-2018-134642,2018-02-25,SW-20245,Consumer,South,Standard Class,219976
US-2018-135013,2018-07-24,HR-14830,Corporate,West,Same Day,239996
US-2018-135062,2018-08-31,RL-19615,Consumer,South,Second Class,229544
US-2018-135230,2018-09-01,CK-12325,Home Office,West,Standard Class,758
US-2018-135503,2018-12-10,JE-16165,Corporate,South,Standard Class,1476
US-2018-135986,2018-06-20,PG-18895,Consumer,South,Standard Class,50720
US-2018-136189,2018-12-07,DC-13285,Consumer,South,Standard Class,8238
US-2018-136679,2018-11-14,XP-21865,Consumer,Central,Standard Class,172456
US-2018-136707,2018-11-12,JE-15610,Corporate,West,First Class,14016
US-2018-136721,2018-04-08,NH-18610,Corporate,Central,Standard Class,30465
US-2018-136784,2018-04-30,AD-10180,Home Office,West,Standard Class,16396
US-2018-136868,2018-10-06,CR-12820,Home Office,East,Standard Class,68191
US-2018-137491,2018-11-19,LC-16930,Corporate,Central,Standard Class,305312
US-2018-138086,2018-04-16,JO-15550,Home Office,West,Standard Class,4074
US-2018-139465,2018-08-27,MR-17545,Home Office,East,First Class,78189
US-2018-139577,2018-10-01,TN-21040,Home Office,West,Standard Class,10475
US-2018-139647,2018-05-11,TS-21370,Corporate,West,First Class,209979
US-2018-139955,2018-09-28,CM-12160,Consumer,Central,Second Class,1744
US-2018-139969,2018-11-19,AF-10870,Consumer,Central,Standard Class,233058
US-2018-140074,2018-03-23,EC-14050,Consumer,East,Standard Class,2568
US-2018-140312,2018-11-13,KL-16645,Consumer,West,Standard Class,22
US-2018-140907,2018-12-10,BP-11185,Corporate,West,Second Class,9981
US-2018-141509,2018-09-29,SC-20575,Consumer,West,First Class,992
US-2018-141558,2018-03-11,MH-17290,Home Office,East,Standard Class,249071
US-2018-141677,2018-03-26,HK-14890,Corporate,Central,Standard Class,448144
US-2018-141698,2018-04-15,SD-20485,Home Office,Central,Standard Class,20736
US-2018-141852,2018-11-09,JE-15745,Consumer,West,Standard Class,4712
US-2018-141943,2018-05-05,DK-12985,Consumer,West,Standard Class,2316
US-2018-142188,2018-09-11,JF-15415,Consumer,West,Same Day,341832
US-2018-142573,2018-07-18,ML-17410,Consumer,West,Standard Class,505312
US-2018-143028,2018-04-11,SC-20050,Home Office,Central,Standard Class,11364
US-2018-143175,2018-08-03,GA-14515,Consumer,West,Second Class,9987
US-2018-143770,2018-03-20,RD-19720,Consumer,East,Standard Class,6434
US-2018-144582,2018-04-30,TC-21475,Home Office,Central,Standard Class,43372
US-2018-145366,2018-12-09,CA-12310,Corporate,East,Standard Class,94784
US-2018-145597,2018-11-02,GG-14650,Corporate,Central,First Class,54336
US-2018-145863,2018-04-21,RP-19390,Consumer,Central,Standard Class,5628
US-2018-146213,2018-09-09,MC-17605,Corporate,West,Standard Class,15996
US-2018-146416,2018-10-20,JE-16165,Corporate,West,Second Class,21303
US-2018-146822,2018-06-09,AG-10675,Consumer,South,Standard Class,4912
US-2018-146878,2018-09-21,DL-12865,Consumer,South,Standard Class,12294
US-2018-146906,2018-03-13,MT-17815,Consumer,East,Standard Class,2999
US-2018-147221,2018-12-02,JS-16030,Consumer,Central,Second Class,38214
US-2018-147655,2018-09-04,AS-10045,Corporate,West,First Class,88074
US-2018-147669,2018-12-25,SV-20935,Consumer,East,Standard Class,238569
US-2018-147886,2018-03-28,DH-13075,Corporate,West,First Class,143596
US-2018-147984,2018-01-28,GB-14575,Consumer,Central,Standard Class,2799
US-2018-147998,2018-05-19,SA-20830,Consumer,West,Standard Class,13312
US-2018-148054,2018-10-06,NZ-18565,Home Office,West,Standard Class,30774
US-2018-148362,2018-07-01,KF-16285,Home Office,Central,Standard Class,63983
US-2018-148551,2018-01-12,DB-13120,Corporate,Central,Standard Class,76098
US-2018-148768,2018-11-30,PN-18775,Home Office,South,Second Class,71976
US-2018-148831,2018-10-13,AH-10210,Consumer,South,First Class,34856
US-2018-148866,2018-09-19,JM-15535,Consumer,East,Standard Class,324
US-2018-149006,2018-12-06,BN-11470,Corporate,West,Second Class,1068
US-2018-149510,2018-12-03,MC-17575,Consumer,South,Standard Class,98446
US-2018-150070,2018-09-07,JA-15970,Consumer,West,Standard Class,161568
US-2018-150595,2018-05-22,LE-16810,Consumer,Central,Standard Class,205922
US-2018-150847,2018-04-30,JF-15490,Consumer,East,Standard Class,10368
US-2018-151127,2018-05-22,RL-19615,Consumer,West,First Class,4956
US-2018-151316,2018-06-24,MC-17635,Corporate,Central,Standard Class,193266
US-2018-152002,2018-06-11,DV-13465,Consumer,West,Same Day,12297
US-2018-152366,2018-04-21,SJ-20500,Consumer,Central,Second Class,97264
US-2018-152380,2018-11-19,JH-15910,Consumer,Central,Standard Class,219075
US-2018-152492,2018-07-06,AH-10585,Consumer,South,Same Day,23924
US-2018-152569,2018-05-15,JD-16015,Consumer,Central,Standard Class,57816
US-2018-152898,2018-09-11,CB-12025,Consumer,South,Standard Class,679
US-2018-153255,2018-09-03,JK-15730,Consumer,West,Second Class,239666
US-2018-153633,2018-11-13,TC-21295,Consumer,South,Second Class,2064
US-2018-153948,2018-11-06,FM-14290,Home Office,West,Same Day,12903
US-2018-154851,2018-03-30,BP-11155,Consumer,East,Standard Class,5715
US-2018-154872,2018-05-14,DP-13000,Consumer,East,Standard Class,31105
US-2018-155299,2018-06-08,Dl-13600,Corporate,Central,Standard Class,1624
US-2018-155425,2018-11-10,AB-10600,Corporate,West,First Class,1475054
US-2018-155866,2018-11-17,CC-12370,Consumer,East,Standard Class,22664
US-2018-155999,2018-08-07,JK-15370,Consumer,West,Standard Class,17372
US-2018-156083,2018-11-04,JL-15175,Home Office,South,Standard Class,9664
US-2018-156356,2018-04-16,ND-18370,Consumer,Central,Standard Class,61486
US-2018-156909,2018-07-16,SF-20065,Consumer,East,Second Class,71372
US-2018-157224,2018-09-14,JB-16000,Consumer,West,Second Class,567
US-2018-157896,2018-11-16,CB-12415,Consumer,East,Same Day,14682
US-2018-158218,2018-05-12,AC-10420,Corporate,Central,Second Class,16216
US-2018-158505,2018-07-21,SF-20200,Consumer,West,Same Day,74527
US-2018-158512,2018-01-12,DA-13450,Home Office,East,Second Class,7776
US-2018-158526,2018-12-29,KH-16360,Consumer,South,Second Class,181468
US-2018-158946,2018-11-18,JW-15220,Corporate,East,Standard Class,38864
US-2018-159205,2018-03-31,DB-12910,Home Office,South,Second Class,67254
US-2018-159562,2018-09-09,JB-16000,Consumer,Central,Standard Class,1748
US-2018-160143,2018-03-31,HG-14965,Corporate,West,Standard Class,297
US-2018-160465,2018-07-21,SW-20350,Home Office,East,Standard Class,236189
US-2018-160759,2018-12-11,AI-10855,Consumer,East,Standard Class,63686
US-2018-160836,2018-09-11,CC-12475,Consumer,Central,Standard Class,63047
US-2018-161193,2018-11-20,BT-11680,Consumer,East,Standard Class,5432
US-2018-161935,2018-07-14,JL-15835,Consumer,East,Standard Class,2185858
US-2018-162068,2018-12-28,PC-18745,Corporate,West,Second Class,1188
US-2018-162208,2018-08-27,SP-20620,Corporate,South,First Class,2896
US-2018-162558,2018-10-02,Dp-13240,Home Office,South,First Class,2395264
US-2018-162670,2018-12-23,MF-18250,Corporate,South,Second Class,115287
US-2018-163195,2018-02-17,LL-16840,Consumer,South,Second Class,2916
US-2018-163300,2018-09-15,ES-14020,Consumer,West,Standard Class,2911784
US-2018-163657,2018-09-02,JL-15235,Consumer,West,Standard Class,238400
US-2018-163790,2018-11-02,NL-18310,Home Office,West,Second Class,646413
US-2018-164056,2018-04-29,FM-14215,Corporate,East,Second Class,104835
US-2018-164147,2018-02-02,DW-13585,Corporate,East,First Class,105757
US-2018-165344,2018-11-13,SB-20290,Corporate,East,First Class,714981
US-2018-165358,2018-07-18,SV-20365,Consumer,East,Standard Class,267925
US-2018-165456,2018-11-30,TB-21625,Consumer,East,First Class,1079316
US-2018-165869,2018-07-31,LS-17200,Corporate,Central,Standard Class,17340
US-2018-166037,2018-01-28,CL-12700,Home Office,East,Standard Class,44991
US-2018-166233,2018-07-03,MO-17950,Consumer,South,Standard Class,24
US-2018-166394,2018-09-04,VM-21835,Consumer,East,Second Class,1482
US-2018-166611,2018-03-28,CK-12760,Corporate,South,Standard Class,68742
US-2018-166688,2018-05-20,RD-19480,Consumer,West,Standard Class,1132065
US-2018-167318,2018-07-26,GZ-14545,Corporate,West,Standard Class,527347
US-2018-167402,2018-01-13,CP-12085,Corporate,Central,Second Class,459017
US-2018-167570,2018-12-08,EG-13900,Consumer,East,Standard Class,215544
US-2018-167920,2018-12-09,JL-15835,Consumer,South,Second Class,163410
US-2018-168116,2018-11-04,GT-14635,Corporate,South,Same Day,816742
US-2018-168613,2018-10-08,GM-14440,Consumer,East,Standard Class,145764
US-2018-168690,2018-01-07,TS-21085,Consumer,South,Standard Class,2808
US-2018-168802,2018-11-03,JO-15145,Corporate,West,Standard Class,18368
US-2018-169320,2018-07-23,LH-16900,Consumer,Central,Second Class,17143
US-2018-169488,2018-09-07,AA-10375,Consumer,East,First Class,4165
US-2018-169502,2018-08-28,MG-17650,Home Office,Central,Standard Class,3097
US-2018-169551,2018-07-07,RL-19615,Consumer,East,First Class,791221
